address	name	size	status	label	evidence
0x00100008	entry	528	asm	platform	Ghidra 12.1.3 + ghidra-emotionengine-reloaded v2.1.37 headless export, run 2026-09-19-013 (reference/ghidra/MANIFEST.js…
0x00100230	WaitDma	112	library		SCE symbol database match (sce-symbol-scanner data via PS2Recomp, GPL-3.0): libdma WaitDma, SDK 2.5.0-3.1.0, relocation…
0x001002A0	WatchDma	132	library		SCE symbol database match (sce-symbol-scanner data via PS2Recomp, GPL-3.0): libdma WatchDma, SDK 2.5.0-3.1.0, relocatio…
0x00100328	CheckAddress	40	library		SCE symbol database match (sce-symbol-scanner data via PS2Recomp, GPL-3.0): libdma CheckAddress, SDK 2.5.0-3.1.0, reloc…
0x00100350	memclr	52	wip		SCE symbol database match (sce-symbol-scanner data via PS2Recomp, GPL-3.0): libdma memclr, SDK 1.6.1-3.1.0, relocation-…
0x00100388	sceDmaGetChan	40	library		SCE symbol database match (sce-symbol-scanner data via PS2Recomp, GPL-3.0): libdma sceDmaGetChan, SDK 1.4.2-3.1.0, relo…
0x001003B0	sceDmaReset	220	library		SCE symbol database match (sce-symbol-scanner data via PS2Recomp, GPL-3.0): libdma sceDmaReset, SDK 1.4.2-3.1.0, reloca…
0x00100490	sceDmaPutEnv	472	library		SCE symbol database match (sce-symbol-scanner data via PS2Recomp, GPL-3.0): libdma sceDmaPutEnv, SDK 1.4.2-3.1.0, reloc…
0x00100668	sceDmaGetEnv	56	library		SCE symbol database match (sce-symbol-scanner data via PS2Recomp, GPL-3.0): libdma sceDmaGetEnv, SDK 1.4.2-3.1.0, reloc…
0x001006B8	sceDmaSend	104	library		SCE symbol database match (sce-symbol-scanner data via PS2Recomp, GPL-3.0): libdma sceDmaSend, SDK 2.5.0-3.1.0, relocat…
0x00100720	sceDmaSendN	116	library		SCE symbol database match (sce-symbol-scanner data via PS2Recomp, GPL-3.0): libdma sceDmaSendN, SDK 2.5.0-3.1.0, reloca…
0x00100798	sceDmaSendI	116	library		SCE symbol database match (sce-symbol-scanner data via PS2Recomp, GPL-3.0): libdma sceDmaSendI, SDK 2.5.0-3.1.0, reloca…
0x00100810	sceDmaRecv	72	library		SCE symbol database match (sce-symbol-scanner data via PS2Recomp, GPL-3.0): libdma sceDmaRecv, SDK 2.5.0-3.1.0, relocat…
0x00100858	sceDmaRecvN	124	library		SCE symbol database match (sce-symbol-scanner data via PS2Recomp, GPL-3.0): libdma sceDmaRecvN, SDK 2.5.0-3.1.0, reloca…
0x001008D8	sceDmaRecvI	128	library		SCE symbol database match (sce-symbol-scanner data via PS2Recomp, GPL-3.0): libdma sceDmaRecvI, SDK 2.5.0-3.1.0, reloca…
0x00100958	sceDmaSync	56	library		SCE symbol database match (sce-symbol-scanner data via PS2Recomp, GPL-3.0): libdma sceDmaSync, SDK 2.5.0-3.1.0, relocat…
0x00100990	sceDmaWatch	52	library		SCE symbol database match (sce-symbol-scanner data via PS2Recomp, GPL-3.0): libdma sceDmaWatch, SDK 2.5.0-3.1.0, reloca…
0x001009C8	sceDmaPause	152	library		SCE symbol database match (sce-symbol-scanner data via PS2Recomp, GPL-3.0): libdma sceDmaPause, SDK 2.5.0-3.1.0, reloca…
0x00100A78	sceGsResetGraph	400	library		SCE symbol database match (sce-symbol-scanner data via PS2Recomp, GPL-3.0): libgraph sceGsResetGraph, SDK 2.3.0-3.1.0,…
0x00100C18	sceGsResetPath	104	library		SCE symbol database match (sce-symbol-scanner data via PS2Recomp, GPL-3.0): libgraph sceGsResetPath, SDK 1.4.2-3.1.0, r…
0x00100C80	checkModelVersion	160	library		SCE symbol database match (sce-symbol-scanner data via PS2Recomp, GPL-3.0): libgraph checkModelVersion, SDK 2.5.0-3.0.2…
0x00100D30	sceGsSetDefDispEnv	884	library		SCE symbol database match (sce-symbol-scanner data via PS2Recomp, GPL-3.0): libgraph sceGsSetDefDispEnv, SDK 2.5.0-3.0.…
0x001010A8	sceGsPutDispEnv	188	library		SCE symbol database match (sce-symbol-scanner data via PS2Recomp, GPL-3.0): libgraph sceGsPutDispEnv, SDK 1.6.1-3.0.2,…
0x00101168	sceGszbufaddr	200	library		SCE symbol database match (sce-symbol-scanner data via PS2Recomp, GPL-3.0): libgraph sceGszbufaddr, SDK 1.6.3-3.0.2, re…
0x00101230	sceGsSetDefDrawEnv	484	library		SCE symbol database match (sce-symbol-scanner data via PS2Recomp, GPL-3.0): libgraph sceGsSetDefDrawEnv, SDK 1.4.2-3.0.…
0x00101418	sceGsSetDefClear	260	library		SCE symbol database match (sce-symbol-scanner data via PS2Recomp, GPL-3.0): libgraph sceGsSetDefClear, SDK 1.4.2-3.0.2,…
0x00101520	sceGsPutDrawEnv	232	library		SCE symbol database match (sce-symbol-scanner data via PS2Recomp, GPL-3.0): libgraph sceGsPutDrawEnv, SDK 1.4.2-2.5.7,…
0x00101608	sceGsSetDefDBuff	664	library		SCE symbol database match (sce-symbol-scanner data via PS2Recomp, GPL-3.0): libgraph sceGsSetDefDBuff, SDK 2.0.2-3.0.2,…
0x001018A0	sceGsSwapDBuff	92	library		SCE symbol database match (sce-symbol-scanner data via PS2Recomp, GPL-3.0): libgraph sceGsSwapDBuff, SDK 1.5.0-3.0.2, r…
0x00101900	sceGsSyncV	148	library		SCE symbol database match (sce-symbol-scanner data via PS2Recomp, GPL-3.0): libgraph sceGsSyncV, SDK 1.6.1-3.1.0, reloc…
0x00101998	sceGsSyncPath	788	library		SCE symbol database match (sce-symbol-scanner data via PS2Recomp, GPL-3.0): libgraph sceGsSyncPath, SDK 2.5.0-3.0.2, re…
0x00101CB0	sceGsSetDefStoreImage	320	library		SCE symbol database match (sce-symbol-scanner data via PS2Recomp, GPL-3.0): libgraph sceGsSetDefStoreImage, SDK 1.5.1-3…
0x00101DF0	sceGsExecStoreImage	1676	library		SCE symbol database match (sce-symbol-scanner data via PS2Recomp, GPL-3.0): libgraph sceGsExecStoreImage, SDK 2.8.0-3.0…
0x00102480	sceGsSyncVCallback	160	library		SCE symbol database match (sce-symbol-scanner data via PS2Recomp, GPL-3.0): libgraph sceGsSyncVCallback, SDK 2.3.0-3.1.…
0x001025A8	sceGsSetDefDrawEnv2	480	library		SCE symbol database match (sce-symbol-scanner data via PS2Recomp, GPL-3.0): libgraph sceGsSetDefDrawEnv2, SDK 1.4.2-3.0…
0x00102788	sceGsSwapDBuffDc	92	library		SCE symbol database match (sce-symbol-scanner data via PS2Recomp, GPL-3.0): libgraph sceGsSwapDBuffDc, SDK 1.4.2-3.0.2,…
0x001027E8	setD3_CHCR	116	library		SCE symbol database match (sce-symbol-scanner data via PS2Recomp, GPL-3.0): libipu setD3_CHCR, SDK 2.6.0-3.1.0, relocat…
0x001028D8	sceIpuStopDMA	228	library		SCE symbol database match (sce-symbol-scanner data via PS2Recomp, GPL-3.0): libipu sceIpuStopDMA, SDK 2.2.0-3.1.0, relo…
0x001029C0	sceIpuRestartDMA	336	library		SCE symbol database match (sce-symbol-scanner data via PS2Recomp, GPL-3.0): libipu sceIpuRestartDMA, SDK 2.2.0-3.1.0, r…
0x00102B10	sceIpuSync	104	library		SCE symbol database match (sce-symbol-scanner data via PS2Recomp, GPL-3.0): libipu sceIpuSync, SDK 1.5.0-3.1.0, relocat…
0x00102BF0	sceIpuInit	568	library		SCE symbol database match (sce-symbol-scanner data via PS2Recomp, GPL-3.0): libipu sceIpuInit, SDK 2.2.0-3.1.0, relocat…
0x00102E60	SetGsCrt	16	library		Ghidra 12.1.3 + ghidra-emotionengine-reloaded v2.1.37 headless export, run 2026-09-19-013 (reference/ghidra/MANIFEST.js…
0x00102E80	_Exit	16	library		Ghidra 12.1.3 + ghidra-emotionengine-reloaded v2.1.37 headless export, run 2026-09-19-013 (reference/ghidra/MANIFEST.js…
0x00102EA0	_LoadExecPS2	16	library		Ghidra 12.1.3 + ghidra-emotionengine-reloaded v2.1.37 headless export, run 2026-09-19-013 (reference/ghidra/MANIFEST.js…
0x00102F10	SetVTLBRefillHandler	16	library		Ghidra 12.1.3 + ghidra-emotionengine-reloaded v2.1.37 headless export, run 2026-09-19-013 (reference/ghidra/MANIFEST.js…
0x00102F60	RemoveIntcHandler	16	library		Ghidra 12.1.3 + ghidra-emotionengine-reloaded v2.1.37 headless export, run 2026-09-19-013 (reference/ghidra/MANIFEST.js…
0x00102F90	RemoveDmacHandler	16	library		Ghidra 12.1.3 + ghidra-emotionengine-reloaded v2.1.37 headless export, run 2026-09-19-013 (reference/ghidra/MANIFEST.js…
0x00102FA0	_EnableIntc	16	library		Ghidra 12.1.3 + ghidra-emotionengine-reloaded v2.1.37 headless export, run 2026-09-19-013 (reference/ghidra/MANIFEST.js…
0x00102FB0	_DisableIntc	16	library		Ghidra 12.1.3 + ghidra-emotionengine-reloaded v2.1.37 headless export, run 2026-09-19-013 (reference/ghidra/MANIFEST.js…
0x00102FC0	_EnableDmac	16	library		Ghidra 12.1.3 + ghidra-emotionengine-reloaded v2.1.37 headless export, run 2026-09-19-013 (reference/ghidra/MANIFEST.js…
0x00102FD0	_DisableDmac	16	library		Ghidra 12.1.3 + ghidra-emotionengine-reloaded v2.1.37 headless export, run 2026-09-19-013 (reference/ghidra/MANIFEST.js…
0x00102FE0	SetAlarm	16	library		Ghidra 12.1.3 + ghidra-emotionengine-reloaded v2.1.37 headless export, run 2026-09-19-013 (reference/ghidra/MANIFEST.js…
0x00103000	_iEnableIntc	16	library		Ghidra 12.1.3 + ghidra-emotionengine-reloaded v2.1.37 headless export, run 2026-09-19-013 (reference/ghidra/MANIFEST.js…
0x00103010	_iDisableIntc	16	library		Ghidra 12.1.3 + ghidra-emotionengine-reloaded v2.1.37 headless export, run 2026-09-19-013 (reference/ghidra/MANIFEST.js…
0x00103020	_iEnableDmac	16	library		Ghidra 12.1.3 + ghidra-emotionengine-reloaded v2.1.37 headless export, run 2026-09-19-013 (reference/ghidra/MANIFEST.js…
0x00103030	_iDisableDmac	16	library		Ghidra 12.1.3 + ghidra-emotionengine-reloaded v2.1.37 headless export, run 2026-09-19-013 (reference/ghidra/MANIFEST.js…
0x00103060	CreateThread	16	library		Ghidra 12.1.3 + ghidra-emotionengine-reloaded v2.1.37 headless export, run 2026-09-19-013 (reference/ghidra/MANIFEST.js…
0x00103070	DeleteThread	16	library		Ghidra 12.1.3 + ghidra-emotionengine-reloaded v2.1.37 headless export, run 2026-09-19-013 (reference/ghidra/MANIFEST.js…
0x00103080	_StartThread	16	library		Ghidra 12.1.3 + ghidra-emotionengine-reloaded v2.1.37 headless export, run 2026-09-19-013 (reference/ghidra/MANIFEST.js…
0x001030A0	ExitDeleteThread	16	library		Ghidra 12.1.3 + ghidra-emotionengine-reloaded v2.1.37 headless export, run 2026-09-19-013 (reference/ghidra/MANIFEST.js…
0x001030B0	TerminateThread	16	library		Ghidra 12.1.3 + ghidra-emotionengine-reloaded v2.1.37 headless export, run 2026-09-19-013 (reference/ghidra/MANIFEST.js…
0x001030F0	ChangeThreadPriority	16	library		Ghidra 12.1.3 + ghidra-emotionengine-reloaded v2.1.37 headless export, run 2026-09-19-013 (reference/ghidra/MANIFEST.js…
0x00103110	RotateThreadReadyQueue	16	library		Ghidra 12.1.3 + ghidra-emotionengine-reloaded v2.1.37 headless export, run 2026-09-19-013 (reference/ghidra/MANIFEST.js…
0x00103150	GetThreadId	16	library		Ghidra 12.1.3 + ghidra-emotionengine-reloaded v2.1.37 headless export, run 2026-09-19-013 (reference/ghidra/MANIFEST.js…
0x00103160	ReferThreadStatus	16	library		Ghidra 12.1.3 + ghidra-emotionengine-reloaded v2.1.37 headless export, run 2026-09-19-013 (reference/ghidra/MANIFEST.js…
0x00103170	iReferThreadStatus	16	library		Ghidra 12.1.3 + ghidra-emotionengine-reloaded v2.1.37 headless export, run 2026-09-19-013 (reference/ghidra/MANIFEST.js…
0x00103180	SleepThread	16	library		Ghidra 12.1.3 + ghidra-emotionengine-reloaded v2.1.37 headless export, run 2026-09-19-013 (reference/ghidra/MANIFEST.js…
0x00103190	WakeupThread	16	library		Ghidra 12.1.3 + ghidra-emotionengine-reloaded v2.1.37 headless export, run 2026-09-19-013 (reference/ghidra/MANIFEST.js…
0x001031A0	_iWakeupThread	16	library		Ghidra 12.1.3 + ghidra-emotionengine-reloaded v2.1.37 headless export, run 2026-09-19-013 (reference/ghidra/MANIFEST.js…
0x001031D0	SuspendThread	16	library		Ghidra 12.1.3 + ghidra-emotionengine-reloaded v2.1.37 headless export, run 2026-09-19-013 (reference/ghidra/MANIFEST.js…
0x001031E0	_iSuspendThread	16	library		Ghidra 12.1.3 + ghidra-emotionengine-reloaded v2.1.37 headless export, run 2026-09-19-013 (reference/ghidra/MANIFEST.js…
0x001031F0	ResumeThread	16	library		Ghidra 12.1.3 + ghidra-emotionengine-reloaded v2.1.37 headless export, run 2026-09-19-013 (reference/ghidra/MANIFEST.js…
0x00103240	EndOfHeap	16	library		Ghidra 12.1.3 + ghidra-emotionengine-reloaded v2.1.37 headless export, run 2026-09-19-013 (reference/ghidra/MANIFEST.js…
0x00103260	CreateSema	16	library		Ghidra 12.1.3 + ghidra-emotionengine-reloaded v2.1.37 headless export, run 2026-09-19-013 (reference/ghidra/MANIFEST.js…
0x00103270	DeleteSema	16	library		Ghidra 12.1.3 + ghidra-emotionengine-reloaded v2.1.37 headless export, run 2026-09-19-013 (reference/ghidra/MANIFEST.js…
0x00103280	SignalSema	16	library		Ghidra 12.1.3 + ghidra-emotionengine-reloaded v2.1.37 headless export, run 2026-09-19-013 (reference/ghidra/MANIFEST.js…
0x00103290	iSignalSema	16	library		Ghidra 12.1.3 + ghidra-emotionengine-reloaded v2.1.37 headless export, run 2026-09-19-013 (reference/ghidra/MANIFEST.js…
0x001032A0	WaitSema	16	library		Ghidra 12.1.3 + ghidra-emotionengine-reloaded v2.1.37 headless export, run 2026-09-19-013 (reference/ghidra/MANIFEST.js…
0x001032B0	PollSema	16	library		Ghidra 12.1.3 + ghidra-emotionengine-reloaded v2.1.37 headless export, run 2026-09-19-013 (reference/ghidra/MANIFEST.js…
0x00103300	SetOsdConfigParam	16	library		Ghidra 12.1.3 + ghidra-emotionengine-reloaded v2.1.37 headless export, run 2026-09-19-013 (reference/ghidra/MANIFEST.js…
0x00103310	GetOsdConfigParam	16	library		Ghidra 12.1.3 + ghidra-emotionengine-reloaded v2.1.37 headless export, run 2026-09-19-013 (reference/ghidra/MANIFEST.js…
0x001034E0	FlushCache	16	library		Ghidra 12.1.3 + ghidra-emotionengine-reloaded v2.1.37 headless export, run 2026-09-19-013 (reference/ghidra/MANIFEST.js…
0x00103530	sceSifStopDma	16	library		Ghidra 12.1.3 + ghidra-emotionengine-reloaded v2.1.37 headless export, run 2026-09-19-013 (reference/ghidra/MANIFEST.js…
0x00103570	GetOsdConfigParam2	16	library		Ghidra 12.1.3 + ghidra-emotionengine-reloaded v2.1.37 headless export, run 2026-09-19-013 (reference/ghidra/MANIFEST.js…
0x00103580	GsGetIMR	16	library		Ghidra 12.1.3 + ghidra-emotionengine-reloaded v2.1.37 headless export, run 2026-09-19-013 (reference/ghidra/MANIFEST.js…
0x001035A0	GsPutIMR	16	library		Ghidra 12.1.3 + ghidra-emotionengine-reloaded v2.1.37 headless export, run 2026-09-19-013 (reference/ghidra/MANIFEST.js…
0x001035D0	SetVSyncFlag	16	library		Ghidra 12.1.3 + ghidra-emotionengine-reloaded v2.1.37 headless export, run 2026-09-19-013 (reference/ghidra/MANIFEST.js…
0x00103600	sceSifDmaStat	16	library		Ghidra 12.1.3 + ghidra-emotionengine-reloaded v2.1.37 headless export, run 2026-09-19-013 (reference/ghidra/MANIFEST.js…
0x00103620	sceSifSetDma	16	library		Ghidra 12.1.3 + ghidra-emotionengine-reloaded v2.1.37 headless export, run 2026-09-19-013 (reference/ghidra/MANIFEST.js…
0x00103630	isceSifSetDma	16	library		Ghidra 12.1.3 + ghidra-emotionengine-reloaded v2.1.37 headless export, run 2026-09-19-013 (reference/ghidra/MANIFEST.js…
0x00103640	sceSifSetDChain	16	library		Ghidra 12.1.3 + ghidra-emotionengine-reloaded v2.1.37 headless export, run 2026-09-19-013 (reference/ghidra/MANIFEST.js…
0x00103650	isceSifSetDChain	16	library		Ghidra 12.1.3 + ghidra-emotionengine-reloaded v2.1.37 headless export, run 2026-09-19-013 (reference/ghidra/MANIFEST.js…
0x00103660	sceSifSetReg	16	library		Ghidra 12.1.3 + ghidra-emotionengine-reloaded v2.1.37 headless export, run 2026-09-19-013 (reference/ghidra/MANIFEST.js…
0x00103670	sceSifGetReg	16	library		Ghidra 12.1.3 + ghidra-emotionengine-reloaded v2.1.37 headless export, run 2026-09-19-013 (reference/ghidra/MANIFEST.js…
0x00103680	_ExecOSD	16	library		Ghidra 12.1.3 + ghidra-emotionengine-reloaded v2.1.37 headless export, run 2026-09-19-013 (reference/ghidra/MANIFEST.js…
0x00103690	Deci2Call	16	library		Ghidra 12.1.3 + ghidra-emotionengine-reloaded v2.1.37 headless export, run 2026-09-19-013 (reference/ghidra/MANIFEST.js…
0x001036C0	GetMemorySize	16	library		Ghidra 12.1.3 + ghidra-emotionengine-reloaded v2.1.37 headless export, run 2026-09-19-013 (reference/ghidra/MANIFEST.js…
0x001036D0	_InitTLB	16	library		Ghidra 12.1.3 + ghidra-emotionengine-reloaded v2.1.37 headless export, run 2026-09-19-013 (reference/ghidra/MANIFEST.js…
0x001036F0	VSync	144	library		SCE symbol database match (sce-symbol-scanner data via PS2Recomp, GPL-3.0): libkernl VSync, SDK 2.3.2-3.1.0, relocation…
0x00103780	VSync2	164	library		SCE symbol database match (sce-symbol-scanner data via PS2Recomp, GPL-3.0): libkernl VSync2, SDK 2.3.2-3.1.0, relocatio…
0x00103828	write	124	library		SCE symbol database match (sce-symbol-scanner data via PS2Recomp, GPL-3.0): libkernl write, SDK 1.4.2-3.1.0, relocation…
0x001038A8	read	116	library		SCE symbol database match (sce-symbol-scanner data via PS2Recomp, GPL-3.0): libkernl read, SDK 1.4.2-3.1.0, relocation-…
0x00103960	sbrk	172	library		SCE symbol database match (sce-symbol-scanner data via PS2Recomp, GPL-3.0): libkernl sbrk, SDK 2.1.3-3.1.0, relocation-…
0x00103A38	kill	40	library		SCE symbol database match (sce-symbol-scanner data via PS2Recomp, GPL-3.0): libkernl kill, SDK 1.4.2-3.1.0, relocation-…
0x00103AB0	_sceSDC	164	library		SCE symbol database match (sce-symbol-scanner data via PS2Recomp, GPL-3.0): libkernl _sceSDC, SDK 1.4.2-3.1.0, relocati…
0x00103BF0	_sceIDC	164	library		SCE symbol database match (sce-symbol-scanner data via PS2Recomp, GPL-3.0): libkernl _sceIDC, SDK 1.5.3-3.1.0, relocati…
0x00104128	iWakeupThread	148	library		SCE symbol database match (sce-symbol-scanner data via PS2Recomp, GPL-3.0): libkernl iWakeupThread, SDK 2.1.3-3.1.0, re…
0x001041C0	iRotateThreadReadyQueue	124	library		SCE symbol database match (sce-symbol-scanner data via PS2Recomp, GPL-3.0): libkernl iRotateThreadReadyQueue, SDK 2.1.3…
0x00104240	iSuspendThread	152	library		SCE symbol database match (sce-symbol-scanner data via PS2Recomp, GPL-3.0): libkernl iSuspendThread, SDK 2.1.3-3.1.0, r…
0x001042D8	DelayThread	200	library		SCE symbol database match (sce-symbol-scanner data via PS2Recomp, GPL-3.0): libkernl DelayThread, SDK 2.8.0-3.1.0, relo…
0x001043A0	StartThread	376	library		SCE symbol database match (sce-symbol-scanner data via PS2Recomp, GPL-3.0): libkernl StartThread, SDK 3.0.0-3.1.0, relo…
0x00104518	_DelayThreadHandler	40	library		SCE symbol database match (sce-symbol-scanner data via PS2Recomp, GPL-3.0): libkernl _DelayThreadHandler, SDK 2.8.0-3.1…
0x00104540	sceDeci2Open	68	library		SCE symbol database match (sce-symbol-scanner data via PS2Recomp, GPL-3.0): libkernl sceDeci2Open, SDK 1.6.1-3.1.0, rel…
0x00104588	sceDeci2Close	36	library		SCE symbol database match (sce-symbol-scanner data via PS2Recomp, GPL-3.0): libkernl sceDeci2Close, SDK 1.4.2-3.1.0, re…
0x001045B0	sceDeci2ReqSend	48	library		SCE symbol database match (sce-symbol-scanner data via PS2Recomp, GPL-3.0): libkernl sceDeci2ReqSend, SDK 1.4.2-3.1.0,…
0x001045E0	sceDeci2Poll	36	library		SCE symbol database match (sce-symbol-scanner data via PS2Recomp, GPL-3.0): libkernl sceDeci2Poll, SDK 1.4.2-3.1.0, rel…
0x00104608	sceDeci2GrpOpen	48	library		SCE symbol database match (sce-symbol-scanner data via PS2Recomp, GPL-3.0): libkernl sceDeci2GrpOpen, SDK 2.8.0-3.1.0,…
0x00104638	sceDeci2GrpClose	36	library		SCE symbol database match (sce-symbol-scanner data via PS2Recomp, GPL-3.0): libkernl sceDeci2GrpClose, SDK 2.8.0-3.1.0,…
0x00104660	sceDeci2ExRecv	52	library		SCE symbol database match (sce-symbol-scanner data via PS2Recomp, GPL-3.0): libkernl sceDeci2ExRecv, SDK 1.4.2-3.1.0, r…
0x00104698	sceDeci2ExSend	52	library		SCE symbol database match (sce-symbol-scanner data via PS2Recomp, GPL-3.0): libkernl sceDeci2ExSend, SDK 1.4.2-3.1.0, r…
0x001046D0	sceDeci2ExReqSend	48	library		SCE symbol database match (sce-symbol-scanner data via PS2Recomp, GPL-3.0): libkernl sceDeci2ExReqSend, SDK 1.4.2-3.1.0…
0x00104700	sceDeci2ExLock	36	library		SCE symbol database match (sce-symbol-scanner data via PS2Recomp, GPL-3.0): libkernl sceDeci2ExLock, SDK 1.4.2-3.1.0, r…
0x00104728	sceDeci2ExUnLock	36	library		SCE symbol database match (sce-symbol-scanner data via PS2Recomp, GPL-3.0): libkernl sceDeci2ExUnLock, SDK 1.4.2-3.1.0,…
0x00104750	kputs	36	library		SCE symbol database match (sce-symbol-scanner data via PS2Recomp, GPL-3.0): libkernl kputs, SDK 1.4.2-3.1.0, relocation…
0x001047A0	QueuePeekWriteDone	60	library		SCE symbol database match (sce-symbol-scanner data via PS2Recomp, GPL-3.0): libkernl QueuePeekWriteDone, SDK 1.4.2-3.1.…
0x001047E0	QueuePeekReadDone	60	library		SCE symbol database match (sce-symbol-scanner data via PS2Recomp, GPL-3.0): libkernl QueuePeekReadDone, SDK 1.4.2-3.1.0…
0x00104820	sceTtyHandler	404	library		SCE symbol database match (sce-symbol-scanner data via PS2Recomp, GPL-3.0): libkernl sceTtyHandler, SDK 2.0.0-3.1.0, re…
0x001049B8	sceTtyWrite	372	library		SCE symbol database match (sce-symbol-scanner data via PS2Recomp, GPL-3.0): libkernl sceTtyWrite, SDK 2.8.0-3.1.0, relo…
0x00104B30	sceTtyRead	208	library		SCE symbol database match (sce-symbol-scanner data via PS2Recomp, GPL-3.0): libkernl sceTtyRead, SDK 2.0.0-3.1.0, reloc…
0x00104C00	sceTtyInit	188	library		SCE symbol database match (sce-symbol-scanner data via PS2Recomp, GPL-3.0): libkernl sceTtyInit, SDK 1.4.2-3.1.0, reloc…
0x00104CC0	kputchar	56	library		SCE symbol database match (sce-symbol-scanner data via PS2Recomp, GPL-3.0): libkernl kputchar, SDK 2.0.0-3.1.0, relocat…
0x00104CF8	deci2Putchar	176	library		SCE symbol database match (sce-symbol-scanner data via PS2Recomp, GPL-3.0): libkernl deci2Putchar, SDK 2.0.0-3.1.0, rel…
0x00104DA8	serialPutchar	52	library		SCE symbol database match (sce-symbol-scanner data via PS2Recomp, GPL-3.0): libkernl serialPutchar, SDK 1.4.2-3.1.0, re…
0x00104DE0	ftoi	144	library		SCE symbol database match (sce-symbol-scanner data via PS2Recomp, GPL-3.0): libkernl ftoi, SDK 1.4.2-3.1.0, relocation-…
0x00104E70	printfloat	472	library		SCE symbol database match (sce-symbol-scanner data via PS2Recomp, GPL-3.0): libkernl printfloat, SDK 3.0.0-3.1.0, reloc…
0x00105048	_sceSnprintf	3348	library		SCE symbol database match (sce-symbol-scanner data via PS2Recomp, GPL-3.0): libkernl _sceSnprintf, SDK 3.0.0-3.1.0, rel…
0x00105D60	snprintf_char	88	library		SCE symbol database match (sce-symbol-scanner data via PS2Recomp, GPL-3.0): libkernl snprintf_char, SDK 3.0.0-3.1.0, re…
0x00105E08	_sceSnprintf_pf	76	library		SCE symbol database match (sce-symbol-scanner data via PS2Recomp, GPL-3.0): libkernl _sceSnprintf_pf, SDK 3.0.0-3.1.0,…
0x00105E58	sceVsnprintf	56	library		SCE symbol database match (sce-symbol-scanner data via PS2Recomp, GPL-3.0): libkernl sceVsnprintf, SDK 3.0.0-3.1.0, rel…
0x00105E90	sceSnprintf	72	library		SCE symbol database match (sce-symbol-scanner data via PS2Recomp, GPL-3.0): libkernl sceSnprintf, SDK 3.0.0-3.1.0, relo…
0x00105ED8	sceVprintf	112	library		SCE symbol database match (sce-symbol-scanner data via PS2Recomp, GPL-3.0): libkernl sceVprintf, SDK 3.0.0-3.1.0, reloc…
0x00105F48	sceCdChgSys	128	library		the caller func_00355250 prints an error naming this call (D_00507258); it is its only unnamed SDK callee
0x001060C0	sceSifSetDmaInternal	200	library		SCE symbol database match (sce-symbol-scanner data via PS2Recomp, GPL-3.0): libkernl sceSifSetDmaInternal, SDK 3.1.0, r…
0x00106248	sceSifInitCmd	640	library		SCE symbol database match (sce-symbol-scanner data via PS2Recomp, GPL-3.0): libkernl sceSifInitCmd, SDK 2.8.0-3.1.0, re…
0x001064C8	sceSifExitCmd	52	library		SCE symbol database match (sce-symbol-scanner data via PS2Recomp, GPL-3.0): libkernl sceSifExitCmd, SDK 2.0.0-3.1.0, re…
0x00106530	sceSifAddCmdHandler	120	library		SCE symbol database match (sce-symbol-scanner data via PS2Recomp, GPL-3.0): libkernl sceSifAddCmdHandler, SDK 2.8.0-3.1…
0x001065A8	sceSifRemoveCmdHandler	76	library		SCE symbol database match (sce-symbol-scanner data via PS2Recomp, GPL-3.0): libkernl sceSifRemoveCmdHandler, SDK 2.8.0-…
0x001065F8	_sceSifSendCmd	308	library		SCE symbol database match (sce-symbol-scanner data via PS2Recomp, GPL-3.0): libkernl _sceSifSendCmd, SDK 3.1.0, relocat…
0x00106730	sceSifSendCmd	60	library		SCE symbol database match (sce-symbol-scanner data via PS2Recomp, GPL-3.0): libkernl sceSifSendCmd, SDK 1.4.2-3.1.0, re…
0x00106770	isceSifSendCmd	60	library		SCE symbol database match (sce-symbol-scanner data via PS2Recomp, GPL-3.0): libkernl isceSifSendCmd, SDK 1.4.2-3.1.0, r…
0x001067B0	_sceSifCmdIntrHdlr	328	library		SCE symbol database match (sce-symbol-scanner data via PS2Recomp, GPL-3.0): libkernl _sceSifCmdIntrHdlr, SDK 2.8.0-3.1.…
0x00106C38	_sceRpcGetFPacket	48	library		SCE symbol database match (sce-symbol-scanner data via PS2Recomp, GPL-3.0): libkernl _sceRpcGetFPacket, SDK 1.4.2-3.1.0…
0x00106C68	_sceRpcGetFPacket2	64	library		SCE symbol database match (sce-symbol-scanner data via PS2Recomp, GPL-3.0): libkernl _sceRpcGetFPacket2, SDK 1.4.2-3.1.…
0x00106CA8	_request_end	204	library		SCE symbol database match (sce-symbol-scanner data via PS2Recomp, GPL-3.0): libkernl _request_end, SDK 2.8.0-3.1.0, rel…
0x00106D78	_alarm_rdata	64	library		SCE symbol database match (sce-symbol-scanner data via PS2Recomp, GPL-3.0): libkernl _alarm_rdata, SDK 2.8.0-3.1.0, rel…
0x00106DB8	_request_rdata	208	library		SCE symbol database match (sce-symbol-scanner data via PS2Recomp, GPL-3.0): libkernl _request_rdata, SDK 2.8.0-3.1.0, r…
0x00106E88	sceSifGetOtherData	356	library		SCE symbol database match (sce-symbol-scanner data via PS2Recomp, GPL-3.0): libkernl sceSifGetOtherData, SDK 3.0.0-3.1.…
0x00106FF0	_search_svdata	76	library		SCE symbol database match (sce-symbol-scanner data via PS2Recomp, GPL-3.0): libkernl _search_svdata, SDK 1.4.2-3.1.0, r…
0x00107040	_alarm_bind	64	library		SCE symbol database match (sce-symbol-scanner data via PS2Recomp, GPL-3.0): libkernl _alarm_bind, SDK 2.8.0-3.1.0, relo…
0x00107080	_request_bind	204	library		SCE symbol database match (sce-symbol-scanner data via PS2Recomp, GPL-3.0): libkernl _request_bind, SDK 2.8.0-3.1.0, re…
0x00107150	sceSifBindRpc	332	library		SCE symbol database match (sce-symbol-scanner data via PS2Recomp, GPL-3.0): libkernl sceSifBindRpc, SDK 3.0.0-3.1.0, re…
0x001072A0	_request_call	140	library		SCE symbol database match (sce-symbol-scanner data via PS2Recomp, GPL-3.0): libkernl _request_call, SDK 1.6.1-3.1.0, re…
0x00107330	sceSifCallRpc	512	library		SCE symbol database match (sce-symbol-scanner data via PS2Recomp, GPL-3.0): libkernl sceSifCallRpc, SDK 3.0.0-3.1.0, re…
0x00107530	sceSifCheckStatRpc	60	library		SCE symbol database match (sce-symbol-scanner data via PS2Recomp, GPL-3.0): libkernl sceSifCheckStatRpc, SDK 1.4.2-3.1.…
0x00107570	sceSifSetRpcQueue	148	library		SCE symbol database match (sce-symbol-scanner data via PS2Recomp, GPL-3.0): libkernl sceSifSetRpcQueue, SDK 2.2.0-3.1.0…
0x00107608	sceSifRegisterRpc	208	library		SCE symbol database match (sce-symbol-scanner data via PS2Recomp, GPL-3.0): libkernl sceSifRegisterRpc, SDK 2.2.0-3.1.0…
0x001076D8	sceSifRemoveRpc	148	library		SCE symbol database match (sce-symbol-scanner data via PS2Recomp, GPL-3.0): libkernl sceSifRemoveRpc, SDK 2.2.0-3.1.0,…
0x00107770	sceSifRemoveRpcQueue	144	library		SCE symbol database match (sce-symbol-scanner data via PS2Recomp, GPL-3.0): libkernl sceSifRemoveRpcQueue, SDK 2.2.0-3.…
0x00107800	sceSifGetNextRequest	88	library		SCE symbol database match (sce-symbol-scanner data via PS2Recomp, GPL-3.0): libkernl sceSifGetNextRequest, SDK 2.2.0-3.…
0x00107858	sceSifExecRequest	452	library		SCE symbol database match (sce-symbol-scanner data via PS2Recomp, GPL-3.0): libkernl sceSifExecRequest, SDK 2.2.0-3.1.0…
0x00107A20	sceSifRpcLoop	64	library		SCE symbol database match (sce-symbol-scanner data via PS2Recomp, GPL-3.0): libkernl sceSifRpcLoop, SDK 1.4.2-3.1.0, re…
0x00107A60	_sceFsIobSemaMK	112	library		SCE symbol database match (sce-symbol-scanner data via PS2Recomp, GPL-3.0): libkernl _sceFsIobSemaMK, SDK 3.0.0-3.1.0,…
0x00107AD0	use_iob_cnt	124	library		SCE symbol database match (sce-symbol-scanner data via PS2Recomp, GPL-3.0): libkernl use_iob_cnt, SDK 3.0.0-3.1.0, relo…
0x00107B50	new_iob	136	library		SCE symbol database match (sce-symbol-scanner data via PS2Recomp, GPL-3.0): libkernl new_iob, SDK 2.2.0-3.1.0, relocati…
0x00107BD8	sceFsSifCallRpc	236	library		SCE symbol database match (sce-symbol-scanner data via PS2Recomp, GPL-3.0): libkernl sceFsSifCallRpc, SDK 3.0.0-3.1.0,…
0x00107CC8	get_iob	108	library		SCE symbol database match (sce-symbol-scanner data via PS2Recomp, GPL-3.0): libkernl get_iob, SDK 2.2.0-3.1.0, relocati…
0x00107D38	_sceFs_Rcv_Intr	948	library		SCE symbol database match (sce-symbol-scanner data via PS2Recomp, GPL-3.0): libkernl _sceFs_Rcv_Intr, SDK 2.8.0-3.1.0,…
0x001080F0	_sceFsSemInit	84	library		SCE symbol database match (sce-symbol-scanner data via PS2Recomp, GPL-3.0): libkernl _sceFsSemInit, SDK 3.0.0-3.1.0, re…
0x00108148	_sceFsWaitS	44	library		SCE symbol database match (sce-symbol-scanner data via PS2Recomp, GPL-3.0): libkernl _sceFsWaitS, SDK 2.2.0-3.1.0, relo…
0x00108188	scePowerOffHandler	160	library		SCE symbol database match (sce-symbol-scanner data via PS2Recomp, GPL-3.0): libkernl scePowerOffHandler, SDK 3.0.0-3.1.…
0x00108228	_sceFs_Poff_Intr	68	library		SCE symbol database match (sce-symbol-scanner data via PS2Recomp, GPL-3.0): libkernl _sceFs_Poff_Intr, SDK 2.8.0-3.1.0,…
0x00108270	sceFsInit	520	library		SCE symbol database match (sce-symbol-scanner data via PS2Recomp, GPL-3.0): libkernl sceFsInit, SDK 3.0.0-3.1.0, reloca…
0x00108508	sceFsReset	52	library		SCE symbol database match (sce-symbol-scanner data via PS2Recomp, GPL-3.0): libkernl sceFsReset, SDK 2.0.0-3.1.0, reloc…
0x00108540	sceFsSetIopBuf	320	library		SCE symbol database match (sce-symbol-scanner data via PS2Recomp, GPL-3.0): libkernl sceFsSetIopBuf, SDK 3.0.0-3.1.0, r…
0x00108680	sceFsSetIopPrio	240	library		SCE symbol database match (sce-symbol-scanner data via PS2Recomp, GPL-3.0): libkernl sceFsSetIopPrio, SDK 3.0.0-3.1.0,…
0x00108770	sceOpen	656	library		SCE symbol database match (sce-symbol-scanner data via PS2Recomp, GPL-3.0): libkernl sceOpen, SDK 3.0.0-3.1.0, relocati…
0x00108A00	sceClose	376	library		SCE symbol database match (sce-symbol-scanner data via PS2Recomp, GPL-3.0): libkernl sceClose, SDK 3.0.0-3.1.0, relocat…
0x00108B78	sceLseek	572	library		SCE symbol database match (sce-symbol-scanner data via PS2Recomp, GPL-3.0): libkernl sceLseek, SDK 3.0.0-3.1.0, relocat…
0x00108DB8	sceRead	620	library		SCE symbol database match (sce-symbol-scanner data via PS2Recomp, GPL-3.0): libkernl sceRead, SDK 3.0.0-3.1.0, relocati…
0x00109028	sceWrite	704	library		SCE symbol database match (sce-symbol-scanner data via PS2Recomp, GPL-3.0): libkernl sceWrite, SDK 3.0.0-3.1.0, relocat…
0x001092E8	sceIoctl	904	library		SCE symbol database match (sce-symbol-scanner data via PS2Recomp, GPL-3.0): libkernl sceIoctl, SDK 3.0.0-3.1.0, relocat…
0x00109670	sceIoctl2	488	library		SCE symbol database match (sce-symbol-scanner data via PS2Recomp, GPL-3.0): libkernl sceIoctl2, SDK 3.0.0-3.1.0, reloca…
0x00109858	_sceCallCode	432	library		SCE symbol database match (sce-symbol-scanner data via PS2Recomp, GPL-3.0): libkernl _sceCallCode, SDK 3.0.0-3.1.0, rel…
0x00109A28	sceMkdir	440	library		SCE symbol database match (sce-symbol-scanner data via PS2Recomp, GPL-3.0): libkernl sceMkdir, SDK 3.0.0-3.1.0, relocat…
0x00109C00	sceFormat	640	library		SCE symbol database match (sce-symbol-scanner data via PS2Recomp, GPL-3.0): libkernl sceFormat, SDK 3.0.0-3.1.0, reloca…
0x00109E80	sceAddDrv	300	library		SCE symbol database match (sce-symbol-scanner data via PS2Recomp, GPL-3.0): libkernl sceAddDrv, SDK 3.0.0-3.1.0, reloca…
0x00109FD0	sceDopen	200	library		SCE symbol database match (sce-symbol-scanner data via PS2Recomp, GPL-3.0): libkernl sceDopen, SDK 2.3.4-3.1.0, relocat…
0x0010A098	sceDclose	356	library		SCE symbol database match (sce-symbol-scanner data via PS2Recomp, GPL-3.0): libkernl sceDclose, SDK 3.0.0-3.1.0, reloca…
0x0010A200	sceDread	340	library		SCE symbol database match (sce-symbol-scanner data via PS2Recomp, GPL-3.0): libkernl sceDread, SDK 3.0.0-3.1.0, relocat…
0x0010A358	sceGetstat	436	library		SCE symbol database match (sce-symbol-scanner data via PS2Recomp, GPL-3.0): libkernl sceGetstat, SDK 3.0.0-3.1.0, reloc…
0x0010A510	sceChstat	588	library		SCE symbol database match (sce-symbol-scanner data via PS2Recomp, GPL-3.0): libkernl sceChstat, SDK 3.0.0-3.1.0, reloca…
0x0010A760	sceRename	520	library		SCE symbol database match (sce-symbol-scanner data via PS2Recomp, GPL-3.0): libkernl sceRename, SDK 3.0.0-3.1.0, reloca…
0x0010A988	sceSync	428	library		SCE symbol database match (sce-symbol-scanner data via PS2Recomp, GPL-3.0): libkernl sceSync, SDK 3.0.0-3.1.0, relocati…
0x0010AB38	sceMount	640	library		SCE symbol database match (sce-symbol-scanner data via PS2Recomp, GPL-3.0): libkernl sceMount, SDK 3.0.0-3.1.0, relocat…
0x0010ADD8	sceLseek64	572	library		SCE symbol database match (sce-symbol-scanner data via PS2Recomp, GPL-3.0): libkernl sceLseek64, SDK 3.0.0-3.1.0, reloc…
0x0010B018	sceDevctl	680	library		SCE symbol database match (sce-symbol-scanner data via PS2Recomp, GPL-3.0): libkernl sceDevctl, SDK 3.0.0-3.1.0, reloca…
0x0010B2C0	sceSymlink	504	library		SCE symbol database match (sce-symbol-scanner data via PS2Recomp, GPL-3.0): libkernl sceSymlink, SDK 3.0.0-3.1.0, reloc…
0x0010B4B8	sceReadlink	480	library		SCE symbol database match (sce-symbol-scanner data via PS2Recomp, GPL-3.0): libkernl sceReadlink, SDK 3.0.0-3.1.0, relo…
0x0010B698	sceSifInitIopHeap	136	library		SCE symbol database match (sce-symbol-scanner data via PS2Recomp, GPL-3.0): libkernl sceSifInitIopHeap, SDK 1.6.1-3.1.0…
0x0010B720	sceSifAllocIopHeap	112	library		SCE symbol database match (sce-symbol-scanner data via PS2Recomp, GPL-3.0): libkernl sceSifAllocIopHeap, SDK 1.5.0-3.1.…
0x0010B790	sceSifAllocSysMemory	128	library		SCE symbol database match (sce-symbol-scanner data via PS2Recomp, GPL-3.0): libkernl sceSifAllocSysMemory, SDK 2.3.0-3.…
0x0010B8A8	sceSifLoadIopHeap	240	library		SCE symbol database match (sce-symbol-scanner data via PS2Recomp, GPL-3.0): libkernl sceSifLoadIopHeap, SDK 2.0.0-3.1.0…
0x0010B998	sceSifQueryMemSize	112	library		SCE symbol database match (sce-symbol-scanner data via PS2Recomp, GPL-3.0): libkernl sceSifQueryMemSize, SDK 2.5.0-3.1.…
0x0010BA08	sceSifQueryMaxFreeMemSize	112	library		SCE symbol database match (sce-symbol-scanner data via PS2Recomp, GPL-3.0): libkernl sceSifQueryMaxFreeMemSize, SDK 2.5…
0x0010BA78	sceSifQueryTotalFreeMemSize	112	library		SCE symbol database match (sce-symbol-scanner data via PS2Recomp, GPL-3.0): libkernl sceSifQueryTotalFreeMemSize, SDK 2…
0x0010BAE8	sceSifQueryBlockTopAddress	124	library		SCE symbol database match (sce-symbol-scanner data via PS2Recomp, GPL-3.0): libkernl sceSifQueryBlockTopAddress, SDK 2.…
0x0010BB68	sceSifQueryBlockSize	124	library		SCE symbol database match (sce-symbol-scanner data via PS2Recomp, GPL-3.0): libkernl sceSifQueryBlockSize, SDK 2.5.0-3.…
0x0010BBE8	_lf_bind	256	library		SCE symbol database match (sce-symbol-scanner data via PS2Recomp, GPL-3.0): libkernl _lf_bind, SDK 2.0.0-3.1.0, relocat…
0x0010BD78	sceSifLoadFileReset	56	library		SCE symbol database match (sce-symbol-scanner data via PS2Recomp, GPL-3.0): libkernl sceSifLoadFileReset, SDK 2.0.0-3.1…
0x0010BDB0	_sceSifLoadModuleBuffer	520	library		SCE symbol database match (sce-symbol-scanner data via PS2Recomp, GPL-3.0): libkernl _sceSifLoadModuleBuffer, SDK 2.2.1…
0x0010BFB8	sceSifStopModule	520	library		SCE symbol database match (sce-symbol-scanner data via PS2Recomp, GPL-3.0): libkernl sceSifStopModule, SDK 2.3.0-3.1.0,…
0x0010C1C0	sceSifUnloadModule	144	library		SCE symbol database match (sce-symbol-scanner data via PS2Recomp, GPL-3.0): libkernl sceSifUnloadModule, SDK 2.3.0-3.1.…
0x0010C250	sceSifSearchModuleByName	160	library		SCE symbol database match (sce-symbol-scanner data via PS2Recomp, GPL-3.0): libkernl sceSifSearchModuleByName, SDK 2.3.…
0x0010C2F0	sceSifSearchModuleByAddress	144	library		SCE symbol database match (sce-symbol-scanner data via PS2Recomp, GPL-3.0): libkernl sceSifSearchModuleByAddress, SDK 2…
0x0010C3C0	_sceSifLoadModule	548	library		SCE symbol database match (sce-symbol-scanner data via PS2Recomp, GPL-3.0): libkernl _sceSifLoadModule, SDK 2.2.0-3.1.0…
0x0010C628	_sceSifLoadElfPart	260	library		SCE symbol database match (sce-symbol-scanner data via PS2Recomp, GPL-3.0): libkernl _sceSifLoadElfPart, SDK 2.0.0-3.1.…
0x0010C750	sceSifLoadElf	40	library		SCE symbol database match (sce-symbol-scanner data via PS2Recomp, GPL-3.0): libkernl sceSifLoadElf, SDK 1.4.2-3.1.0, re…
0x0010C778	sceSifGetIopAddr	236	library		SCE symbol database match (sce-symbol-scanner data via PS2Recomp, GPL-3.0): libkernl sceSifGetIopAddr, SDK 1.4.2-3.1.0,…
0x0010C868	sceSifSetIopAddr	220	library		SCE symbol database match (sce-symbol-scanner data via PS2Recomp, GPL-3.0): libkernl sceSifSetIopAddr, SDK 2.0.0-3.1.0,…
0x0010C948	sceSifResetIop	340	library		SCE symbol database match (sce-symbol-scanner data via PS2Recomp, GPL-3.0): libkernl sceSifResetIop, SDK 3.1.0, relocat…
0x0010CAA0	sceSifIsAliveIop	40	library		SCE symbol database match (sce-symbol-scanner data via PS2Recomp, GPL-3.0): libkernl sceSifIsAliveIop, SDK 1.4.2-3.1.0,…
0x0010CAC8	sceSifSyncIop	80	library		SCE symbol database match (sce-symbol-scanner data via PS2Recomp, GPL-3.0): libkernl sceSifSyncIop, SDK 2.8.0-3.1.0, re…
0x0010CB18	sceSifRebootIop	272	library		SCE symbol database match (sce-symbol-scanner data via PS2Recomp, GPL-3.0): libkernl sceSifRebootIop, SDK 2.2.0-2.5.7,…
0x0010CC28	SetTLBHandler	96	library		SCE symbol database match (sce-symbol-scanner data via PS2Recomp, GPL-3.0): libkernl SetTLBHandler, SDK 2.3.0-3.1.0, re…
0x0010CC88	SetDebugHandler	132	library		SCE symbol database match (sce-symbol-scanner data via PS2Recomp, GPL-3.0): libkernl SetDebugHandler, SDK 2.3.0-3.1.0,…
0x0010CD78	InitTLBFunctions	196	library		SCE symbol database match (sce-symbol-scanner data via PS2Recomp, GPL-3.0): libkernl InitTLBFunctions, SDK 2.5.0-3.1.0,…
0x0010CE60	RFU086_WaitEvnetFlag	16	library		Ghidra 12.1.3 + ghidra-emotionengine-reloaded v2.1.37 headless export, run 2026-09-19-013 (reference/ghidra/MANIFEST.js…
0x0010CE70	SetTLBEntry	48	library		SCE symbol database match (sce-symbol-scanner data via PS2Recomp, GPL-3.0): libkernl SetTLBEntry, SDK 2.4.0-3.1.0, relo…
0x0010CF00	InitTLB	64	library		SCE symbol database match (sce-symbol-scanner data via PS2Recomp, GPL-3.0): libkernl InitTLB, SDK 2.4.0-3.1.0, relocati…
0x0010CF40	InitTLB32MB	500	library		SCE symbol database match (sce-symbol-scanner data via PS2Recomp, GPL-3.0): libkernl InitTLB32MB, SDK 2.4.0-3.1.0, relo…
0x0010D4A0	DIntr	80	library		SCE symbol database match (sce-symbol-scanner data via PS2Recomp, GPL-3.0): libkernl DIntr, SDK 3.0.0-3.1.0, relocation…
0x0010D508	supplement_crt0	96	library		SCE symbol database match (sce-symbol-scanner data via PS2Recomp, GPL-3.0): libkernl supplement_crt0, SDK 3.0.0-3.1.0,…
0x0010D5C0	kFindAddress	64	library		SCE symbol database match (sce-symbol-scanner data via PS2Recomp, GPL-3.0): libkernl kFindAddress, SDK 2.5.0-3.1.0, rel…
0x0010D610	GetSystemCallEntry	52	library		SCE symbol database match (sce-symbol-scanner data via PS2Recomp, GPL-3.0): libkernl GetSystemCallEntry, SDK 2.5.0-3.1.…
0x0010D648	InitSystemCallTableAddress	252	library		SCE symbol database match (sce-symbol-scanner data via PS2Recomp, GPL-3.0): libkernl InitSystemCallTableAddress, SDK 2.…
0x0010D818	PatchIsNeeded	104	library		SCE symbol database match (sce-symbol-scanner data via PS2Recomp, GPL-3.0): libkernl PatchIsNeeded, SDK 2.4.0-3.1.0, re…
0x0010D880	InitExecPS2	172	library		SCE symbol database match (sce-symbol-scanner data via PS2Recomp, GPL-3.0): libkernl InitExecPS2, SDK 2.4.0-3.1.0, relo…
0x0010D980	SetArg	280	library		SCE symbol database match (sce-symbol-scanner data via PS2Recomp, GPL-3.0): libkernl SetArg, SDK 2.5.0-3.1.0, relocatio…
0x0010DAA0	ExecPS2	112	library		SCE symbol database match (sce-symbol-scanner data via PS2Recomp, GPL-3.0): libkernl ExecPS2, SDK 2.5.0-3.1.0, relocati…
0x0010DB10	LoadExecPS2	72	library		SCE symbol database match (sce-symbol-scanner data via PS2Recomp, GPL-3.0): libkernl LoadExecPS2, SDK 2.5.0-3.1.0, relo…
0x0010DB80	ExecOSD	76	library		SCE symbol database match (sce-symbol-scanner data via PS2Recomp, GPL-3.0): libkernl ExecOSD, SDK 2.5.0-3.1.0, relocati…
0x0010DC38	InitAlarm	212	library		SCE symbol database match (sce-symbol-scanner data via PS2Recomp, GPL-3.0): libkernl InitAlarm, SDK 2.3.0-3.1.0, reloca…
0x0010DD10	SetT2	112	library		SCE symbol database match (sce-symbol-scanner data via PS2Recomp, GPL-3.0): libkernl SetT2, SDK 2.8.0-3.1.0, relocation…
0x0010DDB0	InitTimer	340	library		SCE symbol database match (sce-symbol-scanner data via PS2Recomp, GPL-3.0): libkernl InitTimer, SDK 2.8.0-3.1.0, reloca…
0x0010DF08	EndTimer	184	library		SCE symbol database match (sce-symbol-scanner data via PS2Recomp, GPL-3.0): libkernl EndTimer, SDK 2.8.0-3.1.0, relocat…
0x0010DFC0	GetTimerPreScaleFactor	44	library		SCE symbol database match (sce-symbol-scanner data via PS2Recomp, GPL-3.0): libkernl GetTimerPreScaleFactor, SDK 2.8.0-…
0x0010DFF0	StartTimerSystemTime	144	library		SCE symbol database match (sce-symbol-scanner data via PS2Recomp, GPL-3.0): libkernl StartTimerSystemTime, SDK 2.8.0-3.…
0x0010E080	StopTimerSystemTime	124	library		SCE symbol database match (sce-symbol-scanner data via PS2Recomp, GPL-3.0): libkernl StopTimerSystemTime, SDK 2.8.0-3.1…
0x0010E100	SetNextComp	400	library		SCE symbol database match (sce-symbol-scanner data via PS2Recomp, GPL-3.0): libkernl SetNextComp, SDK 2.8.0-3.1.0, relo…
0x0010E290	InsertAlarm	132	library		SCE symbol database match (sce-symbol-scanner data via PS2Recomp, GPL-3.0): libkernl InsertAlarm, SDK 2.8.0-3.1.0, relo…
0x0010E318	UnlinkAlarm	56	library		SCE symbol database match (sce-symbol-scanner data via PS2Recomp, GPL-3.0): libkernl UnlinkAlarm, SDK 2.8.0-3.1.0, relo…
0x0010E350	cbTimerHandler	692	library		SCE symbol database match (sce-symbol-scanner data via PS2Recomp, GPL-3.0): libkernl cbTimerHandler, SDK 3.1.0, relocat…
0x0010E608	iGetTimerSystemTime	76	library		SCE symbol database match (sce-symbol-scanner data via PS2Recomp, GPL-3.0): libkernl iGetTimerSystemTime, SDK 2.8.0-3.1…
0x0010E658	GetTimerSystemTime	124	library		SCE symbol database match (sce-symbol-scanner data via PS2Recomp, GPL-3.0): libkernl GetTimerSystemTime, SDK 2.8.0-3.1.…
0x0010E6D8	iAllocTimerCounter	112	library		SCE symbol database match (sce-symbol-scanner data via PS2Recomp, GPL-3.0): libkernl iAllocTimerCounter, SDK 2.8.0-3.1.…
0x0010E748	AllocTimerCounter	72	library		SCE symbol database match (sce-symbol-scanner data via PS2Recomp, GPL-3.0): libkernl AllocTimerCounter, SDK 2.8.0-3.1.0…
0x0010E790	iFreeTimerCounter	188	library		SCE symbol database match (sce-symbol-scanner data via PS2Recomp, GPL-3.0): libkernl iFreeTimerCounter, SDK 3.1.0, relo…
0x0010E8A0	iGetTimerUsedUnusedCounters	80	library		SCE symbol database match (sce-symbol-scanner data via PS2Recomp, GPL-3.0): libkernl iGetTimerUsedUnusedCounters, SDK 2…
0x0010E8F0	GetTimerUsedUnusedCounters	92	library		SCE symbol database match (sce-symbol-scanner data via PS2Recomp, GPL-3.0): libkernl GetTimerUsedUnusedCounters, SDK 2.…
0x0010E950	iStartTimerCounter	172	library		SCE symbol database match (sce-symbol-scanner data via PS2Recomp, GPL-3.0): libkernl iStartTimerCounter, SDK 2.8.0-3.1.…
0x0010EA50	iStopTimerCounter	220	library		SCE symbol database match (sce-symbol-scanner data via PS2Recomp, GPL-3.0): libkernl iStopTimerCounter, SDK 3.1.0, relo…
0x0010EB80	SetTimerCount	204	library		SCE symbol database match (sce-symbol-scanner data via PS2Recomp, GPL-3.0): libkernl SetTimerCount, SDK 2.8.0-3.1.0, re…
0x0010ECE8	iGetTimerCount	108	library		SCE symbol database match (sce-symbol-scanner data via PS2Recomp, GPL-3.0): libkernl iGetTimerCount, SDK 2.8.0-3.1.0, r…
0x0010EDA8	iSetTimerHandler	268	library		SCE symbol database match (sce-symbol-scanner data via PS2Recomp, GPL-3.0): libkernl iSetTimerHandler, SDK 3.1.0, reloc…
0x0010EEB8	SetTimerHandler	124	library		SCE symbol database match (sce-symbol-scanner data via PS2Recomp, GPL-3.0): libkernl SetTimerHandler, SDK 2.8.0-3.1.0,…
0x0010F190	SetTimerAlarm	300	library		SCE symbol database match (sce-symbol-scanner data via PS2Recomp, GPL-3.0): libkernl SetTimerAlarm, SDK 2.8.0-3.1.0, re…
0x0010F2C0	iSetTimerAlarm	240	library		SCE symbol database match (sce-symbol-scanner data via PS2Recomp, GPL-3.0): libkernl iSetTimerAlarm, SDK 2.8.0-3.1.0, r…
0x0010F3B0	ReleaseTimerAlarm	168	library		SCE symbol database match (sce-symbol-scanner data via PS2Recomp, GPL-3.0): libkernl ReleaseTimerAlarm, SDK 2.8.0-3.1.0…
0x0010F458	iReleaseTimerAlarm	120	library		SCE symbol database match (sce-symbol-scanner data via PS2Recomp, GPL-3.0): libkernl iReleaseTimerAlarm, SDK 2.8.0-3.1.…
0x0010F4F8	sceSifSetRebootNotifyBuffer	124	library		SCE symbol database match (sce-symbol-scanner data via PS2Recomp, GPL-3.0): libkernl sceSifSetRebootNotifyBuffer, SDK 2…
0x0010F578	sceSifAddRebootNotifyHandler	184	library		SCE symbol database match (sce-symbol-scanner data via PS2Recomp, GPL-3.0): libkernl sceSifAddRebootNotifyHandler, SDK…
0x0010F630	sceSifRemoveRebootNotifyHandler	84	library		SCE symbol database match (sce-symbol-scanner data via PS2Recomp, GPL-3.0): libkernl sceSifRemoveRebootNotifyHandler, S…
0x0010F688	sceSifExecNotifyHandler	168	library		SCE symbol database match (sce-symbol-scanner data via PS2Recomp, GPL-3.0): libkernl sceSifExecNotifyHandler, SDK 2.8.0…
0x0010F730	sceMcInit	664	library		SCE symbol database match (sce-symbol-scanner data via PS2Recomp, GPL-3.0): libmc sceMcInit, SDK 3.1.0, relocation-mask…
0x0010F9C8	sceMcEnd	172	library		SCE symbol database match (sce-symbol-scanner data via PS2Recomp, GPL-3.0): libmc sceMcEnd, SDK 3.1.0, relocation-maske…
0x0010FA88	sceMcChangeThreadPriority	188	library		SCE symbol database match (sce-symbol-scanner data via PS2Recomp, GPL-3.0): libmc sceMcChangeThreadPriority, SDK 3.0.0-…
0x0010FB48	sceMcGetSlotMax	192	library		SCE symbol database match (sce-symbol-scanner data via PS2Recomp, GPL-3.0): libmc sceMcGetSlotMax, SDK 3.0.0-3.1.0, rel…
0x0010FC08	sceMcOpen	296	library		SCE symbol database match (sce-symbol-scanner data via PS2Recomp, GPL-3.0): libmc sceMcOpen, SDK 3.0.0-3.1.0, relocatio…
0x0010FD30	sceMcMkdir	52	library		SCE symbol database match (sce-symbol-scanner data via PS2Recomp, GPL-3.0): libmc sceMcMkdir, SDK 1.6.1-3.1.0, relocati…
0x0010FD68	sceMcClose	188	library		SCE symbol database match (sce-symbol-scanner data via PS2Recomp, GPL-3.0): libmc sceMcClose, SDK 3.0.0-3.1.0, relocati…
0x0010FE28	sceMcSeek	224	library		SCE symbol database match (sce-symbol-scanner data via PS2Recomp, GPL-3.0): libmc sceMcSeek, SDK 3.0.0-3.1.0, relocatio…
0x0010FF08	mceIntrReadFixAlign	176	library		SCE symbol database match (sce-symbol-scanner data via PS2Recomp, GPL-3.0): libmc mceIntrReadFixAlign, SDK 3.0.0-3.1.0,…
0x0010FFB8	sceMcRead	276	library		SCE symbol database match (sce-symbol-scanner data via PS2Recomp, GPL-3.0): libmc sceMcRead, SDK 3.0.0-3.1.0, relocatio…
0x001100D0	sceMcWrite	376	library		SCE symbol database match (sce-symbol-scanner data via PS2Recomp, GPL-3.0): libmc sceMcWrite, SDK 3.0.0-3.1.0, relocati…
0x00110248	sceMcSync	196	library		SCE symbol database match (sce-symbol-scanner data via PS2Recomp, GPL-3.0): libmc sceMcSync, SDK 2.8.0-3.1.0, relocatio…
0x00110310	mceGetInfoApdx	88	library		SCE symbol database match (sce-symbol-scanner data via PS2Recomp, GPL-3.0): libmc mceGetInfoApdx, SDK 2.8.0-3.1.0, relo…
0x00110368	sceMcGetInfo	380	library		SCE symbol database match (sce-symbol-scanner data via PS2Recomp, GPL-3.0): libmc sceMcGetInfo, SDK 3.0.0-3.1.0, reloca…
0x001104E8	sceMcUdCheckNewCard	112	library		SCE symbol database match (sce-symbol-scanner data via PS2Recomp, GPL-3.0): libmc sceMcUdCheckNewCard, SDK 3.0.0-3.1.0,…
0x00110558	sceMcGetDir	332	library		SCE symbol database match (sce-symbol-scanner data via PS2Recomp, GPL-3.0): libmc sceMcGetDir, SDK 3.0.0-3.1.0, relocat…
0x001106A8	mceStorePwd	140	library		SCE symbol database match (sce-symbol-scanner data via PS2Recomp, GPL-3.0): libmc mceStorePwd, SDK 2.8.0-3.1.0, relocat…
0x00110738	sceMcChdir	320	library		SCE symbol database match (sce-symbol-scanner data via PS2Recomp, GPL-3.0): libmc sceMcChdir, SDK 3.0.0-3.1.0, relocati…
0x00110878	sceMcFormat	204	library		SCE symbol database match (sce-symbol-scanner data via PS2Recomp, GPL-3.0): libmc sceMcFormat, SDK 3.0.0-3.1.0, relocat…
0x00110948	sceMcDelete	284	library		SCE symbol database match (sce-symbol-scanner data via PS2Recomp, GPL-3.0): libmc sceMcDelete, SDK 3.0.0-3.1.0, relocat…
0x00110A68	sceMcFlush	188	library		SCE symbol database match (sce-symbol-scanner data via PS2Recomp, GPL-3.0): libmc sceMcFlush, SDK 3.0.0-3.1.0, relocati…
0x00110B28	sceMcSetFileInfo	460	library		SCE symbol database match (sce-symbol-scanner data via PS2Recomp, GPL-3.0): libmc sceMcSetFileInfo, SDK 3.0.0-3.1.0, re…
0x00110CF8	sceMcRename	344	library		SCE symbol database match (sce-symbol-scanner data via PS2Recomp, GPL-3.0): libmc sceMcRename, SDK 3.0.1-3.1.0, relocat…
0x00110E50	sceMcUnformat	204	library		SCE symbol database match (sce-symbol-scanner data via PS2Recomp, GPL-3.0): libmc sceMcUnformat, SDK 3.0.0-3.1.0, reloc…
0x00110F20	sceMcGetEntSpace	268	library		SCE symbol database match (sce-symbol-scanner data via PS2Recomp, GPL-3.0): libmc sceMcGetEntSpace, SDK 3.0.0-3.1.0, re…
0x00111030	regMain	104	library		SCE symbol database match (sce-symbol-scanner data via PS2Recomp, GPL-3.0): libmc regMain, SDK 3.1.0, relocation-masked…
0x00111098	mceRegistSifFunc	128	library		SCE symbol database match (sce-symbol-scanner data via PS2Recomp, GPL-3.0): libmc mceRegistSifFunc, SDK 3.1.0, relocati…
0x00111118	mceEncEcc	124	library		SCE symbol database match (sce-symbol-scanner data via PS2Recomp, GPL-3.0): libmc mceEncEcc, SDK 3.1.0, relocation-mask…
0x00111198	mceDecEcc	280	library		SCE symbol database match (sce-symbol-scanner data via PS2Recomp, GPL-3.0): libmc mceDecEcc, SDK 3.1.0, relocation-mask…
0x001112B0	mceDecEccAll	132	library		SCE symbol database match (sce-symbol-scanner data via PS2Recomp, GPL-3.0): libmc mceDecEccAll, SDK 3.1.0, relocation-m…
0x00111338	mceExtractSliceData	300	library		SCE symbol database match (sce-symbol-scanner data via PS2Recomp, GPL-3.0): libmc mceExtractSliceData, SDK 3.1.0, reloc…
0x00111468	mceSifEntry	192	library		SCE symbol database match (sce-symbol-scanner data via PS2Recomp, GPL-3.0): libmc mceSifEntry, SDK 3.1.0, relocation-ma…
0x00111528	sceMcReadFast	272	library		SCE symbol database match (sce-symbol-scanner data via PS2Recomp, GPL-3.0): libmc sceMcReadFast, SDK 3.1.0, relocation-…
0x00111638	sceMcWriteFast	256	library		SCE symbol database match (sce-symbol-scanner data via PS2Recomp, GPL-3.0): libmc sceMcWriteFast, SDK 3.1.0, relocation…
0x00111740	_dualPrimeVector	388	library		SCE symbol database match (sce-symbol-scanner data via PS2Recomp, GPL-3.0): libmpeg _dualPrimeVector, SDK 3.0.0-3.1.0,…
0x001118C8	_getAllRefs	1796	library		SCE symbol database match (sce-symbol-scanner data via PS2Recomp, GPL-3.0): libmpeg _getAllRefs, SDK 3.0.0-3.1.0, reloc…
0x00111FD0	_motionComp0	592	library		SCE symbol database match (sce-symbol-scanner data via PS2Recomp, GPL-3.0): libmpeg _motionComp0, SDK 3.0.0-3.1.0, relo…
0x00112220	_getRef0	1160	library		SCE symbol database match (sce-symbol-scanner data via PS2Recomp, GPL-3.0): libmpeg _getRef0, SDK 3.0.0-3.1.0, relocati…
0x001126A8	_doMC	540	library		SCE symbol database match (sce-symbol-scanner data via PS2Recomp, GPL-3.0): libmpeg _doMC, SDK 3.0.0-3.1.0, relocation-…
0x001128C8	_sceMpegPictureData0	576	library		SCE symbol database match (sce-symbol-scanner data via PS2Recomp, GPL-3.0): libmpeg _sceMpegPictureData0, SDK 3.0.0-3.1…
0x00112B08	_slice0	812	library		SCE symbol database match (sce-symbol-scanner data via PS2Recomp, GPL-3.0): libmpeg _slice0, SDK 3.0.0-3.1.0, relocatio…
0x00112E38	_motionVector	1064	library		SCE symbol database match (sce-symbol-scanner data via PS2Recomp, GPL-3.0): libmpeg _motionVector, SDK 3.0.0-3.1.0, rel…
0x00113260	_motionVectors	412	library		SCE symbol database match (sce-symbol-scanner data via PS2Recomp, GPL-3.0): libmpeg _motionVectors, SDK 3.0.0-3.1.0, re…
0x00113400	_decMB0	1368	library		SCE symbol database match (sce-symbol-scanner data via PS2Recomp, GPL-3.0): libmpeg _decMB0, SDK 3.0.0-3.1.0, relocatio…
0x00113958	_sceMpegMbAddressIncrement	376	library		SCE symbol database match (sce-symbol-scanner data via PS2Recomp, GPL-3.0): libmpeg _sceMpegMbAddressIncrement, SDK 3.0…
0x00113AD0	_sceMpegWaitIpuIdle	360	library		SCE symbol database match (sce-symbol-scanner data via PS2Recomp, GPL-3.0): libmpeg _sceMpegWaitIpuIdle, SDK 3.0.0-3.1.…
0x00113C38	_sceMpegWaitIpuIdle64	384	library		SCE symbol database match (sce-symbol-scanner data via PS2Recomp, GPL-3.0): libmpeg _sceMpegWaitIpuIdle64, SDK 3.0.0-3.…
0x00113DB8	_sceMpegNextBit	232	library		SCE symbol database match (sce-symbol-scanner data via PS2Recomp, GPL-3.0): libmpeg _sceMpegNextBit, SDK 3.0.0-3.1.0, r…
0x00113EA0	_sceMpegPeepBit	140	library		SCE symbol database match (sce-symbol-scanner data via PS2Recomp, GPL-3.0): libmpeg _sceMpegPeepBit, SDK 3.0.0-3.1.0, r…
0x00113F30	_sceMpegFlushBuf	148	library		SCE symbol database match (sce-symbol-scanner data via PS2Recomp, GPL-3.0): libmpeg _sceMpegFlushBuf, SDK 3.0.0-3.1.0,…
0x00114008	_skipMB0	188	library		SCE symbol database match (sce-symbol-scanner data via PS2Recomp, GPL-3.0): libmpeg _skipMB0, SDK 3.0.0-3.1.0, relocati…
0x001140C8	_copyAddRefImage	236	library		SCE symbol database match (sce-symbol-scanner data via PS2Recomp, GPL-3.0): libmpeg _copyAddRefImage, SDK 3.0.0-3.1.0,…
0x00114278	dmaRefImage	380	library		SCE symbol database match (sce-symbol-scanner data via PS2Recomp, GPL-3.0): libmpeg dmaRefImage, SDK 3.0.0-3.1.0, reloc…
0x001143F8	_rix_000	116	library		SCE symbol database match (sce-symbol-scanner data via PS2Recomp, GPL-3.0): libmpeg _rix_000, SDK 3.0.0-3.1.0, relocati…
0x00114470	_ri0_000	148	library		SCE symbol database match (sce-symbol-scanner data via PS2Recomp, GPL-3.0): libmpeg _ri0_000, SDK 3.0.0-3.1.0, relocati…
0x00114508	_rix_001	180	library		SCE symbol database match (sce-symbol-scanner data via PS2Recomp, GPL-3.0): libmpeg _rix_001, SDK 3.0.0-3.1.0, relocati…
0x001145C0	_ri0_001	204	library		SCE symbol database match (sce-symbol-scanner data via PS2Recomp, GPL-3.0): libmpeg _ri0_001, SDK 3.0.0-3.1.0, relocati…
0x00114690	_rix_010	172	library		SCE symbol database match (sce-symbol-scanner data via PS2Recomp, GPL-3.0): libmpeg _rix_010, SDK 3.0.0-3.1.0, relocati…
0x00114740	_ri0_010	184	library		SCE symbol database match (sce-symbol-scanner data via PS2Recomp, GPL-3.0): libmpeg _ri0_010, SDK 3.0.0-3.1.0, relocati…
0x001147F8	_rix_011	248	library		SCE symbol database match (sce-symbol-scanner data via PS2Recomp, GPL-3.0): libmpeg _rix_011, SDK 3.0.0-3.1.0, relocati…
0x001148F0	_ri0_011	252	library		SCE symbol database match (sce-symbol-scanner data via PS2Recomp, GPL-3.0): libmpeg _ri0_011, SDK 3.0.0-3.1.0, relocati…
0x001149F0	_rix_100	156	library		SCE symbol database match (sce-symbol-scanner data via PS2Recomp, GPL-3.0): libmpeg _rix_100, SDK 3.0.0-3.1.0, relocati…
0x00114A90	_ri0_100	172	library		SCE symbol database match (sce-symbol-scanner data via PS2Recomp, GPL-3.0): libmpeg _ri0_100, SDK 3.0.0-3.1.0, relocati…
0x00114B40	_rix_101	220	library		SCE symbol database match (sce-symbol-scanner data via PS2Recomp, GPL-3.0): libmpeg _rix_101, SDK 3.0.0-3.1.0, relocati…
0x00114C20	_ri0_101	228	library		SCE symbol database match (sce-symbol-scanner data via PS2Recomp, GPL-3.0): libmpeg _ri0_101, SDK 3.0.0-3.1.0, relocati…
0x00114D08	_rix_110	212	library		SCE symbol database match (sce-symbol-scanner data via PS2Recomp, GPL-3.0): libmpeg _rix_110, SDK 3.0.0-3.1.0, relocati…
0x00114DE0	_ri0_110	208	library		SCE symbol database match (sce-symbol-scanner data via PS2Recomp, GPL-3.0): libmpeg _ri0_110, SDK 3.0.0-3.1.0, relocati…
0x00114EB0	_rix_111	288	library		SCE symbol database match (sce-symbol-scanner data via PS2Recomp, GPL-3.0): libmpeg _rix_111, SDK 3.0.0-3.1.0, relocati…
0x00114FD0	_ri0_111	276	library		SCE symbol database match (sce-symbol-scanner data via PS2Recomp, GPL-3.0): libmpeg _ri0_111, SDK 3.0.0-3.1.0, relocati…
0x001150E8	receiveDataFromIPU	160	library		SCE symbol database match (sce-symbol-scanner data via PS2Recomp, GPL-3.0): libmpeg receiveDataFromIPU, SDK 3.0.0-3.1.0…
0x00115188	_sceMpegSliceA0	416	library		SCE symbol database match (sce-symbol-scanner data via PS2Recomp, GPL-3.0): libmpeg _sceMpegSliceA0, SDK 3.0.0-3.1.0, r…
0x00115328	_initSeq	788	library		SCE symbol database match (sce-symbol-scanner data via PS2Recomp, GPL-3.0): libmpeg _initSeq, SDK 3.0.0-3.1.0, relocati…
0x00115640	_sequenceHeader	684	library		SCE symbol database match (sce-symbol-scanner data via PS2Recomp, GPL-3.0): libmpeg _sequenceHeader, SDK 3.0.0-3.1.0, r…
0x001158F0	_groupOfPicturesHeader	160	library		SCE symbol database match (sce-symbol-scanner data via PS2Recomp, GPL-3.0): libmpeg _groupOfPicturesHeader, SDK 3.0.0-3…
0x00115990	_pictureHeader	324	library		SCE symbol database match (sce-symbol-scanner data via PS2Recomp, GPL-3.0): libmpeg _pictureHeader, SDK 3.0.0-3.1.0, re…
0x00115AD8	_sequenceExtension	320	library		SCE symbol database match (sce-symbol-scanner data via PS2Recomp, GPL-3.0): libmpeg _sequenceExtension, SDK 3.0.0-3.1.0…
0x00115C18	_quantMatrixExtension	232	library		SCE symbol database match (sce-symbol-scanner data via PS2Recomp, GPL-3.0): libmpeg _quantMatrixExtension, SDK 3.0.0-3.…
0x00115D00	_sequenceScalableExtension	12	library		debug string D_004E2E30 begins with this name and only this function references it
0x00115D20	_pictureCodingExtension	484	library		SCE symbol database match (sce-symbol-scanner data via PS2Recomp, GPL-3.0): libmpeg _pictureCodingExtension, SDK 3.0.0-…
0x00115F28	_extensionAndUserData	460	library		SCE symbol database match (sce-symbol-scanner data via PS2Recomp, GPL-3.0): libmpeg _extensionAndUserData, SDK 3.0.0-3.…
0x00116138	_sceMpegNextHeader	340	library		SCE symbol database match (sce-symbol-scanner data via PS2Recomp, GPL-3.0): libmpeg _sceMpegNextHeader, SDK 3.0.0-3.1.0…
0x00116298	flushByteBoundary	80	library		SCE symbol database match (sce-symbol-scanner data via PS2Recomp, GPL-3.0): libmpeg flushByteBoundary, SDK 3.0.0-3.1.0,…
0x001162E8	_sequenceDisplayExtension	140	library		SCE symbol database match (sce-symbol-scanner data via PS2Recomp, GPL-3.0): libmpeg _sequenceDisplayExtension, SDK 3.0.…
0x00116378	_copyrightExtension	148	library		SCE symbol database match (sce-symbol-scanner data via PS2Recomp, GPL-3.0): libmpeg _copyrightExtension, SDK 3.0.0-3.1.…
0x00116410	_pictureDisplayExtension	244	library		SCE symbol database match (sce-symbol-scanner data via PS2Recomp, GPL-3.0): libmpeg _pictureDisplayExtension, SDK 3.0.0…
0x00116508	_clearOnce	204	library		SCE symbol database match (sce-symbol-scanner data via PS2Recomp, GPL-3.0): libmpeg _clearOnce, SDK 3.0.0-3.1.0, reloca…
0x001165D8	sceMpegCreate	568	library		SCE symbol database match (sce-symbol-scanner data via PS2Recomp, GPL-3.0): libmpeg sceMpegCreate, SDK 3.0.0-3.1.0, rel…
0x00116810	_sendDataToIPU	256	library		SCE symbol database match (sce-symbol-scanner data via PS2Recomp, GPL-3.0): libmpeg _sendDataToIPU, SDK 3.0.0-3.1.0, re…
0x00116910	_clearEach	200	library		SCE symbol database match (sce-symbol-scanner data via PS2Recomp, GPL-3.0): libmpeg _clearEach, SDK 3.0.0-3.1.0, reloca…
0x001169D8	_getpic	436	library		SCE symbol database match (sce-symbol-scanner data via PS2Recomp, GPL-3.0): libmpeg _getpic, SDK 3.0.0-3.1.0, relocatio…
0x00116B90	_updateRefImage	692	library		SCE symbol database match (sce-symbol-scanner data via PS2Recomp, GPL-3.0): libmpeg _updateRefImage, SDK 3.0.0-3.1.0, r…
0x00116E48	_decodeOrSkipFrame	368	library		SCE symbol database match (sce-symbol-scanner data via PS2Recomp, GPL-3.0): libmpeg _decodeOrSkipFrame, SDK 3.0.0-3.1.0…
0x00116FB8	_decodeOrSkipField	452	library		SCE symbol database match (sce-symbol-scanner data via PS2Recomp, GPL-3.0): libmpeg _decodeOrSkipField, SDK 3.0.0-3.1.0…
0x00117180	sceMpegInit	176	library		SCE symbol database match (sce-symbol-scanner data via PS2Recomp, GPL-3.0): libmpeg sceMpegInit, SDK 2.6.0-3.1.0, reloc…
0x00117238	sceMpegAddBs	60	library		SCE symbol database match (sce-symbol-scanner data via PS2Recomp, GPL-3.0): libmpeg sceMpegAddBs, SDK 2.6.0-3.1.0, relo…
0x00117278	sceMpegGetPicture	72	library		SCE symbol database match (sce-symbol-scanner data via PS2Recomp, GPL-3.0): libmpeg sceMpegGetPicture, SDK 3.0.0-3.1.0,…
0x001172C0	sceMpegGetPictureRAW8	68	library		SCE symbol database match (sce-symbol-scanner data via PS2Recomp, GPL-3.0): libmpeg sceMpegGetPictureRAW8, SDK 3.0.0-3.…
0x00117318	sceMpegReset	124	library		SCE symbol database match (sce-symbol-scanner data via PS2Recomp, GPL-3.0): libmpeg sceMpegReset, SDK 3.0.0-3.1.0, relo…
0x001173D0	sceMpegGetDecodeMode	32	library		SCE symbol database match (sce-symbol-scanner data via PS2Recomp, GPL-3.0): libmpeg sceMpegGetDecodeMode, SDK 3.0.0-3.1…
0x001173F0	sceMpegAddCallback	52	library		SCE symbol database match (sce-symbol-scanner data via PS2Recomp, GPL-3.0): libmpeg sceMpegAddCallback, SDK 2.8.0-3.1.0…
0x00117428	sceMpegSetBuffType	52	library		SCE symbol database match (sce-symbol-scanner data via PS2Recomp, GPL-3.0): libmpeg sceMpegSetBuffType, SDK 3.0.0-3.1.0…
0x00117470	_sceMpegDispatchMpegCallback	120	library		SCE symbol database match (sce-symbol-scanner data via PS2Recomp, GPL-3.0): libmpeg _sceMpegDispatchMpegCallback, SDK 3…
0x001174E8	_sceMpegDispatchMpegCbNodata	116	library		SCE symbol database match (sce-symbol-scanner data via PS2Recomp, GPL-3.0): libmpeg _sceMpegDispatchMpegCbNodata, SDK 3…
0x00117560	_decodeOrSkip	68	library		SCE symbol database match (sce-symbol-scanner data via PS2Recomp, GPL-3.0): libmpeg _decodeOrSkip, SDK 3.0.0-3.1.0, rel…
0x001175A8	sceMpegClearRefBuff	84	wip		SCE symbol database match (sce-symbol-scanner data via PS2Recomp, GPL-3.0): libmpeg sceMpegClearRefBuff, SDK 3.0.0-3.1.…
0x00117600	sceMpegGetPictureRAW8xy	80	library		SCE symbol database match (sce-symbol-scanner data via PS2Recomp, GPL-3.0): libmpeg sceMpegGetPictureRAW8xy, SDK 3.0.0-…
0x001176F8	_decPicture	204	library		SCE symbol database match (sce-symbol-scanner data via PS2Recomp, GPL-3.0): libmpeg _decPicture, SDK 3.0.0-3.1.0, reloc…
0x001178D8	_cpr8	656	library		SCE symbol database match (sce-symbol-scanner data via PS2Recomp, GPL-3.0): libmpeg _cpr8, SDK 3.0.0-3.1.0, relocation-…
0x00117B68	_dispRefImage	704	library		SCE symbol database match (sce-symbol-scanner data via PS2Recomp, GPL-3.0): libmpeg _dispRefImage, SDK 3.0.0-3.1.0, rel…
0x00117E28	_dispRefImageField	1056	library		SCE symbol database match (sce-symbol-scanner data via PS2Recomp, GPL-3.0): libmpeg _dispRefImageField, SDK 3.0.0-3.1.0…
0x00118248	_sceMpegFlush	192	library		SCE symbol database match (sce-symbol-scanner data via PS2Recomp, GPL-3.0): libmpeg _sceMpegFlush, SDK 3.0.0-3.1.0, rel…
0x00118308	_sceMpegOutputFrame	144	library		SCE symbol database match (sce-symbol-scanner data via PS2Recomp, GPL-3.0): libmpeg _sceMpegOutputFrame, SDK 3.0.0-3.1.…
0x00118398	_doCSC2	448	library		SCE symbol database match (sce-symbol-scanner data via PS2Recomp, GPL-3.0): libmpeg _doCSC2, SDK 3.0.0-3.1.0, relocatio…
0x00118558	_sceMpegCscStoreRefImage	1240	library		SCE symbol database match (sce-symbol-scanner data via PS2Recomp, GPL-3.0): libmpeg _sceMpegCscStoreRefImage, SDK 3.0.0…
0x00118A30	_ch3dmaCSC	328	library		SCE symbol database match (sce-symbol-scanner data via PS2Recomp, GPL-3.0): libmpeg _ch3dmaCSC, SDK 2.6.0-3.1.0, reloca…
0x00118B78	_ch4dma	212	library		SCE symbol database match (sce-symbol-scanner data via PS2Recomp, GPL-3.0): libmpeg _ch4dma, SDK 2.6.0-3.1.0, relocatio…
0x00118E50	_system_header	464	library		SCE symbol database match (sce-symbol-scanner data via PS2Recomp, GPL-3.0): libmpeg _system_header, SDK 3.0.0-3.1.0, re…
0x00119020	_pack_header	1704	library		SCE symbol database match (sce-symbol-scanner data via PS2Recomp, GPL-3.0): libmpeg _pack_header, SDK 3.0.0-3.1.0, relo…
0x001196C8	_PES_packet	7592	library		SCE symbol database match (sce-symbol-scanner data via PS2Recomp, GPL-3.0): libmpeg _PES_packet, SDK 3.0.0-3.1.0, reloc…
0x0011B470	sceMpegDemuxPssRing	992	library		SCE symbol database match (sce-symbol-scanner data via PS2Recomp, GPL-3.0): libmpeg sceMpegDemuxPssRing, SDK 3.0.0-3.1.…
0x0011B870	sceMpegAddStrCallback	304	library		SCE symbol database match (sce-symbol-scanner data via PS2Recomp, GPL-3.0): libmpeg sceMpegAddStrCallback, SDK 3.0.0-3.…
0x0011B9A0	_sceMpegType2id	168	library		SCE symbol database match (sce-symbol-scanner data via PS2Recomp, GPL-3.0): libmpeg _sceMpegType2id, SDK 3.0.0-3.1.0, r…
0x0011BA58	_sceMpegStopIpuDma	160	library		SCE symbol database match (sce-symbol-scanner data via PS2Recomp, GPL-3.0): libmpeg _sceMpegStopIpuDma, SDK 3.0.0-3.1.0…
0x0011BAF8	_sceMpegErrorBdec	200	library		SCE symbol database match (sce-symbol-scanner data via PS2Recomp, GPL-3.0): libmpeg _sceMpegErrorBdec, SDK 3.0.0-3.1.0,…
0x0011BBC0	_sceMpegError	84	library		SCE symbol database match (sce-symbol-scanner data via PS2Recomp, GPL-3.0): libmpeg _sceMpegError, SDK 3.0.0-3.1.0, rel…
0x0011BC18	_sceMpegError1	64	library		SCE symbol database match (sce-symbol-scanner data via PS2Recomp, GPL-3.0): libmpeg _sceMpegError1, SDK 3.0.0-3.1.0, re…
0x0011BC58	scePadInit	332	library		SCE symbol database match (sce-symbol-scanner data via PS2Recomp, GPL-3.0): libpad scePadInit, SDK 3.0.2-3.1.0, relocat…
0x0011BDA8	_pad_intr_hdr	72	library		SCE symbol database match (sce-symbol-scanner data via PS2Recomp, GPL-3.0): libpad _pad_intr_hdr, SDK 3.0.0-3.1.0, relo…
0x0011BDF0	scePadInit2	244	library		SCE symbol database match (sce-symbol-scanner data via PS2Recomp, GPL-3.0): libpad scePadInit2, SDK 3.0.1-3.1.0, reloca…
0x0011BEE8	scePadEnd	172	library		SCE symbol database match (sce-symbol-scanner data via PS2Recomp, GPL-3.0): libpad scePadEnd, SDK 3.0.2-3.1.0, relocati…
0x0011BF98	_send_to_iop	276	library		SCE symbol database match (sce-symbol-scanner data via PS2Recomp, GPL-3.0): libpad _send_to_iop, SDK 2.7.1-3.1.0, reloc…
0x0011C0B0	scePadPortOpen	484	library		SCE symbol database match (sce-symbol-scanner data via PS2Recomp, GPL-3.0): libpad scePadPortOpen, SDK 2.4.1-2.4.3, rel…
0x0011C298	scePadPortClose	184	library		SCE symbol database match (sce-symbol-scanner data via PS2Recomp, GPL-3.0): libpad scePadPortClose, SDK 2.1.1-3.1.0, re…
0x0011C350	scePadGetDmaStr	344	library		SCE symbol database match (sce-symbol-scanner data via PS2Recomp, GPL-3.0): libpad scePadGetDmaStr, SDK 3.0.1, relocati…
0x0011C4A8	scePadGetFrameCount	88	library		SCE symbol database match (sce-symbol-scanner data via PS2Recomp, GPL-3.0): libpad scePadGetFrameCount, SDK 3.0.1-3.1.0…
0x0011C500	scePadRead	116	library		SCE symbol database match (sce-symbol-scanner data via PS2Recomp, GPL-3.0): libpad scePadRead, SDK 3.0.1-3.1.0, relocat…
0x0011C578	scePadGetState	120	library		SCE symbol database match (sce-symbol-scanner data via PS2Recomp, GPL-3.0): libpad scePadGetState, SDK 3.0.1-3.1.0, rel…
0x0011C5F0	scePadStateIntToStr	52	library		SCE symbol database match (sce-symbol-scanner data via PS2Recomp, GPL-3.0): libpad scePadStateIntToStr, SDK 1.4.4-3.1.0…
0x0011C628	scePadSetReqState	180	library		SCE symbol database match (sce-symbol-scanner data via PS2Recomp, GPL-3.0): libpad scePadSetReqState, SDK 3.0.1-3.1.0,…
0x0011C6E0	scePadGetReqState	88	library		SCE symbol database match (sce-symbol-scanner data via PS2Recomp, GPL-3.0): libpad scePadGetReqState, SDK 3.0.1-3.1.0,…
0x0011C770	scePadInfoAct	280	library		SCE symbol database match (sce-symbol-scanner data via PS2Recomp, GPL-3.0): libpad scePadInfoAct, SDK 3.0.1-3.1.0, relo…
0x0011C888	scePadInfoComb	276	library		SCE symbol database match (sce-symbol-scanner data via PS2Recomp, GPL-3.0): libpad scePadInfoComb, SDK 3.0.1-3.1.0, rel…
0x0011C9A0	scePadInfoMode	308	library		SCE symbol database match (sce-symbol-scanner data via PS2Recomp, GPL-3.0): libpad scePadInfoMode, SDK 3.0.1-3.1.0, rel…
0x0011CAD8	scePadSetMainMode	180	library		SCE symbol database match (sce-symbol-scanner data via PS2Recomp, GPL-3.0): libpad scePadSetMainMode, SDK 2.0.0-3.1.0,…
0x0011CB90	scePadSetActDirect	200	library		SCE symbol database match (sce-symbol-scanner data via PS2Recomp, GPL-3.0): libpad scePadSetActDirect, SDK 3.0.1-3.1.0,…
0x0011CC58	scePadSetActAlign	216	library		SCE symbol database match (sce-symbol-scanner data via PS2Recomp, GPL-3.0): libpad scePadSetActAlign, SDK 2.0.0-3.1.0,…
0x0011CD30	scePadGetButtonMask	176	library		SCE symbol database match (sce-symbol-scanner data via PS2Recomp, GPL-3.0): libpad scePadGetButtonMask, SDK 3.0.1-3.1.0…
0x0011CDE0	scePadSetButtonInfo	176	library		SCE symbol database match (sce-symbol-scanner data via PS2Recomp, GPL-3.0): libpad scePadSetButtonInfo, SDK 2.0.0-3.1.0…
0x0011CE90	scePadInfoPressMode	128	library		SCE symbol database match (sce-symbol-scanner data via PS2Recomp, GPL-3.0): libpad scePadInfoPressMode, SDK 3.0.2-3.1.0…
0x0011CF10	scePadEnterPressMode	84	library		SCE symbol database match (sce-symbol-scanner data via PS2Recomp, GPL-3.0): libpad scePadEnterPressMode, SDK 2.1.1-3.1.…
0x0011CF68	scePadExitPressMode	84	library		SCE symbol database match (sce-symbol-scanner data via PS2Recomp, GPL-3.0): libpad scePadExitPressMode, SDK 2.1.1-3.1.0…
0x0011CFC0	scePadSetVrefParam	204	library		SCE symbol database match (sce-symbol-scanner data via PS2Recomp, GPL-3.0): libpad scePadSetVrefParam, SDK 2.0.0-3.1.0,…
0x0011D090	scePadGetPortMax	100	library		SCE symbol database match (sce-symbol-scanner data via PS2Recomp, GPL-3.0): libpad scePadGetPortMax, SDK 1.6.1-3.1.0, r…
0x0011D0F8	scePadGetSlotMax	104	library		SCE symbol database match (sce-symbol-scanner data via PS2Recomp, GPL-3.0): libpad scePadGetSlotMax, SDK 1.6.1-3.1.0, r…
0x0011D160	scePadGetModVersion	100	library		SCE symbol database match (sce-symbol-scanner data via PS2Recomp, GPL-3.0): libpad scePadGetModVersion, SDK 1.6.1-3.1.0…
0x0011D1C8	scePadSetWarningLevel	104	library		SCE symbol database match (sce-symbol-scanner data via PS2Recomp, GPL-3.0): libpad scePadSetWarningLevel, SDK 2.1.1-3.1…
0x0011D230	scePadSetDmaCallback	292	library		SCE symbol database match (sce-symbol-scanner data via PS2Recomp, GPL-3.0): libpad scePadSetDmaCallback, SDK 3.0.0-3.1.…
0x0011D358	scePadSetFlushRate	48	library		SCE symbol database match (sce-symbol-scanner data via PS2Recomp, GPL-3.0): libpad scePadSetFlushRate, SDK 3.0.2-3.1.0,…
0x0011D5B8	sceGifPkCloseGifTag	164	library		SCE symbol database match (sce-symbol-scanner data via PS2Recomp, GPL-3.0): libpkt sceGifPkCloseGifTag, SDK 2.2.4-3.0.2…
0x0011D660	sceGifPkAddGsAD	36	library		SCE symbol database match (sce-symbol-scanner data via PS2Recomp, GPL-3.0): libpkt sceGifPkAddGsAD, SDK 1.4.2-3.0.2, re…
0x0011D690	GetRomName	112	library		SCE symbol database match (sce-symbol-scanner data via PS2Recomp, GPL-3.0): libscf GetRomName, SDK 2.6.0-3.0.1-1, reloc…
0x0011D700	IsT10K	64	library		SCE symbol database match (sce-symbol-scanner data via PS2Recomp, GPL-3.0): libscf IsT10K, SDK 2.0.2-3.0.1-1, relocatio…
0x0011D740	sceScfGetLanguage	96	library		SCE symbol database match (sce-symbol-scanner data via PS2Recomp, GPL-3.0): libscf sceScfGetLanguage, SDK 2.0.2-3.0.1-1…
0x0011D7C0	sceScfGetAspect	64	library		SCE symbol database match (sce-symbol-scanner data via PS2Recomp, GPL-3.0): libscf sceScfGetAspect, SDK 2.0.2-3.0.1-1,…
0x0011D800	sceScfGetSpdif	60	library		SCE symbol database match (sce-symbol-scanner data via PS2Recomp, GPL-3.0): libscf sceScfGetSpdif, SDK 2.0.2-3.0.1-1, r…
0x0011D840	sceScfGetTimeZone	76	library		SCE symbol database match (sce-symbol-scanner data via PS2Recomp, GPL-3.0): libscf sceScfGetTimeZone, SDK 2.4.1-3.0.1-1…
0x0011D890	sceScfGetDateNotation	100	library		SCE symbol database match (sce-symbol-scanner data via PS2Recomp, GPL-3.0): libscf sceScfGetDateNotation, SDK 2.4.1-3.0…
0x0011D8F8	sceScfGetSummerTime	104	library		SCE symbol database match (sce-symbol-scanner data via PS2Recomp, GPL-3.0): libscf sceScfGetSummerTime, SDK 2.4.1-3.0.1…
0x0011D960	sceScfGetTimeNotation	104	library		SCE symbol database match (sce-symbol-scanner data via PS2Recomp, GPL-3.0): libscf sceScfGetTimeNotation, SDK 2.4.1-3.0…
0x0011D9C8	tobcd	44	library		SCE symbol database match (sce-symbol-scanner data via PS2Recomp, GPL-3.0): libscf tobcd, SDK 2.4.1-3.0.1-1, relocation…
0x0011D9F8	frombcd	32	library		SCE symbol database match (sce-symbol-scanner data via PS2Recomp, GPL-3.0): libscf frombcd, SDK 2.4.1-3.0.1-1, relocati…
0x0011DAE8	adddate	180	library		SCE symbol database match (sce-symbol-scanner data via PS2Recomp, GPL-3.0): libscf adddate, SDK 2.4.1-3.0.1-1, relocati…
0x0011DBA0	subdate	164	library		SCE symbol database match (sce-symbol-scanner data via PS2Recomp, GPL-3.0): libscf subdate, SDK 2.4.1-3.0.1-1, relocati…
0x0011DC48	addhour	48	library		SCE symbol database match (sce-symbol-scanner data via PS2Recomp, GPL-3.0): libscf addhour, SDK 2.4.1-3.0.1-1, relocati…
0x0011DC78	subhour	36	library		SCE symbol database match (sce-symbol-scanner data via PS2Recomp, GPL-3.0): libscf subhour, SDK 2.4.1-3.0.1-1, relocati…
0x0011DCA0	AdjustTime	140	library		SCE symbol database match (sce-symbol-scanner data via PS2Recomp, GPL-3.0): libscf AdjustTime, SDK 2.8.0-3.0.1-1, reloc…
0x0011DD38	sceScfGetLocalTimefromRTC	72	library		SCE symbol database match (sce-symbol-scanner data via PS2Recomp, GPL-3.0): libscf sceScfGetLocalTimefromRTC, SDK 2.4.1…
0x0011DD80	sceSdRemoteInit	176	library		SCE symbol database match (sce-symbol-scanner data via PS2Recomp, GPL-3.0): libsdr sceSdRemoteInit, SDK 2.8.0-3.1.0, re…
0x0011DE30	sceSdTransToIOP	132	library		SCE symbol database match (sce-symbol-scanner data via PS2Recomp, GPL-3.0): libsdr sceSdTransToIOP, SDK 2.3.0-3.1.0, re…
0x0011DED8	sceSdRemote	904	library		SCE symbol database match (sce-symbol-scanner data via PS2Recomp, GPL-3.0): libsdr sceSdRemote, SDK 2.8.0-3.1.0, reloca…
0x0011E298	atoi	40	library		SCE symbol database match (sce-symbol-scanner data via PS2Recomp, GPL-3.0): libc atoi, SDK 1.5.0-3.1.0, relocation-mask…
0x0011E2F0	_calloc_r	188	library		SCE symbol database match (sce-symbol-scanner data via PS2Recomp, GPL-3.0): libc _calloc_r, SDK 1.4.2-3.0.0, relocation…
0x0011E3B0	_close_r	88	library		SCE symbol database match (sce-symbol-scanner data via PS2Recomp, GPL-3.0): libc _close_r, SDK 1.4.2-3.0.0, relocation-…
0x0011E408	quorem	532	library		SCE symbol database match (sce-symbol-scanner data via PS2Recomp, GPL-3.0): libc quorem, SDK 1.6.1-3.0.0, relocation-ma…
0x0011E620	_dtoa_r	4556	library		SCE symbol database match (sce-symbol-scanner data via PS2Recomp, GPL-3.0): libc _dtoa_r, SDK 1.6.1-3.0.0, relocation-m…
0x0011F800	exit	176	library		SCE symbol database match (sce-symbol-scanner data via PS2Recomp, GPL-3.0): libc exit, SDK 1.6.1-3.0.0, relocation-mask…
0x0011F8B0	fflush	260	library		SCE symbol database match (sce-symbol-scanner data via PS2Recomp, GPL-3.0): libc fflush, SDK 1.6.1-3.0.0, relocation-ma…
0x0011F9B8	std	88	library		SCE symbol database match (sce-symbol-scanner data via PS2Recomp, GPL-3.0): libc std, SDK 1.4.2-3.0.0, relocation-maske…
0x0011FA10	__sfmoreglue	112	library		SCE symbol database match (sce-symbol-scanner data via PS2Recomp, GPL-3.0): libc __sfmoreglue, SDK 1.4.2-3.0.0, relocat…
0x0011FA80	__sfp	224	library		SCE symbol database match (sce-symbol-scanner data via PS2Recomp, GPL-3.0): libc __sfp, SDK 1.6.1-3.0.0, relocation-mas…
0x0011FB80	__sinit	140	library		SCE symbol database match (sce-symbol-scanner data via PS2Recomp, GPL-3.0): libc __sinit, SDK 1.4.2-3.0.0, relocation-m…
0x0011FC10	fread	284	library		SCE symbol database match (sce-symbol-scanner data via PS2Recomp, GPL-3.0): libc fread, SDK 1.6.5-3.0.0, relocation-mas…
0x0011FD30	_free_r	796	library		SCE symbol database match (sce-symbol-scanner data via PS2Recomp, GPL-3.0): libc _free_r, SDK 1.6.1-3.0.0, relocation-m…
0x00120050	_malloc_trim_r	364	library		SCE symbol database match (sce-symbol-scanner data via PS2Recomp, GPL-3.0): libc _malloc_trim_r, SDK 1.6.1-3.0.0, reloc…
0x00120220	__sfvwrite	984	library		SCE symbol database match (sce-symbol-scanner data via PS2Recomp, GPL-3.0): libc __sfvwrite, SDK 1.6.1-3.0.0, relocatio…
0x001205F8	_fwalk	148	library		SCE symbol database match (sce-symbol-scanner data via PS2Recomp, GPL-3.0): libc _fwalk, SDK 1.4.2-3.0.0, relocation-ma…
0x001206B0	_setlocale_r	132	library		SCE symbol database match (sce-symbol-scanner data via PS2Recomp, GPL-3.0): libc _setlocale_r, SDK 1.6.1-3.0.0, relocat…
0x00120800	__smakebuf	336	library		SCE symbol database match (sce-symbol-scanner data via PS2Recomp, GPL-3.0): libc __smakebuf, SDK 1.6.1-3.0.0, relocatio…
0x00120980	_memalign_r	464	library		SCE symbol database match (sce-symbol-scanner data via PS2Recomp, GPL-3.0): libc _memalign_r, SDK 1.4.2-2.8.0, relocati…
0x00120B88	malloc_extend_top	596	library		SCE symbol database match (sce-symbol-scanner data via PS2Recomp, GPL-3.0): libc malloc_extend_top, SDK 1.6.1-3.0.0, re…
0x00120DE0	_malloc_r	1912	library		SCE symbol database match (sce-symbol-scanner data via PS2Recomp, GPL-3.0): libc _malloc_r, SDK 1.6.1-3.0.0, relocation…
0x00121558	_mbtowc_r	60	wip		SCE symbol database match (sce-symbol-scanner data via PS2Recomp, GPL-3.0): libc _mbtowc_r, SDK 1.4.2-3.0.0, relocation…
0x00121598	memchr	224	library		SCE symbol database match (sce-symbol-scanner data via PS2Recomp, GPL-3.0): libc memchr, SDK 1.4.2-3.1.0, relocation-ma…
0x00121678	memcmp	148	library		SCE symbol database match (sce-symbol-scanner data via PS2Recomp, GPL-3.0): libc memcmp, SDK 1.4.2-3.1.0, relocation-ma…
0x00121710	memcpy	176	library		SCE symbol database match (sce-symbol-scanner data via PS2Recomp, GPL-3.0): libc memcpy, SDK 1.4.2-3.0.0, relocation-ma…
0x001217C0	memmove	260	library		SCE symbol database match (sce-symbol-scanner data via PS2Recomp, GPL-3.0): libc memmove, SDK 1.4.2-3.0.0, relocation-m…
0x001218C8	memset	192	library		SCE symbol database match (sce-symbol-scanner data via PS2Recomp, GPL-3.0): libc memset, SDK 1.4.2-3.0.0, relocation-ma…
0x00121998	_Balloc	168	library		SCE symbol database match (sce-symbol-scanner data via PS2Recomp, GPL-3.0): libc _Balloc, SDK 1.6.1-3.0.0, relocation-m…
0x00121A40	_Bfree	44	library		SCE symbol database match (sce-symbol-scanner data via PS2Recomp, GPL-3.0): libc _Bfree, SDK 1.4.2-3.1.0, relocation-ma…
0x00121A70	_multadd	276	library		SCE symbol database match (sce-symbol-scanner data via PS2Recomp, GPL-3.0): libc _multadd, SDK 1.6.1-3.0.0, relocation-…
0x00121B88	_s2b	328	library		SCE symbol database match (sce-symbol-scanner data via PS2Recomp, GPL-3.0): libc _s2b, SDK 1.6.1-3.0.0, relocation-mask…
0x00121CD0	_hi0bits	132	library		SCE symbol database match (sce-symbol-scanner data via PS2Recomp, GPL-3.0): libc _hi0bits, SDK 1.4.2-3.0.0, relocation-…
0x00121D58	_lo0bits	192	library		SCE symbol database match (sce-symbol-scanner data via PS2Recomp, GPL-3.0): libc _lo0bits, SDK 1.4.2-3.0.0, relocation-…
0x00121E18	_i2b	56	library		SCE symbol database match (sce-symbol-scanner data via PS2Recomp, GPL-3.0): libc _i2b, SDK 1.4.2-3.0.0, relocation-mask…
0x00121E50	_multiply	556	library		SCE symbol database match (sce-symbol-scanner data via PS2Recomp, GPL-3.0): libc _multiply, SDK 1.6.1-3.0.0, relocation…
0x00122080	_pow5mult	256	library		SCE symbol database match (sce-symbol-scanner data via PS2Recomp, GPL-3.0): libc _pow5mult, SDK 1.4.2-3.0.0, relocation…
0x00122180	_lshift	376	library		SCE symbol database match (sce-symbol-scanner data via PS2Recomp, GPL-3.0): libc _lshift, SDK 1.6.1-3.0.0, relocation-m…
0x001222F8	__mcmp	104	library		SCE symbol database match (sce-symbol-scanner data via PS2Recomp, GPL-3.0): libc __mcmp, SDK 1.4.2-3.0.0, relocation-ma…
0x00122360	__mdiff	400	library		SCE symbol database match (sce-symbol-scanner data via PS2Recomp, GPL-3.0): libc __mdiff, SDK 1.6.1-3.0.0, relocation-m…
0x001224F0	_ulp	152	library		SCE symbol database match (sce-symbol-scanner data via PS2Recomp, GPL-3.0): libc _ulp, SDK 1.4.2-3.0.0, relocation-mask…
0x00122588	_b2d	380	library		SCE symbol database match (sce-symbol-scanner data via PS2Recomp, GPL-3.0): libc _b2d, SDK 1.4.2-3.0.0, relocation-mask…
0x00122708	_d2b	380	library		SCE symbol database match (sce-symbol-scanner data via PS2Recomp, GPL-3.0): libc _d2b, SDK 1.4.2-3.0.0, relocation-mask…
0x00122888	_ratio	192	library		SCE symbol database match (sce-symbol-scanner data via PS2Recomp, GPL-3.0): libc _ratio, SDK 1.4.2-3.0.0, relocation-ma…
0x00122948	_mprec_log10	108	library		SCE symbol database match (sce-symbol-scanner data via PS2Recomp, GPL-3.0): libc _mprec_log10, SDK 1.4.2-3.0.0, relocat…
0x001229B8	_printf_r	60	library		SCE symbol database match (sce-symbol-scanner data via PS2Recomp, GPL-3.0): libc _printf_r, SDK 1.6.1-3.0.0, relocation…
0x001229F8	printf	80	library		SCE symbol database match (sce-symbol-scanner data via PS2Recomp, GPL-3.0): libc printf, SDK 1.6.1-3.0.0, relocation-ma…
0x00122A48	qsort	2596	library		SCE symbol database match (sce-symbol-scanner data via PS2Recomp, GPL-3.0): libc qsort, SDK 1.6.5-3.0.0, relocation-mas…
0x00123480	rand	48	library		SCE symbol database match (sce-symbol-scanner data via PS2Recomp, GPL-3.0): libc rand, SDK 1.4.2-3.0.0, relocation-mask…
0x00123540	_realloc_r	1392	library		SCE symbol database match (sce-symbol-scanner data via PS2Recomp, GPL-3.0): libc _realloc_r, SDK 1.6.5-3.0.0, relocatio…
0x00123AD0	__srefill	376	library		SCE symbol database match (sce-symbol-scanner data via PS2Recomp, GPL-3.0): libc __srefill, SDK 1.6.5-3.0.0, relocation…
0x00123EE8	_sbrk_r	92	library		SCE symbol database match (sce-symbol-scanner data via PS2Recomp, GPL-3.0): libc _sbrk_r, SDK 1.4.2-3.0.0, relocation-m…
0x00124128	_sprintf_r	104	library		SCE symbol database match (sce-symbol-scanner data via PS2Recomp, GPL-3.0): libc _sprintf_r, SDK 1.6.1-3.0.0, relocatio…
0x00124190	sprintf	112	library		SCE symbol database match (sce-symbol-scanner data via PS2Recomp, GPL-3.0): libc sprintf, SDK 1.6.1-3.0.0, relocation-m…
0x00124208	sscanf	136	library		SCE symbol database match (sce-symbol-scanner data via PS2Recomp, GPL-3.0): libc sscanf, SDK 1.6.5-3.0.0, relocation-ma…
0x00124290	__sread	100	library		SCE symbol database match (sce-symbol-scanner data via PS2Recomp, GPL-3.0): libc __sread, SDK 1.4.2-3.0.0, relocation-m…
0x001242F8	__swrite	128	library		SCE symbol database match (sce-symbol-scanner data via PS2Recomp, GPL-3.0): libc __swrite, SDK 1.4.2-3.0.0, relocation-…
0x00124378	__sseek	104	library		SCE symbol database match (sce-symbol-scanner data via PS2Recomp, GPL-3.0): libc __sseek, SDK 1.4.2-3.0.0, relocation-m…
0x00124400	strcasecmp	180	library		SCE symbol database match (sce-symbol-scanner data via PS2Recomp, GPL-3.0): libc strcasecmp, SDK 1.6.5-2.8.0, relocatio…
0x001244B8	strcat	300	library		SCE symbol database match (sce-symbol-scanner data via PS2Recomp, GPL-3.0): libc strcat, SDK 1.6.3-3.1.0, relocation-ma…
0x001245E8	strchr	400	library		SCE symbol database match (sce-symbol-scanner data via PS2Recomp, GPL-3.0): libc strchr, SDK 1.6.3-3.1.0, relocation-ma…
0x00124778	strcmp	324	library		SCE symbol database match (sce-symbol-scanner data via PS2Recomp, GPL-3.0): libc strcmp, SDK 1.4.2-3.1.0, relocation-ma…
0x001248C0	strcpy	276	library		SCE symbol database match (sce-symbol-scanner data via PS2Recomp, GPL-3.0): libc strcpy, SDK 1.4.2-3.0.0, relocation-ma…
0x001249D8	strlen	312	library		SCE symbol database match (sce-symbol-scanner data via PS2Recomp, GPL-3.0): libc strlen, SDK 1.4.2-3.1.0, relocation-ma…
0x00124B10	strncat	428	library		SCE symbol database match (sce-symbol-scanner data via PS2Recomp, GPL-3.0): libc strncat, SDK 1.5.3-3.0.2, relocation-m…
0x00124CC0	strncmp	440	library		SCE symbol database match (sce-symbol-scanner data via PS2Recomp, GPL-3.0): libc strncmp, SDK 1.4.2-3.1.0, relocation-m…
0x00124E78	strncpy	444	library		SCE symbol database match (sce-symbol-scanner data via PS2Recomp, GPL-3.0): libc strncpy, SDK 1.4.2-3.0.0, relocation-m…
0x00125038	strstr	108	library		SCE symbol database match (sce-symbol-scanner data via PS2Recomp, GPL-3.0): libc strstr, SDK 1.5.3-3.0.0, relocation-ma…
0x001250A8	_strtod_r	3840	library		SCE symbol database match (sce-symbol-scanner data via PS2Recomp, GPL-3.0): libc _strtod_r, SDK 1.6.3-3.0.0, relocation…
0x00126028	strtok_r	156	library		SCE symbol database match (sce-symbol-scanner data via PS2Recomp, GPL-3.0): libc strtok_r, SDK 1.5.3-3.0.0, relocation-…
0x001260C8	_strtol_r	568	library		SCE symbol database match (sce-symbol-scanner data via PS2Recomp, GPL-3.0): libc _strtol_r, SDK 1.6.3-3.0.0, relocation…
0x00126338	_strtoul_r	540	library		SCE symbol database match (sce-symbol-scanner data via PS2Recomp, GPL-3.0): libc _strtoul_r, SDK 1.6.5-3.0.0, relocatio…
0x001265D0	__submore	240	library		SCE symbol database match (sce-symbol-scanner data via PS2Recomp, GPL-3.0): libc __submore, SDK 1.6.5-3.0.0, relocation…
0x001266C0	ungetc	392	library		SCE symbol database match (sce-symbol-scanner data via PS2Recomp, GPL-3.0): libc ungetc, SDK 1.6.5-3.0.0, relocation-ma…
0x00126848	__sprint	68	library		SCE symbol database match (sce-symbol-scanner data via PS2Recomp, GPL-3.0): libc __sprint, SDK 1.4.2-3.0.0, relocation-…
0x00126890	__sbprintf	180	library		SCE symbol database match (sce-symbol-scanner data via PS2Recomp, GPL-3.0): libc __sbprintf, SDK 1.5.1-2.5.7, relocatio…
0x001269C0	_vfprintf_r	5400	library		SCE symbol database match (sce-symbol-scanner data via PS2Recomp, GPL-3.0): libc _vfprintf_r, SDK 1.6.1-3.0.0, relocati…
0x00127ED8	cvt	432	library		SCE symbol database match (sce-symbol-scanner data via PS2Recomp, GPL-3.0): libc cvt, SDK 1.6.1-3.0.0, relocation-maske…
0x00128088	exponent	224	library		SCE symbol database match (sce-symbol-scanner data via PS2Recomp, GPL-3.0): libc exponent, SDK 1.6.1-3.0.0, relocation-…
0x00128168	__svfscanf	2824	library		SCE symbol database match (sce-symbol-scanner data via PS2Recomp, GPL-3.0): libc __svfscanf, SDK 1.6.5-3.0.0, relocatio…
0x00128C70	__sccl	260	library		SCE symbol database match (sce-symbol-scanner data via PS2Recomp, GPL-3.0): libc __sccl, SDK 1.6.5-3.0.0, relocation-ma…
0x00128D78	vsprintf	84	library		SCE symbol database match (sce-symbol-scanner data via PS2Recomp, GPL-3.0): libc vsprintf, SDK 1.5.3-3.0.0, relocation-…
0x00128E30	__swsetup	268	library		SCE symbol database match (sce-symbol-scanner data via PS2Recomp, GPL-3.0): libc __swsetup, SDK 1.6.1-3.0.0, relocation…
0x00128F40	__ieee754_log	1260	library		SCE symbol database match (sce-symbol-scanner data via PS2Recomp, GPL-3.0): libm __ieee754_log, SDK 1.5.1-2.5.7, reloca…
0x00129430	__ieee754_log10	392	library		SCE symbol database match (sce-symbol-scanner data via PS2Recomp, GPL-3.0): libm __ieee754_log10, SDK 2.3.0, relocation…
0x001295B8	__ieee754_pow	3368	library		SCE symbol database match (sce-symbol-scanner data via PS2Recomp, GPL-3.0): libm __ieee754_pow, SDK 1.6.5-2.5.7, reloca…
0x0012A2E0	__ieee754_rem_pio2	1308	library		SCE symbol database match (sce-symbol-scanner data via PS2Recomp, GPL-3.0): libm __ieee754_rem_pio2, SDK 1.6.5-3.0.0, r…
0x0012A800	__ieee754_sqrt	772	library		SCE symbol database match (sce-symbol-scanner data via PS2Recomp, GPL-3.0): libm __ieee754_sqrt, SDK 1.6.1-2.7.0, reloc…
0x0012AB08	__ieee754_acosf	1072	library		SCE symbol database match (sce-symbol-scanner data via PS2Recomp, GPL-3.0): libm __ieee754_acosf, SDK 1.5.3-2.7.1, relo…
0x0012AF38	__ieee754_asinf	924	library		SCE symbol database match (sce-symbol-scanner data via PS2Recomp, GPL-3.0): libm __ieee754_asinf, SDK 1.4.2-2.5.7, relo…
0x0012B2D8	__ieee754_atan2f	744	library		SCE symbol database match (sce-symbol-scanner data via PS2Recomp, GPL-3.0): libm __ieee754_atan2f, SDK 1.4.2-3.0.0, rel…
0x0012B5C0	__ieee754_fmodf	592	library		SCE symbol database match (sce-symbol-scanner data via PS2Recomp, GPL-3.0): libm __ieee754_fmodf, SDK 1.6.3-2.5.7, relo…
0x0012B810	__ieee754_powf	2188	library		SCE symbol database match (sce-symbol-scanner data via PS2Recomp, GPL-3.0): libm __ieee754_powf, SDK 1.6.3-3.0.0, reloc…
0x0012C0A0	__ieee754_rem_pio2f	992	library		SCE symbol database match (sce-symbol-scanner data via PS2Recomp, GPL-3.0): libm __ieee754_rem_pio2f, SDK 1.6.1-3.0.0,…
0x0012C480	__ieee754_sqrtf	312	library		SCE symbol database match (sce-symbol-scanner data via PS2Recomp, GPL-3.0): libm __ieee754_sqrtf, SDK 1.6.1-3.0.0, relo…
0x0012C5B8	__kernel_rem_pio2	2920	library		SCE symbol database match (sce-symbol-scanner data via PS2Recomp, GPL-3.0): libm __kernel_rem_pio2, SDK 1.6.5-3.0.0, re…
0x0012D120	__kernel_tan	1144	library		SCE symbol database match (sce-symbol-scanner data via PS2Recomp, GPL-3.0): libm __kernel_tan, SDK 1.6.5-2.3.0, relocat…
0x0012D598	__kernel_cosf	344	library		SCE symbol database match (sce-symbol-scanner data via PS2Recomp, GPL-3.0): libm __kernel_cosf, SDK 1.6.1-3.0.0, reloca…
0x0012D6F0	__kernel_rem_pio2f	2380	library		SCE symbol database match (sce-symbol-scanner data via PS2Recomp, GPL-3.0): libm __kernel_rem_pio2f, SDK 1.6.1-3.0.0, r…
0x0012E040	__kernel_sinf	260	library		SCE symbol database match (sce-symbol-scanner data via PS2Recomp, GPL-3.0): libm __kernel_sinf, SDK 1.6.1-3.0.0, reloca…
0x0012E148	fabs	52	library		SCE symbol database match (sce-symbol-scanner data via PS2Recomp, GPL-3.0): libm fabs, SDK 1.4.2-3.0.0, relocation-mask…
0x0012E180	floor	472	library		SCE symbol database match (sce-symbol-scanner data via PS2Recomp, GPL-3.0): libm floor, SDK 1.5.0-3.0.0, relocation-mas…
0x0012E358	matherr	36	library		SCE symbol database match (sce-symbol-scanner data via PS2Recomp, GPL-3.0): libm matherr, SDK 1.4.2-3.0.0, relocation-m…
0x0012E380	rint	508	library		SCE symbol database match (sce-symbol-scanner data via PS2Recomp, GPL-3.0): libm rint, SDK 1.4.2-3.0.0, relocation-mask…
0x0012E580	tan	144	library		SCE symbol database match (sce-symbol-scanner data via PS2Recomp, GPL-3.0): libm tan, SDK 1.6.5-2.3.0, relocation-maske…
0x0012E610	atanf	680	library		SCE symbol database match (sce-symbol-scanner data via PS2Recomp, GPL-3.0): libm atanf, SDK 1.4.2-3.0.0, relocation-mas…
0x0012E8B8	cosf	232	library		SCE symbol database match (sce-symbol-scanner data via PS2Recomp, GPL-3.0): libm cosf, SDK 1.4.2-3.0.0, relocation-mask…
0x0012E9C0	floorf	228	library		SCE symbol database match (sce-symbol-scanner data via PS2Recomp, GPL-3.0): libm floorf, SDK 1.4.2-3.0.0, relocation-ma…
0x0012EAA8	sinf	240	library		SCE symbol database match (sce-symbol-scanner data via PS2Recomp, GPL-3.0): libm sinf, SDK 1.4.2-3.0.0, relocation-mask…
0x0012EB98	log10	328	library		SCE symbol database match (sce-symbol-scanner data via PS2Recomp, GPL-3.0): libm log10, SDK 2.3.0, relocation-masked sh…
0x0012ECE0	pow	1072	library		SCE symbol database match (sce-symbol-scanner data via PS2Recomp, GPL-3.0): libm pow, SDK 1.6.5-2.5.7, relocation-maske…
0x0012F310	atan2f	296	library		SCE symbol database match (sce-symbol-scanner data via PS2Recomp, GPL-3.0): libm atan2f, SDK 1.4.2-3.0.0, relocation-ma…
0x0012F438	fmodf	316	library		SCE symbol database match (sce-symbol-scanner data via PS2Recomp, GPL-3.0): libm fmodf, SDK 1.6.3-2.5.7, relocation-mas…
0x0012F578	powf	1288	library		SCE symbol database match (sce-symbol-scanner data via PS2Recomp, GPL-3.0): libm powf, SDK 1.6.3-3.0.0, relocation-mask…
0x0012FA80	sqrtf	276	library		SCE symbol database match (sce-symbol-scanner data via PS2Recomp, GPL-3.0): libm sqrtf, SDK 1.6.1-2.5.7, relocation-mas…
0x0012FB98	__divdi3	1772	library		SCE symbol database match (sce-symbol-scanner data via PS2Recomp, GPL-3.0): libgcc __divdi3, SDK 1.6.1-2.8.0, relocatio…
0x00130288	__fixdfdi	92	library		SCE symbol database match (sce-symbol-scanner data via PS2Recomp, GPL-3.0): libgcc __fixdfdi, SDK 1.5.0-2.8.0, relocati…
0x001302E8	__fixunsdfdi	236	library		SCE symbol database match (sce-symbol-scanner data via PS2Recomp, GPL-3.0): libgcc __fixunsdfdi, SDK 1.4.2-2.8.0, reloc…
0x001303D8	__fixunssfdi	244	library		SCE symbol database match (sce-symbol-scanner data via PS2Recomp, GPL-3.0): libgcc __fixunssfdi, SDK 1.4.2-2.8.0, reloc…
0x001304D0	__floatdidf	152	library		SCE symbol database match (sce-symbol-scanner data via PS2Recomp, GPL-3.0): libgcc __floatdidf, SDK 1.4.2-2.8.0, reloca…
0x00130568	__floatdisf	224	library		SCE symbol database match (sce-symbol-scanner data via PS2Recomp, GPL-3.0): libgcc __floatdisf, SDK 1.4.2-2.8.0, reloca…
0x00130648	__moddi3	1640	library		SCE symbol database match (sce-symbol-scanner data via PS2Recomp, GPL-3.0): libgcc __moddi3, SDK 1.6.1-2.8.0, relocatio…
0x00130CB0	__muldi3	96	library		SCE symbol database match (sce-symbol-scanner data via PS2Recomp, GPL-3.0): libgcc __muldi3, SDK 1.4.2-2.8.0, relocatio…
0x00130D10	__udivdi3	1488	library		SCE symbol database match (sce-symbol-scanner data via PS2Recomp, GPL-3.0): libgcc __udivdi3, SDK 1.6.1-2.8.0, relocati…
0x001312E0	__umoddi3	1344	library		SCE symbol database match (sce-symbol-scanner data via PS2Recomp, GPL-3.0): libgcc __umoddi3, SDK 1.6.1-2.8.0, relocati…
0x00131820	__pack_d	300	library		SCE symbol database match (sce-symbol-scanner data via PS2Recomp, GPL-3.0): libgcc __pack_d, SDK 1.4.2-2.8.0, relocatio…
0x00131950	__unpack_d	156	library		SCE symbol database match (sce-symbol-scanner data via PS2Recomp, GPL-3.0): libgcc __unpack_d, SDK 1.4.2-2.8.0, relocat…
0x00131C30	dpadd	88	library		SCE symbol database match (sce-symbol-scanner data via PS2Recomp, GPL-3.0): libgcc dpadd, SDK 1.4.2-2.8.0, relocation-m…
0x00131C88	dpsub	100	library		SCE symbol database match (sce-symbol-scanner data via PS2Recomp, GPL-3.0): libgcc dpsub, SDK 1.4.2-2.8.0, relocation-m…
0x00131CF0	dpmul	680	library		SCE symbol database match (sce-symbol-scanner data via PS2Recomp, GPL-3.0): libgcc dpmul, SDK 1.6.1-2.8.0, relocation-m…
0x00131F98	dpdiv	360	library		SCE symbol database match (sce-symbol-scanner data via PS2Recomp, GPL-3.0): libgcc dpdiv, SDK 1.6.1-2.8.0, relocation-m…
0x00132100	__fpcmp_parts_d	276	library		SCE symbol database match (sce-symbol-scanner data via PS2Recomp, GPL-3.0): libgcc __fpcmp_parts_d, SDK 1.4.2-2.8.0, re…
0x00132218	dpcmp	76	library		SCE symbol database match (sce-symbol-scanner data via PS2Recomp, GPL-3.0): libgcc dpcmp, SDK 1.4.2-2.8.0, relocation-m…
0x00132268	litodp	184	library		SCE symbol database match (sce-symbol-scanner data via PS2Recomp, GPL-3.0): libgcc litodp, SDK 1.6.1-2.8.0, relocation-…
0x00132320	dptoli	148	library		SCE symbol database match (sce-symbol-scanner data via PS2Recomp, GPL-3.0): libgcc dptoli, SDK 1.4.2-2.8.0, relocation-…
0x001323B8	dptoul	160	library		SCE symbol database match (sce-symbol-scanner data via PS2Recomp, GPL-3.0): libgcc dptoul, SDK 1.4.2-2.8.0, relocation-…
0x00132458	__negdf2	56	library		SCE symbol database match (sce-symbol-scanner data via PS2Recomp, GPL-3.0): libgcc __negdf2, SDK 1.4.2-2.8.0, relocatio…
0x00132490	__make_dp	44	library		SCE symbol database match (sce-symbol-scanner data via PS2Recomp, GPL-3.0): libgcc __make_dp, SDK 1.4.2-2.8.0, relocati…
0x001324C0	dptofp	84	library		SCE symbol database match (sce-symbol-scanner data via PS2Recomp, GPL-3.0): libgcc dptofp, SDK 1.4.2-2.8.0, relocation-…
0x00132518	__pack_f	268	library		SCE symbol database match (sce-symbol-scanner data via PS2Recomp, GPL-3.0): libgcc __pack_f, SDK 1.4.2-2.8.0, relocatio…
0x00132628	__unpack_f	144	library		SCE symbol database match (sce-symbol-scanner data via PS2Recomp, GPL-3.0): libgcc __unpack_f, SDK 1.4.2-2.8.0, relocat…
0x001328F0	fpadd	88	library		SCE symbol database match (sce-symbol-scanner data via PS2Recomp, GPL-3.0): libgcc fpadd, SDK 1.4.2-2.8.0, relocation-m…
0x00132948	fpsub	100	library		SCE symbol database match (sce-symbol-scanner data via PS2Recomp, GPL-3.0): libgcc fpsub, SDK 1.4.2-2.8.0, relocation-m…
0x001329B0	fpmul	500	library		SCE symbol database match (sce-symbol-scanner data via PS2Recomp, GPL-3.0): libgcc fpmul, SDK 1.6.1-2.8.0, relocation-m…
0x00132BA8	fpdiv	352	library		SCE symbol database match (sce-symbol-scanner data via PS2Recomp, GPL-3.0): libgcc fpdiv, SDK 1.6.1-2.8.0, relocation-m…
0x00132D08	__fpcmp_parts_f	276	library		SCE symbol database match (sce-symbol-scanner data via PS2Recomp, GPL-3.0): libgcc __fpcmp_parts_f, SDK 1.4.2-2.8.0, re…
0x00132E20	fpcmp	76	library		SCE symbol database match (sce-symbol-scanner data via PS2Recomp, GPL-3.0): libgcc fpcmp, SDK 1.4.2-2.8.0, relocation-m…
0x00132E70	sitofp	184	library		SCE symbol database match (sce-symbol-scanner data via PS2Recomp, GPL-3.0): libgcc sitofp, SDK 1.6.1-2.8.0, relocation-…
0x00132F28	fptosi	140	library		SCE symbol database match (sce-symbol-scanner data via PS2Recomp, GPL-3.0): libgcc fptosi, SDK 1.4.2-2.8.0, relocation-…
0x00132FB8	fptoui	152	library		SCE symbol database match (sce-symbol-scanner data via PS2Recomp, GPL-3.0): libgcc fptoui, SDK 1.4.2-2.8.0, relocation-…
0x00133050	__negsf2	56	library		SCE symbol database match (sce-symbol-scanner data via PS2Recomp, GPL-3.0): libgcc __negsf2, SDK 1.4.2-2.8.0, relocatio…
0x00133088	__make_fp	44	library		SCE symbol database match (sce-symbol-scanner data via PS2Recomp, GPL-3.0): libgcc __make_fp, SDK 1.4.2-2.8.0, relocati…
0x001330B8	fptodp	64	library		SCE symbol database match (sce-symbol-scanner data via PS2Recomp, GPL-3.0): libgcc fptodp, SDK 1.4.2-2.8.0, relocation-…
0x0013F490	ADXRNA_GetStat	52	library		debug string D_004E62E8 begins with this name and only this function references it
0x0014C7C0	DTR_ExecHndl	868	library		debug string D_004E8070 begins with this name and only this function references it
0x0014CBF0	DTR_Init	104	library		debug string D_004E8138 begins with this name and only this function references it
0x0014D108	DTX_Create	408	library		debug string D_004E8230 begins with this name and only this function references it
0x001536D0	PS2RNA_SetupVoice	188	library		debug string D_004E98F0 begins with this name and only this function references it
0x00154C78	PS2RNA_Start	72	library		debug string D_004E9C48 begins with this name and only this function references it
0x00154ED0	PS2RNA_ClearBuf	72	library		debug string D_004E9C68 begins with this name and only this function references it
0x00154F18	PS2RNA_SetPcmType	72	library		debug string D_004E9C90 begins with this name and only this function references it
0x001552C8	PS2RNA_SetStartSmpl	72	library		debug string D_004E9CB8 begins with this name and only this function references it
0x00155478	PS2RNA_SetBitPerSmpl	80	library		debug string D_004E9D20 begins with this name and only this function references it
0x001554C8	PS2RNA_GetStartSmpl	68	library		debug string D_004E9D50 begins with this name and only this function references it
0x00155600	PS2RNA_IsOverflow	68	library		debug string D_004E9D78 begins with this name and only this function references it
0x00155648	PS2RNA_ClearOverflow	72	library		debug string D_004E9DA0 begins with this name and only this function references it
0x00155698	PS2RNA_DiscardData	68	library		debug string D_004E9DC8 begins with this name and only this function references it
0x001556E0	PS2RNA_SetTotalNumSmpl	72	library		debug string D_004E9DF0 begins with this name and only this function references it
0x00155728	PS2RNA_SetStmHdInfo	68	library		debug string D_004E9E20 begins with this name and only this function references it
0x001598E0	_dpfge	36	library		SCE symbol database match (sce-symbol-scanner data via PS2Recomp, GPL-3.0): gcc_wrapper _dpfge, SDK 2.4.1-3.1.0, reloca…
0x00159970	_f_ulltof	60	library		SCE symbol database match (sce-symbol-scanner data via PS2Recomp, GPL-3.0): gcc_wrapper _f_ulltof, SDK 2.4.1-2.8.1, rel…
0x00229520	sys_bp	724	asm	gameplay/game_00.014	debug string D_005024C0 begins with this name and only this function references it
0x003536C8	sceCdCallback	104	library		SCE symbol database match (sce-symbol-scanner data via PS2Recomp, GPL-3.0): libcdvd sceCdCallback, SDK 2.7.1-3.1.0, rel…
0x00353940	_sceCd_cd_read_intr	184	library		SCE symbol database match (sce-symbol-scanner data via PS2Recomp, GPL-3.0): libcdvd _sceCd_cd_read_intr, SDK 2.5.2-3.1.…
0x003539F8	cmd_sem_init	228	library		SCE symbol database match (sce-symbol-scanner data via PS2Recomp, GPL-3.0): libcdvd cmd_sem_init, SDK 3.0.0-3.1.0, relo…
0x00353AE0	cdvd_exit	160	library		SCE symbol database match (sce-symbol-scanner data via PS2Recomp, GPL-3.0): libcdvd cdvd_exit, SDK 2.6.0-3.1.0, relocat…
0x00353B80	sceCdPOffCallback	128	library		SCE symbol database match (sce-symbol-scanner data via PS2Recomp, GPL-3.0): libcdvd sceCdPOffCallback, SDK 2.7.1-3.1.0,…
0x00353C58	PowerOffCB	120	library		SCE symbol database match (sce-symbol-scanner data via PS2Recomp, GPL-3.0): libcdvd PowerOffCB, SDK 2.5.0-3.1.0, reloca…
0x00353CD0	sceCdLayerSearchFile	764	library		SCE symbol database match (sce-symbol-scanner data via PS2Recomp, GPL-3.0): libcdvd sceCdLayerSearchFile, SDK 3.0.0-3.1…
0x00353FF0	_sceCd_ncmd_prechk	344	library		SCE symbol database match (sce-symbol-scanner data via PS2Recomp, GPL-3.0): libcdvd _sceCd_ncmd_prechk, SDK 3.0.0-3.1.0…
0x00354148	sceCdNcmdDiskReady	152	library		SCE symbol database match (sce-symbol-scanner data via PS2Recomp, GPL-3.0): libcdvd sceCdNcmdDiskReady, SDK 2.2.4-3.1.0…
0x003541E0	sceCdSync	160	library		SCE symbol database match (sce-symbol-scanner data via PS2Recomp, GPL-3.0): libcdvd sceCdSync, SDK 2.8.0-3.1.0, relocat…
0x00354280	sceCdSyncS	108	library		SCE symbol database match (sce-symbol-scanner data via PS2Recomp, GPL-3.0): libcdvd sceCdSyncS, SDK 2.8.0-3.1.0, reloca…
0x003542F0	_sceCd_scmd_prechk	344	library		SCE symbol database match (sce-symbol-scanner data via PS2Recomp, GPL-3.0): libcdvd _sceCd_scmd_prechk, SDK 3.0.0-3.1.0…
0x00354448	_sceCdSC	176	library		SCE symbol database match (sce-symbol-scanner data via PS2Recomp, GPL-3.0): libcdvd _sceCdSC, SDK 2.7.1-3.1.0, relocati…
0x003544F8	sceCdInit	744	library		SCE symbol database match (sce-symbol-scanner data via PS2Recomp, GPL-3.0): libcdvd sceCdInit, SDK 3.0.0-3.1.0, relocat…
0x003547E0	sceCdDiskReady_old	536	library		SCE symbol database match (sce-symbol-scanner data via PS2Recomp, GPL-3.0): libcdvd sceCdDiskReady_old, SDK 3.0.0-3.1.0…
0x003549F8	sceCdDiskReady	544	library		SCE symbol database match (sce-symbol-scanner data via PS2Recomp, GPL-3.0): libcdvd sceCdDiskReady, SDK 3.0.0-3.1.0, re…
0x00354C18	sceCdRead	480	library		SCE symbol database match (sce-symbol-scanner data via PS2Recomp, GPL-3.0): libcdvd sceCdRead, SDK 2.2.4-3.0.1, relocat…
0x00354DF8	sceCdSeek	204	library		SCE symbol database match (sce-symbol-scanner data via PS2Recomp, GPL-3.0): libcdvd sceCdSeek, SDK 2.3.2-3.0.1, relocat…
0x00354EC8	sceCdStandby	172	library		SCE symbol database match (sce-symbol-scanner data via PS2Recomp, GPL-3.0): libcdvd sceCdStandby, SDK 2.2.4-3.0.0, relo…
0x00354F78	sceCdGetError	152	library		SCE symbol database match (sce-symbol-scanner data via PS2Recomp, GPL-3.0): libcdvd sceCdGetError, SDK 2.2.4-3.0.1, rel…
0x00355010	sceCdStatus	184	library		SCE symbol database match (sce-symbol-scanner data via PS2Recomp, GPL-3.0): libcdvd sceCdStatus, SDK 1.6.3-2.2.2, reloc…
0x003550C8	sceCdBreak	184	library		SCE symbol database match (sce-symbol-scanner data via PS2Recomp, GPL-3.0): libcdvd sceCdBreak, SDK 2.2.4-3.0.1, reloca…
0x00355180	sceCdMmode	208	library		SCE symbol database match (sce-symbol-scanner data via PS2Recomp, GPL-3.0): libcdvd sceCdMmode, SDK 2.6.0-3.1.0, reloca…
0x00355278	sceCdReadClock	188	library		SCE symbol database match (sce-symbol-scanner data via PS2Recomp, GPL-3.0): libcdvd sceCdReadClock, SDK 3.0.0-3.1.0, re…
0x00355338	sceCdStInit	44	library		SCE symbol database match (sce-symbol-scanner data via PS2Recomp, GPL-3.0): libcdvd sceCdStInit, SDK 1.6.1-3.0.2, reloc…
0x00355368	sceCdStStart	52	library		SCE symbol database match (sce-symbol-scanner data via PS2Recomp, GPL-3.0): libcdvd sceCdStStart, SDK 1.6.1-3.0.2, relo…
0x003553A0	sceCdStSeekF	44	library		SCE symbol database match (sce-symbol-scanner data via PS2Recomp, GPL-3.0): libcdvd sceCdStSeekF, SDK 2.0.7-3.0.2, relo…
0x003553D0	sceCdStSeek	44	library		SCE symbol database match (sce-symbol-scanner data via PS2Recomp, GPL-3.0): libcdvd sceCdStSeek, SDK 1.4.2-3.0.2, reloc…
0x00355400	sceCdStStop	56	library		SCE symbol database match (sce-symbol-scanner data via PS2Recomp, GPL-3.0): libcdvd sceCdStStop, SDK 1.6.1-3.0.2, reloc…
0x00355438	sceCdStRead	392	library		SCE symbol database match (sce-symbol-scanner data via PS2Recomp, GPL-3.0): libcdvd sceCdStRead, SDK 2.8.0-3.0.2, reloc…
0x003555C0	sceCdStPause	80	library		SCE symbol database match (sce-symbol-scanner data via PS2Recomp, GPL-3.0): libcdvd sceCdStPause, SDK 1.6.1-2.2.2, relo…
0x00355610	sceCdStResume	84	library		SCE symbol database match (sce-symbol-scanner data via PS2Recomp, GPL-3.0): libcdvd sceCdStResume, SDK 1.6.1-2.2.2, rel…
0x00355668	sceCdStStat	72	library		SCE symbol database match (sce-symbol-scanner data via PS2Recomp, GPL-3.0): libcdvd sceCdStStat, SDK 1.4.2-2.2.2, reloc…
0x003556B0	sceCdStream	360	library		SCE symbol database match (sce-symbol-scanner data via PS2Recomp, GPL-3.0): libcdvd sceCdStream, SDK 2.2.4-3.0.2, reloc…
