address	name	label
0x00100000	func_00100000	core
0x00100008	entry	platform
0x00100218	func_00100218	core
0x00100220	func_00100220	core
0x00158030	func_00158030	gameplay/game_00.001
0x001580E0	func_001580E0	platform
0x00158140	func_00158140	gameplay/game_00.001
0x00158178	func_00158178	gameplay/game_00.001
0x00158248	func_00158248	platform
0x001582A0	func_001582A0	platform
0x001582F0	func_001582F0	platform
0x00158348	func_00158348	gameplay/game_00.001
0x00158378	func_00158378	platform
0x001583E8	func_001583E8	gameplay/game_00.001
0x00158418	func_00158418	platform
0x00158488	func_00158488	gameplay/game_00.001
0x001584D8	func_001584D8	gameplay/game_00.001
0x00158528	func_00158528	platform
0x00158578	func_00158578	platform
0x001585E0	func_001585E0	platform
0x00158630	func_00158630	gameplay/game_00.001
0x00158670	func_00158670	platform
0x00158710	func_00158710	platform
0x00158820	func_00158820	gameplay/game_00.001
0x00158838	func_00158838	platform
0x001589D0	func_001589D0	platform
0x00158A48	func_00158A48	platform
0x00158B40	func_00158B40	platform
0x00158B88	func_00158B88	gameplay/game_00.001
0x00158B98	func_00158B98	gameplay/game_00.001
0x00158BF8	func_00158BF8	gameplay/game_00.001
0x00158C88	func_00158C88	gameplay/game_00.001
0x00158CA0	func_00158CA0	gameplay/game_00.001
0x00158CB8	func_00158CB8	gameplay/game_00.001
0x00158CD0	func_00158CD0	gameplay/game_00.001
0x00158CE8	func_00158CE8	gameplay/game_00.001
0x00158D00	func_00158D00	gameplay/game_00.001
0x00158D18	func_00158D18	gameplay/game_00.001
0x00158D30	func_00158D30	gameplay/game_00.001
0x00158D48	func_00158D48	gameplay/game_00.001
0x00158D60	func_00158D60	gameplay/game_00.001
0x00158D78	func_00158D78	gameplay/game_00.001
0x00158D90	func_00158D90	gameplay/game_00.001
0x00158DA8	func_00158DA8	gameplay/game_00.001
0x00158DB8	func_00158DB8	platform
0x00158E68	func_00158E68	platform
0x00158EE8	func_00158EE8	platform
0x00158F60	func_00158F60	gameplay/game_00.001
0x00158F78	func_00158F78	gameplay/game_00.001
0x00158FE0	func_00158FE0	gameplay/game_00.001
0x001590A0	func_001590A0	gameplay/game_00.001
0x001590E0	func_001590E0	gameplay/game_00.001
0x00159178	func_00159178	gameplay/game_00.001
0x00159190	func_00159190	gameplay/game_00.001
0x00159200	func_00159200	gameplay/game_00.001
0x00159300	func_00159300	gameplay/game_00.001
0x00159358	func_00159358	gameplay/game_00.001
0x00159398	func_00159398	gameplay/game_00.001
0x001593D8	func_001593D8	gameplay/game_00.001
0x001593F0	func_001593F0	gameplay/game_00.001
0x00159408	func_00159408	gameplay/game_00.001
0x001594D0	func_001594D0	gameplay/game_00.001
0x00159568	func_00159568	gameplay/game_00.001
0x00159580	func_00159580	gameplay/game_00.001
0x00159598	func_00159598	gameplay/game_00.001
0x001595B0	func_001595B0	gameplay/game_00.001
0x001595C8	func_001595C8	gameplay/game_00.001
0x001595E0	func_001595E0	gameplay/game_00.001
0x001595F8	func_001595F8	gameplay/game_00.001
0x00159610	func_00159610	gameplay/game_00.001
0x00159628	func_00159628	gameplay/game_00.001
0x00159650	func_00159650	gameplay/game_00.001
0x001596F8	func_001596F8	gameplay/game_00.001
0x00159738	func_00159738	gameplay/game_00.001
0x00159790	func_00159790	gameplay/game_00.001
0x001597F8	func_001597F8	gameplay/game_00.001
0x00159820	func_00159820	gameplay/game_00.001
0x00159838	func_00159838	gameplay/game_00.001
0x00159850	func_00159850	gameplay/game_00.001
0x00159868	func_00159868	gameplay/game_00.001
0x00159898	func_00159898	gameplay/game_00.001
0x001598C8	func_001598C8	gameplay/game_00.001
0x00159910	func_00159910	gameplay/game_00.001
0x00159930	func_00159930	gameplay/game_00.001
0x00159950	func_00159950	gameplay/game_00.001
0x001599B0	func_001599B0	gameplay/game_00.001
0x00159A90	func_00159A90	gameplay/game_00.002
0x00159AA0	func_00159AA0	gameplay/game_00.002
0x00159B20	func_00159B20	gameplay/game_00.002
0x00159B40	func_00159B40	gameplay/game_00.002
0x00159B60	func_00159B60	gameplay/game_00.002
0x00159BB0	func_00159BB0	gameplay/game_00.002
0x00159C90	func_00159C90	gameplay/game_00.002
0x00159E30	func_00159E30	gameplay/game_00.003
0x00159E40	func_00159E40	platform
0x0015A220	func_0015A220	gameplay/game_00.003
0x0015A260	func_0015A260	gameplay/game_00.004
0x0015A2E0	func_0015A2E0	gameplay/game_00.005
0x0015A310	func_0015A310	gameplay/game_00.005
0x0015A360	func_0015A360	gameplay/game_00.005
0x0015A3D0	func_0015A3D0	gameplay/game_00.005
0x0015A410	func_0015A410	gameplay/game_00.005
0x0015A450	func_0015A450	gameplay/game_00.005
0x0015A4A0	func_0015A4A0	gameplay/game_00.005
0x0015A4F0	func_0015A4F0	gameplay/game_00.005
0x0015A520	func_0015A520	gameplay/game_00.005
0x0015A580	func_0015A580	gameplay/game_00.005
0x0015A590	func_0015A590	gameplay/game_00.005
0x0015A5B0	func_0015A5B0	gameplay/game_00.005
0x0015A690	func_0015A690	gameplay/game_00.005
0x0015A6F0	func_0015A6F0	gameplay/game_00.006
0x0015A7C0	func_0015A7C0	platform
0x0015A810	func_0015A810	core
0x0015A9F0	func_0015A9F0	core
0x0015AA30	func_0015AA30	gameplay/game_00.006
0x0015AA40	func_0015AA40	platform
0x0015AB90	func_0015AB90	platform
0x0015ACE0	func_0015ACE0	platform
0x0015AE00	func_0015AE00	core
0x0015AF20	func_0015AF20	platform
0x0015AF90	func_0015AF90	gameplay/game_00.006
0x0015AFB0	func_0015AFB0	gameplay/game_00.003
0x0015AFD0	func_0015AFD0	platform
0x0015B030	func_0015B030	gameplay/game_00.003
0x0015B050	func_0015B050	gameplay/game_00.003
0x0015B0F0	func_0015B0F0	platform
0x0015B1B0	func_0015B1B0	gameplay/game_00.003
0x0015B240	func_0015B240	gameplay/game_00.003
0x0015B2C0	func_0015B2C0	gameplay/game_00.003
0x0015B2E0	func_0015B2E0	gameplay/game_00.003
0x0015B310	func_0015B310	gameplay/game_00.003
0x0015B340	func_0015B340	platform
0x0015B3E0	func_0015B3E0	platform
0x0015B6A0	func_0015B6A0	gameplay/game_00.003
0x0015B6B0	func_0015B6B0	platform
0x0015B6E0	func_0015B6E0	platform
0x0015B9D0	func_0015B9D0	platform
0x0015BB20	func_0015BB20	gameplay/game_00.003
0x0015BB60	func_0015BB60	gameplay/game_00.006
0x0015BC00	func_0015BC00	gameplay/game_00.007
0x0015BC20	func_0015BC20	gameplay/game_00.007
0x0015BC60	func_0015BC60	gameplay/game_00.007
0x0015BC80	func_0015BC80	gameplay/game_00.008
0x0015BCA0	func_0015BCA0	gameplay/game_00.009
0x0015BD90	func_0015BD90	core
0x0015BE70	func_0015BE70	gameplay/game_00.007
0x0015BED0	func_0015BED0	gameplay/game_00.002
0x0015BF70	func_0015BF70	gameplay/game_00.010
0x0015BFC0	func_0015BFC0	gameplay/game_00.010
0x0015C020	func_0015C020	gameplay/game_00.010
0x0015C160	func_0015C160	gameplay/game_00.011
0x0015C220	func_0015C220	gameplay/game_00.011
0x0015C250	func_0015C250	gameplay/game_00.011
0x0015C2E0	func_0015C2E0	gameplay/game_00.007
0x0015C360	func_0015C360	gameplay/game_00.007
0x0015C450	func_0015C450	gameplay/game_00.007
0x0015C4A0	func_0015C4A0	gameplay/game_00.007
0x0015C580	func_0015C580	gameplay/game_00.010
0x0015C5F0	func_0015C5F0	gameplay/game_00.010
0x0015C610	func_0015C610	gameplay/game_00.010
0x0015CB70	func_0015CB70	gameplay/game_00.010
0x0015CF10	func_0015CF10	gameplay/game_00.010
0x0015CF80	func_0015CF80	gameplay/game_00.010
0x0015D010	func_0015D010	gameplay/game_00.012
0x0015D130	func_0015D130	core
0x0015D150	func_0015D150	gameplay/game_00.012
0x0015D220	func_0015D220	gameplay/game_00.012
0x0015D2A0	func_0015D2A0	gameplay/game_00.012
0x0015D2F0	func_0015D2F0	gameplay/game_00.012
0x0015D400	func_0015D400	gameplay/game_00.011
0x0015D460	func_0015D460	gameplay/game_00.011
0x0015D500	func_0015D500	gameplay/game_00.012
0x0015D640	func_0015D640	gameplay/game_00.012
0x0015D700	func_0015D700	gameplay/game_00.012
0x0015D710	func_0015D710	core
0x0015D720	func_0015D720	platform
0x0015D810	func_0015D810	core
0x0015D830	func_0015D830	gameplay/game_00.012
0x0015D900	func_0015D900	gameplay/game_00.012
0x0015D950	func_0015D950	gameplay/game_00.012
0x0015D9B0	func_0015D9B0	gameplay/game_00.012
0x0015DA30	func_0015DA30	gameplay/game_00.012
0x0015DAF0	func_0015DAF0	platform
0x0015DBE0	func_0015DBE0	gameplay/game_00.012
0x0015DC30	func_0015DC30	gameplay/game_00.012
0x0015DD00	func_0015DD00	gameplay/game_00.012
0x0015DD20	func_0015DD20	gameplay/game_00.012
0x0015DD60	func_0015DD60	gameplay/game_00.012
0x0015DE40	func_0015DE40	gameplay/game_00.012
0x0015DED0	func_0015DED0	gameplay/game_00.012
0x0015DF00	func_0015DF00	gameplay/game_00.012
0x0015E530	func_0015E530	platform
0x0015E5C0	func_0015E5C0	gameplay/game_00.012
0x0015E5E0	func_0015E5E0	gameplay/game_00.012
0x0015E5F0	func_0015E5F0	gameplay/game_00.012
0x0015E650	func_0015E650	gameplay/game_00.012
0x0015E6F0	func_0015E6F0	gameplay/game_00.012
0x0015E760	func_0015E760	gameplay/game_00.012
0x0015E7E0	func_0015E7E0	gameplay/game_00.012
0x0015E7F0	func_0015E7F0	gameplay/game_00.012
0x0015E8A0	func_0015E8A0	gameplay/game_00.012
0x0015E900	func_0015E900	gameplay/game_00.012
0x0015E9C0	func_0015E9C0	gameplay/game_00.013
0x0015E9D0	func_0015E9D0	gameplay/game_00.013
0x0015E9E0	func_0015E9E0	gameplay/game_00.013
0x0015E9F0	func_0015E9F0	gameplay/game_00.013
0x0015EA00	func_0015EA00	gameplay/game_00.013
0x0015EA10	func_0015EA10	gameplay/game_00.013
0x0015EA20	func_0015EA20	gameplay/game_00.013
0x0015EA30	func_0015EA30	gameplay/game_00.013
0x0015EA40	func_0015EA40	gameplay/game_00.013
0x0015EA50	func_0015EA50	gameplay/game_00.013
0x0015EA60	func_0015EA60	gameplay/game_00.013
0x0015EA70	func_0015EA70	gameplay/game_00.013
0x0015EA80	func_0015EA80	gameplay/game_00.013
0x0015EA90	func_0015EA90	gameplay/game_00.013
0x0015EAA0	func_0015EAA0	gameplay/game_00.013
0x0015EAB0	func_0015EAB0	gameplay/game_00.013
0x0015EAC0	func_0015EAC0	gameplay/game_00.013
0x0015EAD0	func_0015EAD0	gameplay/game_00.013
0x0015EAE0	func_0015EAE0	gameplay/game_00.013
0x0015EAF0	func_0015EAF0	gameplay/game_00.013
0x0015EB00	func_0015EB00	gameplay/game_00.013
0x0015EBF0	func_0015EBF0	gameplay/game_00.013
0x0015EC60	func_0015EC60	gameplay/game_00.013
0x0015ED00	func_0015ED00	gameplay/game_00.013
0x0015EE20	func_0015EE20	core
0x0015EE30	func_0015EE30	gameplay/game_00.013
0x0015EFF0	func_0015EFF0	core
0x0015F050	func_0015F050	core
0x0015F060	func_0015F060	core
0x0015F070	func_0015F070	gameplay/game_00.013
0x0015F230	func_0015F230	gameplay/game_00.013
0x0015F3D0	func_0015F3D0	gameplay/game_00.013
0x0015F420	func_0015F420	gameplay/game_00.013
0x0015F4A0	func_0015F4A0	gameplay/game_00.013
0x0015F510	func_0015F510	gameplay/game_00.013
0x0015F630	func_0015F630	gameplay/game_00.013
0x0015F710	func_0015F710	gameplay/game_00.013
0x0015F7F0	func_0015F7F0	gameplay/game_00.013
0x0015F8F0	func_0015F8F0	gameplay/game_00.013
0x0015F9B0	func_0015F9B0	gameplay/game_00.013
0x0015FA90	func_0015FA90	gameplay/game_00.013
0x0015FC30	func_0015FC30	gameplay/game_00.013
0x0015FD10	func_0015FD10	gameplay/game_00.013
0x0015FDE0	func_0015FDE0	gameplay/game_00.013
0x0015FE90	func_0015FE90	gameplay/game_00.013
0x0015FF40	func_0015FF40	gameplay/game_00.013
0x0015FFE0	func_0015FFE0	gameplay/game_00.013
0x00160020	func_00160020	gameplay/game_00.008
0x001600E0	func_001600E0	core
0x00160100	func_00160100	gameplay/game_00.011
0x00160220	func_00160220	gameplay/game_00.011
0x00160340	func_00160340	gameplay/game_00.011
0x00160360	func_00160360	gameplay/game_00.011
0x00160500	func_00160500	gameplay/game_00.011
0x00160590	func_00160590	gameplay/game_00.011
0x001607C0	func_001607C0	gameplay/game_00.011
0x00160990	func_00160990	gameplay/game_00.011
0x00160B60	func_00160B60	gameplay/game_00.011
0x00161390	func_00161390	gameplay/game_00.011
0x00161420	func_00161420	gameplay/game_00.011
0x00161620	func_00161620	gameplay/game_00.011
0x00161800	func_00161800	gameplay/game_00.011
0x00161970	func_00161970	core
0x001619C0	func_001619C0	core
0x00161A00	func_00161A00	gameplay/game_00.011
0x00161B70	func_00161B70	gameplay/game_00.011
0x00161E60	func_00161E60	gameplay/game_00.011
0x00161F40	func_00161F40	gameplay/game_00.011
0x001620E0	func_001620E0	gameplay/game_00.003
0x00162340	func_00162340	gameplay/game_00.003
0x00162370	func_00162370	gameplay/game_00.003
0x00162380	func_00162380	gameplay/game_00.003
0x00165E40	func_00165E40	core
0x00165EA0	func_00165EA0	core
0x00165EE0	func_00165EE0	core
0x00165EF0	func_00165EF0	gameplay/game_00.003
0x00166AF0	func_00166AF0	gameplay/game_00.014
0x00166B90	func_00166B90	gameplay/game_00.015
0x00166E80	func_00166E80	gameplay/game_00.003
0x00166F20	func_00166F20	core
0x00166F30	func_00166F30	gameplay/game_00.011
0x00166F60	func_00166F60	gameplay/game_00.011
0x00166F90	func_00166F90	platform
0x00167130	func_00167130	gameplay/game_00.011
0x00167160	func_00167160	gameplay/game_00.011
0x00167170	func_00167170	gameplay/game_00.003
0x00167D10	func_00167D10	core
0x00167D40	func_00167D40	gameplay/game_00.016
0x00167DE0	func_00167DE0	gameplay/game_00.016
0x00167E40	func_00167E40	gameplay/game_00.011
0x00167F60	func_00167F60	gameplay/game_00.011
0x00167F70	func_00167F70	gameplay/game_00.008
0x00168280	func_00168280	platform
0x0016CFD0	func_0016CFD0	core
0x0016D000	func_0016D000	gameplay/game_00.004
0x0016D020	func_0016D020	core
0x0016D070	func_0016D070	gameplay/game_00.004
0x0016D0B0	func_0016D0B0	gameplay/game_00.004
0x0016D100	func_0016D100	gameplay/game_00.011
0x0016D1E0	func_0016D1E0	gameplay/game_00.011
0x0016D230	func_0016D230	gameplay/game_00.011
0x0016E8A0	func_0016E8A0	gameplay/game_00.011
0x0016E8F0	func_0016E8F0	core
0x0016E920	func_0016E920	core
0x0016E990	func_0016E990	gameplay/game_00.008
0x0016E9E0	func_0016E9E0	core
0x0016EA20	func_0016EA20	gameplay/game_00.004
0x0016F640	func_0016F640	gameplay/game_00.004
0x0016F680	func_0016F680	gameplay/game_00.004
0x0016F6D0	func_0016F6D0	gameplay/game_00.011
0x0016F720	func_0016F720	platform
0x001711F0	func_001711F0	core
0x00171210	func_00171210	gameplay/game_00.017
0x00171E40	func_00171E40	core
0x00171E90	func_00171E90	gameplay/game_00.017
0x001723B0	func_001723B0	gameplay/game_00.011
0x001727B0	func_001727B0	gameplay/game_00.014
0x00172D80	func_00172D80	gameplay/game_00.014
0x00172ED0	func_00172ED0	gameplay/game_00.014
0x00172F60	func_00172F60	gameplay/game_00.014
0x00172FF0	func_00172FF0	gameplay/game_00.014
0x00173070	func_00173070	gameplay/game_00.014
0x00173130	func_00173130	gameplay/game_00.014
0x00173190	func_00173190	gameplay/game_00.004
0x001734F0	func_001734F0	gameplay/game_00.004
0x00173550	func_00173550	gameplay/game_00.004
0x001735C0	func_001735C0	gameplay/game_00.007
0x001736B0	func_001736B0	gameplay/game_00.007
0x001736F0	func_001736F0	gameplay/game_00.014
0x00173E60	func_00173E60	gameplay/game_00.014
0x001740E0	func_001740E0	gameplay/game_00.014
0x00174600	func_00174600	gameplay/game_00.014
0x00174A80	func_00174A80	gameplay/game_00.007
0x00174CE0	func_00174CE0	gameplay/game_00.007
0x00175070	func_00175070	gameplay/game_00.007
0x00175080	func_00175080	gameplay/game_00.007
0x00175090	func_00175090	gameplay/game_00.007
0x001750B0	func_001750B0	gameplay/game_00.007
0x00175390	func_00175390	gameplay/game_00.018
0x00175B10	func_00175B10	gameplay/game_00.018
0x00175B80	func_00175B80	gameplay/game_00.018
0x00175BA0	func_00175BA0	core
0x00175F60	func_00175F60	core
0x00176140	func_00176140	gameplay/game_00.017
0x001761F0	func_001761F0	gameplay/game_00.017
0x001762D0	func_001762D0	gameplay/game_00.017
0x00176490	func_00176490	gameplay/game_00.017
0x001766A0	func_001766A0	gameplay/game_00.007
0x00176740	func_00176740	gameplay/game_00.007
0x001767B0	func_001767B0	gameplay/game_00.007
0x00176880	func_00176880	gameplay/game_00.007
0x001768D0	func_001768D0	gameplay/game_00.011
0x00176BC0	func_00176BC0	gameplay/game_00.011
0x00176BE0	func_00176BE0	gameplay/game_00.011
0x00176C00	func_00176C00	gameplay/game_00.011
0x00176C10	func_00176C10	gameplay/game_00.011
0x00176C30	func_00176C30	gameplay/game_00.011
0x00176C50	func_00176C50	gameplay/game_00.011
0x00176C60	func_00176C60	gameplay/game_00.011
0x00177080	func_00177080	gameplay/game_00.011
0x001771D0	func_001771D0	gameplay/game_00.011
0x00177370	func_00177370	gameplay/game_00.007
0x00177580	func_00177580	gameplay/game_00.007
0x001775A0	func_001775A0	gameplay/game_00.011
0x00177620	func_00177620	gameplay/game_00.017
0x001777F0	func_001777F0	gameplay/game_00.007
0x00177B00	func_00177B00	gameplay/game_00.007
0x00177B20	func_00177B20	gameplay/game_00.007
0x00177FE0	func_00177FE0	gameplay/game_00.007
0x00178060	func_00178060	core
0x00178080	func_00178080	gameplay/game_00.007
0x00178380	func_00178380	gameplay/game_00.007
0x001785D0	func_001785D0	gameplay/game_00.017
0x00178730	func_00178730	gameplay/game_00.007
0x001787E0	func_001787E0	gameplay/game_00.007
0x001788E0	func_001788E0	gameplay/game_00.007
0x00178A00	func_00178A00	gameplay/game_00.017
0x00179310	func_00179310	gameplay/game_00.011
0x00179380	func_00179380	core
0x001793A0	func_001793A0	gameplay/game_00.011
0x001793E0	func_001793E0	gameplay/game_00.011
0x00179450	func_00179450	gameplay/game_00.011
0x00179570	func_00179570	gameplay/game_00.011
0x001795F0	func_001795F0	core
0x00179600	func_00179600	platform
0x00179760	func_00179760	platform
0x0017A1B0	func_0017A1B0	gameplay/game_00.019
0x0017A230	func_0017A230	core
0x0017A290	func_0017A290	gameplay/game_00.011
0x0017A3C0	func_0017A3C0	gameplay/game_00.010
0x0017A420	func_0017A420	gameplay/game_00.010
0x0017A460	func_0017A460	gameplay/game_00.012
0x0017A4E0	func_0017A4E0	gameplay/game_00.012
0x0017A550	func_0017A550	gameplay/game_00.012
0x0017A590	func_0017A590	gameplay/game_00.012
0x0017A5D0	func_0017A5D0	gameplay/game_00.012
0x0017A610	func_0017A610	gameplay/game_00.012
0x0017A670	func_0017A670	gameplay/game_00.012
0x0017A710	func_0017A710	gameplay/game_00.012
0x0017A740	func_0017A740	gameplay/game_00.012
0x0017A820	func_0017A820	gameplay/game_00.012
0x0017A830	func_0017A830	gameplay/game_00.012
0x0017A9F0	func_0017A9F0	gameplay/game_00.012
0x0017AC30	func_0017AC30	gameplay/game_00.012
0x0017B990	func_0017B990	gameplay/game_00.012
0x0017BA10	func_0017BA10	gameplay/game_00.012
0x0017BAA0	func_0017BAA0	gameplay/game_00.012
0x0017BC90	func_0017BC90	gameplay/game_00.012
0x0017C830	func_0017C830	platform
0x0017C950	func_0017C950	gameplay/game_00.011
0x0017CB60	func_0017CB60	gameplay/game_00.012
0x0017CC00	func_0017CC00	gameplay/game_00.012
0x0017CC60	func_0017CC60	gameplay/game_00.012
0x0017CD10	func_0017CD10	gameplay/game_00.012
0x0017CDC0	func_0017CDC0	platform
0x0017E4D0	func_0017E4D0	gameplay/game_00.012
0x0017E770	func_0017E770	gameplay/game_00.012
0x0017E7A0	func_0017E7A0	gameplay/game_00.012
0x0017E7E0	func_0017E7E0	gameplay/game_00.012
0x0017E920	func_0017E920	gameplay/game_00.012
0x0017E940	func_0017E940	gameplay/game_00.012
0x0017EA40	func_0017EA40	gameplay/game_00.012
0x0017EB30	func_0017EB30	gameplay/game_00.012
0x0017EB80	func_0017EB80	gameplay/game_00.012
0x0017EBB0	func_0017EBB0	gameplay/game_00.012
0x0017EC80	func_0017EC80	gameplay/game_00.012
0x0017ECC0	func_0017ECC0	gameplay/game_00.012
0x0017F3F0	func_0017F3F0	gameplay/game_00.012
0x0017F430	func_0017F430	gameplay/game_00.012
0x0017F500	func_0017F500	gameplay/game_00.012
0x0017F5F0	func_0017F5F0	gameplay/game_00.012
0x0017F7A0	func_0017F7A0	gameplay/game_00.012
0x0017F840	func_0017F840	gameplay/game_00.012
0x00182A50	func_00182A50	gameplay/game_00.012
0x00182B00	func_00182B00	gameplay/game_00.012
0x00182B60	func_00182B60	gameplay/game_00.012
0x00182C00	func_00182C00	gameplay/game_00.012
0x00182D60	func_00182D60	gameplay/game_00.012
0x00182E30	func_00182E30	gameplay/game_00.012
0x00182EC0	func_00182EC0	gameplay/game_00.012
0x00183140	func_00183140	gameplay/game_00.012
0x001833C0	func_001833C0	gameplay/game_00.012
0x00183420	func_00183420	gameplay/game_00.012
0x00183470	func_00183470	gameplay/game_00.012
0x00183630	func_00183630	gameplay/game_00.012
0x00183640	func_00183640	gameplay/game_00.012
0x00183660	func_00183660	gameplay/game_00.012
0x001836B0	func_001836B0	gameplay/game_00.012
0x001836D0	func_001836D0	gameplay/game_00.012
0x00183780	func_00183780	gameplay/game_00.012
0x001837C0	func_001837C0	gameplay/game_00.012
0x001837E0	func_001837E0	gameplay/game_00.012
0x00183870	func_00183870	gameplay/game_00.012
0x00183990	func_00183990	gameplay/game_00.012
0x00183A20	func_00183A20	gameplay/game_00.012
0x00183B50	func_00183B50	gameplay/game_00.012
0x00183C40	func_00183C40	gameplay/game_00.012
0x00183FA0	func_00183FA0	gameplay/game_00.012
0x00184030	func_00184030	gameplay/game_00.012
0x001840B0	func_001840B0	gameplay/game_00.012
0x00184180	func_00184180	gameplay/game_00.012
0x00184190	func_00184190	gameplay/game_00.012
0x001841C0	func_001841C0	gameplay/game_00.012
0x00184550	func_00184550	gameplay/game_00.012
0x00184700	func_00184700	gameplay/game_00.012
0x00184740	func_00184740	gameplay/game_00.012
0x001847A0	func_001847A0	gameplay/game_00.012
0x001847B0	func_001847B0	gameplay/game_00.012
0x00184800	func_00184800	gameplay/game_00.012
0x00184850	func_00184850	gameplay/game_00.012
0x00184940	func_00184940	gameplay/game_00.012
0x00184A90	func_00184A90	platform
0x00185030	func_00185030	gameplay/game_00.012
0x001850A0	func_001850A0	gameplay/game_00.012
0x001850F0	func_001850F0	gameplay/game_00.012
0x00185190	func_00185190	gameplay/game_00.012
0x001851A0	func_001851A0	gameplay/game_00.012
0x00185210	func_00185210	gameplay/game_00.012
0x001852C0	func_001852C0	gameplay/game_00.012
0x001853A0	func_001853A0	gameplay/game_00.012
0x00185480	func_00185480	gameplay/game_00.012
0x00185560	func_00185560	gameplay/game_00.012
0x00185570	func_00185570	gameplay/game_00.012
0x001855E0	func_001855E0	gameplay/game_00.012
0x00185600	func_00185600	gameplay/game_00.011
0x001856A0	func_001856A0	gameplay/game_00.011
0x00185740	func_00185740	gameplay/game_00.011
0x00185750	func_00185750	gameplay/game_00.011
0x00185890	func_00185890	core
0x00185A20	func_00185A20	core
0x00185AE0	func_00185AE0	gameplay/game_00.011
0x00185FF0	func_00185FF0	gameplay/game_00.011
0x00186000	func_00186000	gameplay/game_00.011
0x00186010	func_00186010	gameplay/game_00.011
0x00186330	func_00186330	gameplay/game_00.011
0x00186920	func_00186920	gameplay/game_00.011
0x00186D00	func_00186D00	gameplay/game_00.011
0x00186E30	func_00186E30	gameplay/game_00.011
0x001872F0	func_001872F0	gameplay/game_00.011
0x001873A0	func_001873A0	gameplay/game_00.011
0x00187940	func_00187940	core
0x00187970	func_00187970	core
0x001879B0	func_001879B0	gameplay/game_00.011
0x00187FA0	func_00187FA0	gameplay/game_00.011
0x001884A0	func_001884A0	gameplay/game_00.011
0x00188B50	func_00188B50	gameplay/game_00.011
0x00188BD0	func_00188BD0	gameplay/game_00.011
0x00189120	func_00189120	gameplay/game_00.011
0x00189810	func_00189810	gameplay/game_00.011
0x00189BC0	func_00189BC0	core
0x00189BE0	func_00189BE0	core
0x00189BF0	func_00189BF0	gameplay/game_00.011
0x0018A100	func_0018A100	core
0x0018A110	func_0018A110	gameplay/game_00.011
0x0018A1F0	func_0018A1F0	gameplay/game_00.011
0x0018A790	func_0018A790	gameplay/game_00.011
0x0018AD30	func_0018AD30	platform
0x0018B050	func_0018B050	gameplay/game_00.011
0x0018B3D0	func_0018B3D0	gameplay/game_00.011
0x0018B8C0	func_0018B8C0	gameplay/game_00.011
0x0018BDA0	func_0018BDA0	gameplay/game_00.011
0x0018BE30	func_0018BE30	gameplay/game_00.011
0x0018BEA0	func_0018BEA0	gameplay/game_00.011
0x0018BFB0	func_0018BFB0	gameplay/game_00.011
0x0018C350	func_0018C350	gameplay/game_00.011
0x0018C5F0	func_0018C5F0	gameplay/game_00.011
0x0018CAA0	func_0018CAA0	gameplay/game_00.011
0x0018CB00	func_0018CB00	gameplay/game_00.011
0x0018CB50	func_0018CB50	gameplay/game_00.011
0x0018CDA0	func_0018CDA0	gameplay/game_00.011
0x0018CE70	func_0018CE70	gameplay/game_00.011
0x0018D000	func_0018D000	gameplay/game_00.011
0x0018D060	func_0018D060	platform
0x0018D1A0	func_0018D1A0	gameplay/game_00.011
0x0018D710	func_0018D710	gameplay/game_00.011
0x0018DD40	func_0018DD40	gameplay/game_00.011
0x0018E240	func_0018E240	gameplay/game_00.011
0x0018E6D0	func_0018E6D0	gameplay/game_00.011
0x0018E740	func_0018E740	gameplay/game_00.011
0x0018E8C0	func_0018E8C0	gameplay/game_00.011
0x0018F0E0	func_0018F0E0	gameplay/game_00.011
0x0018F230	func_0018F230	gameplay/game_00.011
0x0018FC60	func_0018FC60	gameplay/game_00.011
0x0018FCC0	func_0018FCC0	gameplay/game_00.011
0x0018FEA0	func_0018FEA0	gameplay/game_00.011
0x001904A0	func_001904A0	gameplay/game_00.011
0x00190540	func_00190540	platform
0x00190860	func_00190860	gameplay/game_00.011
0x00190EB0	func_00190EB0	gameplay/game_00.007
0x00190F40	func_00190F40	gameplay/game_00.007
0x00191130	func_00191130	gameplay/game_00.011
0x00191800	func_00191800	gameplay/game_00.011
0x00191940	func_00191940	gameplay/game_00.011
0x00191CE0	func_00191CE0	platform
0x00192330	func_00192330	gameplay/game_00.011
0x001923B0	func_001923B0	gameplay/game_00.011
0x00192510	func_00192510	gameplay/game_00.011
0x00192C60	func_00192C60	gameplay/game_00.011
0x00193350	func_00193350	gameplay/game_00.011
0x00193F10	func_00193F10	gameplay/game_00.011
0x001941A0	func_001941A0	gameplay/game_00.011
0x00194330	func_00194330	platform
0x00194B10	func_00194B10	gameplay/game_00.011
0x00194C80	func_00194C80	gameplay/game_00.011
0x00195190	func_00195190	gameplay/game_00.011
0x00195480	func_00195480	gameplay/game_00.011
0x00195860	func_00195860	gameplay/game_00.011
0x00196920	func_00196920	gameplay/game_00.011
0x00197480	func_00197480	gameplay/game_00.011
0x00197780	func_00197780	gameplay/game_00.011
0x00197A90	func_00197A90	platform
0x00197F90	func_00197F90	gameplay/game_00.011
0x00197FF0	func_00197FF0	gameplay/game_00.011
0x00198140	func_00198140	gameplay/game_00.010
0x00198190	func_00198190	platform
0x001984E0	func_001984E0	gameplay/game_00.010
0x001986B0	func_001986B0	gameplay/game_00.010
0x00198730	func_00198730	platform
0x00198B70	func_00198B70	gameplay/game_00.010
0x00198C30	func_00198C30	gameplay/game_00.010
0x00198D00	func_00198D00	gameplay/game_00.010
0x00198DD0	func_00198DD0	gameplay/game_00.010
0x00198EF0	func_00198EF0	gameplay/game_00.010
0x00198F50	func_00198F50	gameplay/game_00.010
0x00198F90	func_00198F90	gameplay/game_00.010
0x00198FC0	func_00198FC0	gameplay/game_00.002
0x00199020	func_00199020	gameplay/game_00.002
0x00199080	func_00199080	gameplay/game_00.002
0x001990B0	func_001990B0	gameplay/game_00.006
0x001990C0	func_001990C0	gameplay/game_00.014
0x00199100	func_00199100	gameplay/game_00.014
0x00199390	func_00199390	gameplay/game_00.014
0x00199770	func_00199770	gameplay/game_00.014
0x00199850	func_00199850	gameplay/game_00.014
0x001998B0	func_001998B0	gameplay/game_00.014
0x00199960	func_00199960	gameplay/game_00.014
0x00199CF0	func_00199CF0	gameplay/game_00.014
0x00199D00	func_00199D00	gameplay/game_00.014
0x00199DE0	func_00199DE0	gameplay/game_00.014
0x00199E90	func_00199E90	gameplay/game_00.014
0x0019A330	func_0019A330	gameplay/game_00.014
0x0019A900	func_0019A900	gameplay/game_00.014
0x0019A9A0	func_0019A9A0	gameplay/game_00.002
0x0019AA30	func_0019AA30	gameplay/game_00.014
0x0019AA60	func_0019AA60	gameplay/game_00.014
0x0019ACF0	func_0019ACF0	gameplay/game_00.006
0x0019ADA0	func_0019ADA0	gameplay/game_00.014
0x0019ADE0	func_0019ADE0	platform
0x0019AE60	func_0019AE60	core
0x0019AE90	func_0019AE90	gameplay/game_00.014
0x0019AEA0	func_0019AEA0	gameplay/game_00.014
0x0019AEB0	func_0019AEB0	gameplay/game_00.014
0x0019AFE0	func_0019AFE0	gameplay/game_00.006
0x0019B090	func_0019B090	gameplay/game_00.006
0x0019B180	func_0019B180	gameplay/game_00.014
0x0019B390	func_0019B390	gameplay/game_00.014
0x0019B470	func_0019B470	gameplay/game_00.014
0x0019B4A0	func_0019B4A0	gameplay/game_00.014
0x0019B660	func_0019B660	gameplay/game_00.014
0x0019B750	func_0019B750	gameplay/game_00.014
0x0019BA00	func_0019BA00	gameplay/game_00.014
0x0019BBE0	func_0019BBE0	gameplay/game_00.006
0x0019BC90	func_0019BC90	gameplay/game_00.006
0x0019BD60	func_0019BD60	gameplay/game_00.014
0x0019BDD0	func_0019BDD0	gameplay/game_00.014
0x0019BF90	func_0019BF90	gameplay/game_00.014
0x0019C1D0	func_0019C1D0	gameplay/game_00.014
0x0019C1E0	func_0019C1E0	gameplay/game_00.014
0x0019C1F0	func_0019C1F0	gameplay/game_00.014
0x0019C590	func_0019C590	gameplay/game_00.014
0x0019C690	func_0019C690	gameplay/game_00.011
0x0019C6F0	func_0019C6F0	gameplay/game_00.011
0x0019C740	func_0019C740	gameplay/game_00.011
0x0019C7F0	func_0019C7F0	gameplay/game_00.016
0x0019C820	func_0019C820	gameplay/game_00.006
0x0019C930	func_0019C930	gameplay/game_00.006
0x0019CA40	func_0019CA40	gameplay/game_00.006
0x0019CAD0	func_0019CAD0	gameplay/game_00.016
0x0019CB40	func_0019CB40	gameplay/game_00.016
0x0019CBB0	func_0019CBB0	core
0x0019CDB0	func_0019CDB0	gameplay/game_00.016
0x0019CFA0	func_0019CFA0	gameplay/game_00.016
0x0019CFF0	func_0019CFF0	core
0x0019D000	func_0019D000	gameplay/game_00.016
0x0019D040	func_0019D040	core
0x0019D0B0	func_0019D0B0	gameplay/game_00.016
0x0019D0F0	func_0019D0F0	gameplay/game_00.016
0x0019D1E0	func_0019D1E0	gameplay/game_00.016
0x0019D4E0	func_0019D4E0	gameplay/game_00.016
0x0019D540	func_0019D540	gameplay/game_00.016
0x0019D6A0	func_0019D6A0	gameplay/game_00.016
0x0019D6E0	func_0019D6E0	gameplay/game_00.016
0x0019D750	func_0019D750	gameplay/game_00.016
0x0019D760	func_0019D760	gameplay/game_00.016
0x0019D7F0	func_0019D7F0	gameplay/game_00.016
0x0019D850	func_0019D850	gameplay/game_00.016
0x0019D880	func_0019D880	gameplay/game_00.016
0x0019D960	func_0019D960	gameplay/game_00.016
0x0019DA00	func_0019DA00	gameplay/game_00.016
0x0019DA50	func_0019DA50	gameplay/game_00.016
0x0019DAF0	func_0019DAF0	gameplay/game_00.003
0x0019DB50	func_0019DB50	gameplay/game_00.003
0x0019DC10	func_0019DC10	gameplay/game_00.003
0x0019DCC0	func_0019DCC0	gameplay/game_00.003
0x0019DCF0	func_0019DCF0	gameplay/game_00.003
0x0019DDB0	func_0019DDB0	gameplay/game_00.016
0x0019E000	func_0019E000	gameplay/game_00.016
0x0019E200	func_0019E200	gameplay/game_00.016
0x0019E2D0	func_0019E2D0	gameplay/game_00.016
0x0019E3C0	func_0019E3C0	gameplay/game_00.016
0x0019E550	func_0019E550	gameplay/game_00.016
0x0019E7F0	func_0019E7F0	gameplay/game_00.016
0x0019ED50	func_0019ED50	platform
0x0019F920	func_0019F920	gameplay/game_00.016
0x0019F9F0	func_0019F9F0	gameplay/game_00.016
0x0019FD10	func_0019FD10	gameplay/game_00.016
0x0019FD30	func_0019FD30	platform
0x001A03C0	func_001A03C0	gameplay/game_00.016
0x001A04B0	func_001A04B0	gameplay/game_00.016
0x001A0730	func_001A0730	gameplay/game_00.016
0x001A0AE0	func_001A0AE0	gameplay/game_00.016
0x001A0C90	func_001A0C90	gameplay/game_00.016
0x001A0E20	func_001A0E20	gameplay/game_00.016
0x001A0F00	func_001A0F00	gameplay/game_00.016
0x001A1270	func_001A1270	gameplay/game_00.016
0x001A1350	func_001A1350	gameplay/game_00.016
0x001A17A0	func_001A17A0	platform
0x001A1980	func_001A1980	platform
0x001A1B80	func_001A1B80	gameplay/game_00.016
0x001A1D70	func_001A1D70	gameplay/game_00.016
0x001A2620	func_001A2620	gameplay/game_00.016
0x001A2680	func_001A2680	gameplay/game_00.016
0x001A27C0	func_001A27C0	core
0x001A27D0	func_001A27D0	gameplay/game_00.016
0x001A2930	func_001A2930	gameplay/game_00.016
0x001A2940	func_001A2940	gameplay/game_00.020
0x001A2A50	func_001A2A50	gameplay/game_00.020
0x001A2BF0	func_001A2BF0	gameplay/game_00.020
0x001A2C70	func_001A2C70	gameplay/game_00.020
0x001A2DD0	func_001A2DD0	core
0x001A2E20	func_001A2E20	gameplay/game_00.020
0x001A2E60	func_001A2E60	gameplay/game_00.016
0x001A2EB0	func_001A2EB0	gameplay/game_00.016
0x001A3050	func_001A3050	gameplay/game_00.016
0x001A31D0	func_001A31D0	gameplay/game_00.016
0x001A3560	func_001A3560	gameplay/game_00.016
0x001A3580	func_001A3580	gameplay/game_00.016
0x001A35D0	func_001A35D0	gameplay/game_00.016
0x001A3600	func_001A3600	gameplay/game_00.016
0x001A36A0	func_001A36A0	gameplay/game_00.016
0x001A36D0	func_001A36D0	gameplay/game_00.016
0x001A3700	func_001A3700	gameplay/game_00.016
0x001A3730	func_001A3730	gameplay/game_00.016
0x001A3750	func_001A3750	gameplay/game_00.016
0x001A3790	func_001A3790	gameplay/game_00.016
0x001A37B0	func_001A37B0	gameplay/game_00.016
0x001A37D0	func_001A37D0	gameplay/game_00.002
0x001A3800	func_001A3800	gameplay/game_00.016
0x001A3820	func_001A3820	gameplay/game_00.016
0x001A3840	func_001A3840	gameplay/game_00.016
0x001A3890	func_001A3890	gameplay/game_00.016
0x001A39D0	func_001A39D0	gameplay/game_00.016
0x001A3A80	func_001A3A80	gameplay/game_00.016
0x001A3A90	func_001A3A90	gameplay/game_00.016
0x001A3AD0	func_001A3AD0	gameplay/game_00.016
0x001A3BA0	func_001A3BA0	gameplay/game_00.016
0x001A3C10	func_001A3C10	gameplay/game_00.016
0x001A3E30	func_001A3E30	gameplay/game_00.016
0x001A3EA0	func_001A3EA0	gameplay/game_00.016
0x001A3F20	func_001A3F20	gameplay/game_00.016
0x001A40B0	func_001A40B0	gameplay/game_00.016
0x001A4120	func_001A4120	gameplay/game_00.003
0x001A44A0	func_001A44A0	gameplay/game_00.016
0x001A44F0	func_001A44F0	gameplay/game_00.016
0x001A45B0	func_001A45B0	gameplay/game_00.016
0x001A4640	func_001A4640	gameplay/game_00.016
0x001A46A0	func_001A46A0	gameplay/game_00.016
0x001A4730	func_001A4730	gameplay/game_00.018
0x001A47A0	func_001A47A0	core
0x001A47D0	func_001A47D0	gameplay/game_00.016
0x001A4870	func_001A4870	gameplay/game_00.016
0x001A4960	func_001A4960	gameplay/game_00.016
0x001A49A0	func_001A49A0	gameplay/game_00.016
0x001A49E0	func_001A49E0	gameplay/game_00.016
0x001A5130	func_001A5130	gameplay/game_00.016
0x001A53F0	func_001A53F0	gameplay/game_00.016
0x001A5450	func_001A5450	gameplay/game_00.016
0x001A54C0	func_001A54C0	gameplay/game_00.016
0x001A5550	func_001A5550	gameplay/game_00.016
0x001A55D0	func_001A55D0	gameplay/game_00.016
0x001A56C0	func_001A56C0	gameplay/game_00.016
0x001A5750	func_001A5750	gameplay/game_00.016
0x001A5D70	func_001A5D70	gameplay/game_00.008
0x001A6190	func_001A6190	gameplay/game_00.008
0x001A6290	func_001A6290	gameplay/game_00.008
0x001A6300	func_001A6300	core
0x001A6370	func_001A6370	gameplay/game_00.008
0x001A6380	func_001A6380	gameplay/game_00.008
0x001A6390	func_001A6390	gameplay/game_00.008
0x001A63A0	func_001A63A0	gameplay/game_00.008
0x001A6680	func_001A6680	gameplay/game_00.008
0x001A66B0	func_001A66B0	gameplay/game_00.008
0x001A67F0	func_001A67F0	gameplay/game_00.008
0x001A6AA0	func_001A6AA0	gameplay/game_00.008
0x001A7040	func_001A7040	gameplay/game_00.008
0x001A7470	func_001A7470	gameplay/game_00.008
0x001A75D0	func_001A75D0	platform
0x001A9320	func_001A9320	gameplay/game_00.018
0x001A9950	func_001A9950	gameplay/game_00.018
0x001A9A00	func_001A9A00	platform
0x001A9A50	func_001A9A50	gameplay/game_00.018
0x001A9D80	func_001A9D80	gameplay/game_00.016
0x001A9DA0	func_001A9DA0	gameplay/game_00.016
0x001AA110	func_001AA110	gameplay/game_00.008
0x001AA180	func_001AA180	gameplay/game_00.008
0x001AA1F0	func_001AA1F0	gameplay/game_00.008
0x001AA210	func_001AA210	gameplay/game_00.008
0x001AA230	func_001AA230	gameplay/game_00.008
0x001AA250	func_001AA250	gameplay/game_00.008
0x001AA2A0	func_001AA2A0	gameplay/game_00.008
0x001AA310	func_001AA310	gameplay/game_00.008
0x001AA340	func_001AA340	gameplay/game_00.008
0x001AA370	func_001AA370	gameplay/game_00.008
0x001AA3A0	func_001AA3A0	gameplay/game_00.008
0x001AA3F0	func_001AA3F0	gameplay/game_00.008
0x001AA460	func_001AA460	gameplay/game_00.008
0x001AA490	func_001AA490	gameplay/game_00.008
0x001AA4C0	func_001AA4C0	gameplay/game_00.008
0x001AA4F0	func_001AA4F0	gameplay/game_00.008
0x001AA540	func_001AA540	gameplay/game_00.008
0x001AA630	func_001AA630	gameplay/game_00.008
0x001AA6A0	func_001AA6A0	gameplay/game_00.008
0x001AA6F0	func_001AA6F0	gameplay/game_00.008
0x001AA740	func_001AA740	gameplay/game_00.008
0x001AA790	func_001AA790	gameplay/game_00.008
0x001AA880	func_001AA880	gameplay/game_00.016
0x001AA8A0	func_001AA8A0	gameplay/game_00.016
0x001AB030	func_001AB030	gameplay/game_00.016
0x001AB040	func_001AB040	gameplay/game_00.016
0x001AB1D0	func_001AB1D0	gameplay/game_00.016
0x001AB200	func_001AB200	gameplay/game_00.016
0x001AB230	func_001AB230	gameplay/game_00.018
0x001AB2B0	func_001AB2B0	gameplay/game_00.016
0x001AB330	func_001AB330	gameplay/game_00.016
0x001AB340	func_001AB340	gameplay/game_00.016
0x001AB360	func_001AB360	gameplay/game_00.016
0x001AB5D0	func_001AB5D0	gameplay/game_00.016
0x001AB610	func_001AB610	gameplay/game_00.016
0x001AB770	func_001AB770	gameplay/game_00.016
0x001AB7A0	func_001AB7A0	gameplay/game_00.016
0x001AB7D0	func_001AB7D0	gameplay/game_00.016
0x001AB810	func_001AB810	gameplay/game_00.014
0x001AB9A0	func_001AB9A0	gameplay/game_00.014
0x001ABA50	func_001ABA50	gameplay/game_00.014
0x001ABC50	func_001ABC50	gameplay/game_00.016
0x001ABFD0	func_001ABFD0	gameplay/game_00.016
0x001AC240	func_001AC240	gameplay/game_00.016
0x001AC280	func_001AC280	gameplay/game_00.016
0x001AC2C0	func_001AC2C0	gameplay/game_00.016
0x001AC300	func_001AC300	platform
0x001AC400	func_001AC400	gameplay/game_00.016
0x001AC640	func_001AC640	gameplay/game_00.016
0x001ACC40	func_001ACC40	gameplay/game_00.016
0x001ACD00	func_001ACD00	gameplay/game_00.016
0x001AD0E0	func_001AD0E0	gameplay/game_00.016
0x001AD1D0	func_001AD1D0	core
0x001AD250	func_001AD250	gameplay/game_00.016
0x001AD2A0	func_001AD2A0	gameplay/game_00.008
0x001AD300	func_001AD300	gameplay/game_00.016
0x001AD3D0	func_001AD3D0	gameplay/game_00.016
0x001AD460	func_001AD460	gameplay/game_00.016
0x001AD4C0	func_001AD4C0	gameplay/game_00.016
0x001AD5F0	func_001AD5F0	gameplay/game_00.016
0x001AD9C0	func_001AD9C0	gameplay/game_00.016
0x001ADBB0	func_001ADBB0	gameplay/game_00.016
0x001ADCD0	func_001ADCD0	gameplay/game_00.016
0x001ADFE0	func_001ADFE0	gameplay/game_00.016
0x001AE150	func_001AE150	gameplay/game_00.016
0x001AE2F0	func_001AE2F0	gameplay/game_00.016
0x001AE340	func_001AE340	gameplay/game_00.016
0x001AE3A0	func_001AE3A0	gameplay/game_00.016
0x001AE4D0	func_001AE4D0	gameplay/game_00.016
0x001AE6A0	func_001AE6A0	gameplay/game_00.016
0x001AE7A0	func_001AE7A0	gameplay/game_00.016
0x001AE7D0	func_001AE7D0	gameplay/game_00.016
0x001AE7E0	func_001AE7E0	gameplay/game_00.016
0x001AE860	func_001AE860	gameplay/game_00.016
0x001AE900	func_001AE900	gameplay/game_00.016
0x001AE9A0	func_001AE9A0	gameplay/game_00.016
0x001AE9F0	func_001AE9F0	gameplay/game_00.016
0x001AEA40	func_001AEA40	gameplay/game_00.016
0x001AEB40	func_001AEB40	gameplay/game_00.016
0x001AEFA0	func_001AEFA0	gameplay/game_00.016
0x001AF020	func_001AF020	gameplay/game_00.016
0x001AF130	func_001AF130	gameplay/game_00.016
0x001AF200	func_001AF200	gameplay/game_00.016
0x001AF3F0	func_001AF3F0	gameplay/game_00.016
0x001AF600	func_001AF600	gameplay/game_00.016
0x001AF6D0	func_001AF6D0	gameplay/game_00.018
0x001AF760	func_001AF760	gameplay/game_00.018
0x001AF7B0	func_001AF7B0	gameplay/game_00.016
0x001AF7F0	func_001AF7F0	gameplay/game_00.016
0x001AF910	func_001AF910	gameplay/game_00.016
0x001AFA90	func_001AFA90	gameplay/game_00.016
0x001AFC40	func_001AFC40	gameplay/game_00.016
0x001AFC90	func_001AFC90	gameplay/game_00.016
0x001AFE20	func_001AFE20	gameplay/game_00.016
0x001AFF90	func_001AFF90	gameplay/game_00.016
0x001B00B0	func_001B00B0	gameplay/game_00.016
0x001B0140	func_001B0140	gameplay/game_00.016
0x001B0230	func_001B0230	gameplay/game_00.016
0x001B02A0	func_001B02A0	gameplay/game_00.021
0x001B0380	func_001B0380	gameplay/game_00.021
0x001B0390	func_001B0390	gameplay/game_00.021
0x001B03A0	func_001B03A0	gameplay/game_00.021
0x001B03B0	func_001B03B0	gameplay/game_00.021
0x001B03C0	func_001B03C0	gameplay/game_00.021
0x001B03D0	func_001B03D0	gameplay/game_00.002
0x001B0410	func_001B0410	gameplay/game_00.016
0x001B0450	func_001B0450	gameplay/game_00.016
0x001B0490	func_001B0490	gameplay/game_00.003
0x001B04D0	func_001B04D0	gameplay/game_00.002
0x001B0550	func_001B0550	gameplay/game_00.016
0x001B0770	func_001B0770	gameplay/game_00.016
0x001B0CD0	func_001B0CD0	gameplay/game_00.016
0x001B1010	func_001B1010	gameplay/game_00.016
0x001B1360	func_001B1360	gameplay/game_00.016
0x001B13B0	func_001B13B0	gameplay/game_00.016
0x001B13C0	func_001B13C0	gameplay/game_00.016
0x001B1440	func_001B1440	gameplay/game_00.016
0x001B24C0	func_001B24C0	gameplay/game_00.016
0x001B2500	func_001B2500	gameplay/game_00.016
0x001B2660	func_001B2660	gameplay/game_00.016
0x001B29C0	func_001B29C0	gameplay/game_00.016
0x001B2C30	func_001B2C30	gameplay/game_00.016
0x001B2D60	func_001B2D60	gameplay/game_00.017
0x001B2E60	func_001B2E60	gameplay/game_00.014
0x001B2EF0	func_001B2EF0	gameplay/game_00.014
0x001B2FA0	func_001B2FA0	gameplay/game_00.014
0x001B30E0	func_001B30E0	gameplay/game_00.016
0x001B3230	func_001B3230	gameplay/game_00.016
0x001B3410	func_001B3410	gameplay/game_00.016
0x001B35C0	func_001B35C0	gameplay/game_00.016
0x001B35E0	func_001B35E0	gameplay/game_00.016
0x001B36A0	func_001B36A0	gameplay/game_00.016
0x001B3700	func_001B3700	gameplay/game_00.016
0x001B37A0	func_001B37A0	gameplay/game_00.016
0x001B38F0	func_001B38F0	gameplay/game_00.016
0x001B3920	func_001B3920	gameplay/game_00.016
0x001B3960	func_001B3960	gameplay/game_00.016
0x001B3A20	func_001B3A20	gameplay/game_00.016
0x001B3AD0	func_001B3AD0	gameplay/game_00.016
0x001B3B20	func_001B3B20	gameplay/game_00.007
0x001B3B70	func_001B3B70	gameplay/game_00.007
0x001B3DA0	func_001B3DA0	gameplay/game_00.007
0x001B3E30	func_001B3E30	gameplay/game_00.007
0x001B3EC0	func_001B3EC0	gameplay/game_00.007
0x001B3F70	func_001B3F70	gameplay/game_00.007
0x001B3FC0	func_001B3FC0	gameplay/game_00.007
0x001B4090	func_001B4090	gameplay/game_00.007
0x001B4150	func_001B4150	gameplay/game_00.007
0x001B4240	func_001B4240	gameplay/game_00.007
0x001B4260	func_001B4260	gameplay/game_00.007
0x001B42A0	func_001B42A0	gameplay/game_00.007
0x001B4320	func_001B4320	gameplay/game_00.007
0x001B4330	func_001B4330	gameplay/game_00.007
0x001B43A0	func_001B43A0	gameplay/game_00.007
0x001B4430	func_001B4430	gameplay/game_00.007
0x001B49E0	func_001B49E0	gameplay/game_00.007
0x001B4A80	func_001B4A80	gameplay/game_00.006
0x001B4B30	func_001B4B30	gameplay/game_00.007
0x001B4C10	func_001B4C10	gameplay/game_00.007
0x001B5210	func_001B5210	gameplay/game_00.007
0x001B57E0	func_001B57E0	gameplay/game_00.007
0x001B5800	func_001B5800	gameplay/game_00.007
0x001B5810	func_001B5810	gameplay/game_00.007
0x001B5870	func_001B5870	gameplay/game_00.007
0x001B5CE0	func_001B5CE0	gameplay/game_00.007
0x001B5DC0	func_001B5DC0	gameplay/game_00.007
0x001B5DD0	func_001B5DD0	gameplay/game_00.007
0x001B5E00	func_001B5E00	gameplay/game_00.007
0x001B5F00	func_001B5F00	gameplay/game_00.020
0x001B5F30	func_001B5F30	gameplay/game_00.007
0x001B5F40	func_001B5F40	gameplay/game_00.007
0x001B6030	func_001B6030	gameplay/game_00.007
0x001B6090	func_001B6090	gameplay/game_00.007
0x001B6110	func_001B6110	gameplay/game_00.007
0x001B6190	func_001B6190	gameplay/game_00.020
0x001B6220	func_001B6220	gameplay/game_00.020
0x001B6230	func_001B6230	gameplay/game_00.020
0x001B6780	func_001B6780	gameplay/game_00.020
0x001B6BD0	func_001B6BD0	gameplay/game_00.020
0x001B6CE0	func_001B6CE0	gameplay/game_00.020
0x001B6E30	func_001B6E30	gameplay/game_00.020
0x001B6E60	func_001B6E60	gameplay/game_00.020
0x001B6F00	func_001B6F00	gameplay/game_00.007
0x001B6FD0	func_001B6FD0	gameplay/game_00.020
0x001B7040	func_001B7040	gameplay/game_00.020
0x001B70C0	func_001B70C0	gameplay/game_00.020
0x001B7230	func_001B7230	gameplay/game_00.020
0x001B7270	func_001B7270	gameplay/game_00.020
0x001B72E0	func_001B72E0	gameplay/game_00.020
0x001B7460	func_001B7460	gameplay/game_00.020
0x001B74A0	func_001B74A0	gameplay/game_00.020
0x001B74E0	func_001B74E0	gameplay/game_00.020
0x001B7560	func_001B7560	gameplay/game_00.020
0x001B7600	func_001B7600	gameplay/game_00.020
0x001B76B0	func_001B76B0	gameplay/game_00.020
0x001B76F0	func_001B76F0	gameplay/game_00.020
0x001B7760	func_001B7760	gameplay/game_00.007
0x001B7820	func_001B7820	gameplay/game_00.007
0x001B7950	func_001B7950	gameplay/game_00.020
0x001B7BD0	func_001B7BD0	gameplay/game_00.020
0x001B7BE0	func_001B7BE0	gameplay/game_00.020
0x001B7BF0	func_001B7BF0	gameplay/game_00.008
0x001B7C70	func_001B7C70	gameplay/game_00.008
0x001B7CC0	func_001B7CC0	gameplay/game_00.008
0x001B7E60	func_001B7E60	gameplay/game_00.008
0x001B7E70	func_001B7E70	gameplay/game_00.020
0x001B8090	func_001B8090	gameplay/game_00.020
0x001B8250	func_001B8250	gameplay/game_00.020
0x001B8300	func_001B8300	gameplay/game_00.020
0x001B83C0	func_001B83C0	gameplay/game_00.020
0x001B8480	func_001B8480	gameplay/game_00.020
0x001B8540	func_001B8540	gameplay/game_00.020
0x001B89C0	func_001B89C0	gameplay/game_00.020
0x001B8FC0	func_001B8FC0	gameplay/game_00.020
0x001B95C0	func_001B95C0	gameplay/game_00.020
0x001B9830	func_001B9830	gameplay/game_00.020
0x001B9B70	func_001B9B70	gameplay/game_00.020
0x001B9DD0	func_001B9DD0	gameplay/game_00.020
0x001BA020	func_001BA020	gameplay/game_00.020
0x001BA720	func_001BA720	gameplay/game_00.020
0x001BAE10	func_001BAE10	gameplay/game_00.018
0x001BAF60	func_001BAF60	gameplay/game_00.018
0x001BB0F0	func_001BB0F0	gameplay/game_00.018
0x001BB140	func_001BB140	gameplay/game_00.018
0x001BB180	func_001BB180	gameplay/game_00.018
0x001BB1D0	func_001BB1D0	gameplay/game_00.018
0x001BB220	func_001BB220	gameplay/game_00.018
0x001BB270	func_001BB270	gameplay/game_00.018
0x001BB2B0	func_001BB2B0	gameplay/game_00.018
0x001BB2F0	func_001BB2F0	gameplay/game_00.018
0x001BB380	func_001BB380	gameplay/game_00.018
0x001BB3C0	func_001BB3C0	gameplay/game_00.018
0x001BB420	func_001BB420	gameplay/game_00.018
0x001BB4B0	func_001BB4B0	gameplay/game_00.018
0x001BB560	func_001BB560	gameplay/game_00.018
0x001BB5B0	func_001BB5B0	gameplay/game_00.018
0x001BB5F0	func_001BB5F0	gameplay/game_00.018
0x001BB640	func_001BB640	gameplay/game_00.018
0x001BB690	func_001BB690	gameplay/game_00.018
0x001BB6D0	func_001BB6D0	gameplay/game_00.018
0x001BB710	func_001BB710	gameplay/game_00.018
0x001BB750	func_001BB750	gameplay/game_00.018
0x001BB7A0	func_001BB7A0	gameplay/game_00.018
0x001BB7F0	func_001BB7F0	gameplay/game_00.018
0x001BB840	func_001BB840	gameplay/game_00.018
0x001BB890	func_001BB890	gameplay/game_00.018
0x001BB900	func_001BB900	gameplay/game_00.008
0x001BBBB0	func_001BBBB0	gameplay/game_00.008
0x001BBC20	func_001BBC20	gameplay/game_00.008
0x001BBC50	func_001BBC50	gameplay/game_00.008
0x001BBC80	func_001BBC80	gameplay/game_00.008
0x001BBCB0	func_001BBCB0	gameplay/game_00.008
0x001BBEB0	func_001BBEB0	gameplay/game_00.018
0x001BBFD0	func_001BBFD0	gameplay/game_00.016
0x001BC150	func_001BC150	gameplay/game_00.016
0x001BC330	func_001BC330	gameplay/game_00.016
0x001BC440	func_001BC440	gameplay/game_00.016
0x001BC480	func_001BC480	gameplay/game_00.016
0x001BC530	func_001BC530	gameplay/game_00.016
0x001BC630	func_001BC630	gameplay/game_00.018
0x001BC6C0	func_001BC6C0	gameplay/game_00.018
0x001BC870	func_001BC870	gameplay/game_00.018
0x001BC970	func_001BC970	gameplay/game_00.018
0x001BCA80	func_001BCA80	gameplay/game_00.018
0x001BCC10	func_001BCC10	gameplay/game_00.018
0x001BD110	func_001BD110	gameplay/game_00.018
0x001BD490	func_001BD490	gameplay/game_00.018
0x001BD600	func_001BD600	gameplay/game_00.018
0x001BD7E0	func_001BD7E0	gameplay/game_00.018
0x001BD9C0	func_001BD9C0	gameplay/game_00.018
0x001BDB60	func_001BDB60	gameplay/game_00.018
0x001BDF30	func_001BDF30	gameplay/game_00.018
0x001BDFA0	func_001BDFA0	gameplay/game_00.018
0x001BE2D0	func_001BE2D0	gameplay/game_00.018
0x001BE4F0	func_001BE4F0	gameplay/game_00.018
0x001BE5C0	func_001BE5C0	gameplay/game_00.016
0x001BE6D0	func_001BE6D0	platform
0x001BED60	func_001BED60	gameplay/game_00.018
0x001BEDE0	func_001BEDE0	gameplay/game_00.018
0x001BEFE0	func_001BEFE0	gameplay/game_00.018
0x001BF3F0	func_001BF3F0	gameplay/game_00.018
0x001BF5E0	func_001BF5E0	gameplay/game_00.018
0x001BF730	func_001BF730	gameplay/game_00.018
0x001BF7C0	func_001BF7C0	gameplay/game_00.018
0x001BF7D0	func_001BF7D0	gameplay/game_00.018
0x001BF810	func_001BF810	gameplay/game_00.018
0x001BF830	func_001BF830	gameplay/game_00.018
0x001BF870	func_001BF870	gameplay/game_00.018
0x001BF8B0	func_001BF8B0	gameplay/game_00.018
0x001BF920	func_001BF920	gameplay/game_00.018
0x001BFA60	func_001BFA60	gameplay/game_00.018
0x001BFAD0	func_001BFAD0	gameplay/game_00.018
0x001BFDE0	func_001BFDE0	gameplay/game_00.018
0x001C0500	func_001C0500	gameplay/game_00.018
0x001C0690	func_001C0690	gameplay/game_00.018
0x001C0780	func_001C0780	gameplay/game_00.018
0x001C07F0	func_001C07F0	gameplay/game_00.018
0x001C0810	func_001C0810	gameplay/game_00.018
0x001C0840	func_001C0840	gameplay/game_00.018
0x001C09C0	func_001C09C0	gameplay/game_00.018
0x001C0A60	func_001C0A60	gameplay/game_00.018
0x001C0B80	func_001C0B80	gameplay/game_00.018
0x001C0F00	func_001C0F00	gameplay/game_00.018
0x001C0FA0	func_001C0FA0	gameplay/game_00.018
0x001C1000	func_001C1000	gameplay/game_00.018
0x001C1030	func_001C1030	gameplay/game_00.018
0x001C1060	func_001C1060	gameplay/game_00.018
0x001C1140	func_001C1140	gameplay/game_00.018
0x001C11D0	func_001C11D0	gameplay/game_00.018
0x001C1210	func_001C1210	gameplay/game_00.018
0x001C1250	func_001C1250	gameplay/game_00.018
0x001C1290	func_001C1290	gameplay/game_00.018
0x001C12C0	func_001C12C0	gameplay/game_00.018
0x001C1310	func_001C1310	gameplay/game_00.018
0x001C14B0	func_001C14B0	gameplay/game_00.018
0x001C1550	func_001C1550	gameplay/game_00.018
0x001C17A0	func_001C17A0	gameplay/game_00.018
0x001C1A40	func_001C1A40	gameplay/game_00.018
0x001C1AF0	func_001C1AF0	gameplay/game_00.018
0x001C1D90	func_001C1D90	gameplay/game_00.018
0x001C1F90	func_001C1F90	gameplay/game_00.018
0x001C2060	func_001C2060	gameplay/game_00.018
0x001C2290	func_001C2290	gameplay/game_00.018
0x001C24A0	func_001C24A0	gameplay/game_00.018
0x001C2530	func_001C2530	gameplay/game_00.018
0x001C2640	func_001C2640	gameplay/game_00.018
0x001C2900	func_001C2900	gameplay/game_00.018
0x001C2A10	func_001C2A10	gameplay/game_00.018
0x001C2AD0	func_001C2AD0	gameplay/game_00.018
0x001C2B50	func_001C2B50	gameplay/game_00.018
0x001C2D40	func_001C2D40	gameplay/game_00.018
0x001C2E30	func_001C2E30	gameplay/game_00.018
0x001C2E70	func_001C2E70	gameplay/game_00.018
0x001C3100	func_001C3100	gameplay/game_00.018
0x001C3260	func_001C3260	gameplay/game_00.018
0x001C3300	func_001C3300	gameplay/game_00.018
0x001C33F0	func_001C33F0	gameplay/game_00.018
0x001C3420	func_001C3420	gameplay/game_00.018
0x001C34D0	func_001C34D0	gameplay/game_00.018
0x001C3550	func_001C3550	gameplay/game_00.018
0x001C3660	func_001C3660	gameplay/game_00.018
0x001C3770	func_001C3770	gameplay/game_00.018
0x001C37C0	func_001C37C0	gameplay/game_00.018
0x001C3860	func_001C3860	gameplay/game_00.018
0x001C3940	func_001C3940	gameplay/game_00.018
0x001C3A10	func_001C3A10	gameplay/game_00.018
0x001C3B20	func_001C3B20	gameplay/game_00.018
0x001C4080	func_001C4080	gameplay/game_00.018
0x001C41A0	func_001C41A0	gameplay/game_00.018
0x001C42B0	func_001C42B0	gameplay/game_00.018
0x001C42D0	func_001C42D0	gameplay/game_00.018
0x001C43F0	func_001C43F0	gameplay/game_00.018
0x001C4420	func_001C4420	core
0x001C4430	func_001C4430	gameplay/game_00.018
0x001C4450	func_001C4450	gameplay/game_00.018
0x001C4470	func_001C4470	gameplay/game_00.018
0x001C4590	func_001C4590	gameplay/game_00.018
0x001C45B0	func_001C45B0	gameplay/game_00.018
0x001C4660	func_001C4660	gameplay/game_00.018
0x001C46F0	func_001C46F0	gameplay/game_00.018
0x001C4720	func_001C4720	core
0x001C4770	func_001C4770	gameplay/game_00.018
0x001C4890	func_001C4890	gameplay/game_00.018
0x001C48A0	func_001C48A0	gameplay/game_00.018
0x001C48D0	func_001C48D0	gameplay/game_00.018
0x001C4980	func_001C4980	gameplay/game_00.018
0x001C4990	func_001C4990	gameplay/game_00.018
0x001C49A0	func_001C49A0	gameplay/game_00.018
0x001C49F0	func_001C49F0	gameplay/game_00.018
0x001C4AA0	func_001C4AA0	gameplay/game_00.018
0x001C4B60	func_001C4B60	gameplay/game_00.018
0x001C4BA0	func_001C4BA0	gameplay/game_00.018
0x001C4C20	func_001C4C20	gameplay/game_00.018
0x001C4C30	func_001C4C30	gameplay/game_00.018
0x001C4D50	func_001C4D50	gameplay/game_00.018
0x001C4DE0	func_001C4DE0	gameplay/game_00.018
0x001C4E70	func_001C4E70	gameplay/game_00.018
0x001C4EE0	func_001C4EE0	gameplay/game_00.018
0x001C4EF0	func_001C4EF0	gameplay/game_00.018
0x001C4F90	func_001C4F90	gameplay/game_00.018
0x001C4FA0	func_001C4FA0	gameplay/game_00.018
0x001C4FE0	func_001C4FE0	gameplay/game_00.018
0x001C5030	func_001C5030	gameplay/game_00.018
0x001C51C0	func_001C51C0	gameplay/game_00.018
0x001C5360	func_001C5360	gameplay/game_00.018
0x001C5380	func_001C5380	gameplay/game_00.018
0x001C53A0	func_001C53A0	gameplay/game_00.018
0x001C53F0	func_001C53F0	gameplay/game_00.018
0x001C5440	func_001C5440	gameplay/game_00.018
0x001C5490	func_001C5490	gameplay/game_00.018
0x001C54E0	func_001C54E0	gameplay/game_00.018
0x001C5520	func_001C5520	gameplay/game_00.018
0x001C55A0	func_001C55A0	gameplay/game_00.018
0x001C5630	func_001C5630	gameplay/game_00.018
0x001C5680	func_001C5680	gameplay/game_00.018
0x001C57E0	func_001C57E0	gameplay/game_00.018
0x001C5830	func_001C5830	gameplay/game_00.018
0x001C5880	func_001C5880	gameplay/game_00.018
0x001C58D0	func_001C58D0	gameplay/game_00.018
0x001C5920	func_001C5920	gameplay/game_00.018
0x001C5970	func_001C5970	gameplay/game_00.018
0x001C5B10	func_001C5B10	gameplay/game_00.018
0x001C5B30	func_001C5B30	gameplay/game_00.018
0x001C5CD0	func_001C5CD0	gameplay/game_00.018
0x001C5D60	func_001C5D60	gameplay/game_00.018
0x001C62A0	func_001C62A0	gameplay/game_00.005
0x001C6440	func_001C6440	gameplay/game_00.005
0x001C64A0	func_001C64A0	gameplay/game_00.018
0x001C6530	func_001C6530	gameplay/game_00.016
0x001C6580	func_001C6580	gameplay/game_00.018
0x001C66C0	func_001C66C0	gameplay/game_00.018
0x001C6710	func_001C6710	gameplay/game_00.018
0x001C6720	func_001C6720	gameplay/game_00.018
0x001C67F0	func_001C67F0	gameplay/game_00.018
0x001C6840	func_001C6840	gameplay/game_00.002
0x001C68C0	func_001C68C0	gameplay/game_00.002
0x001C69E0	func_001C69E0	gameplay/game_00.002
0x001C6A30	func_001C6A30	gameplay/game_00.002
0x001C6B70	func_001C6B70	gameplay/game_00.002
0x001C7170	func_001C7170	gameplay/game_00.002
0x001C7390	func_001C7390	gameplay/game_00.002
0x001C7780	func_001C7780	gameplay/game_00.002
0x001C7880	func_001C7880	gameplay/game_00.002
0x001C7A00	func_001C7A00	gameplay/game_00.002
0x001C7B30	func_001C7B30	gameplay/game_00.003
0x001C7D70	func_001C7D70	gameplay/game_00.002
0x001C85B0	func_001C85B0	platform
0x001C8620	func_001C8620	gameplay/game_00.002
0x001C8640	func_001C8640	gameplay/game_00.002
0x001C8660	func_001C8660	gameplay/game_00.002
0x001C8680	func_001C8680	gameplay/game_00.002
0x001C86A0	func_001C86A0	gameplay/game_00.002
0x001C86F0	func_001C86F0	gameplay/game_00.002
0x001C8710	func_001C8710	gameplay/game_00.002
0x001C8730	func_001C8730	gameplay/game_00.002
0x001C8750	func_001C8750	gameplay/game_00.003
0x001C87A0	func_001C87A0	gameplay/game_00.002
0x001C8830	func_001C8830	gameplay/game_00.002
0x001C89A0	func_001C89A0	gameplay/game_00.002
0x001C8B80	func_001C8B80	gameplay/game_00.002
0x001C8D00	func_001C8D00	gameplay/game_00.016
0x001C8DA0	func_001C8DA0	gameplay/game_00.016
0x001C8DD0	func_001C8DD0	gameplay/game_00.002
0x001C8DF0	func_001C8DF0	gameplay/game_00.002
0x001C8E80	func_001C8E80	gameplay/game_00.002
0x001C8E90	func_001C8E90	gameplay/game_00.002
0x001C8ED0	func_001C8ED0	gameplay/game_00.002
0x001C90B0	func_001C90B0	gameplay/game_00.002
0x001C9150	func_001C9150	gameplay/game_00.002
0x001C9550	func_001C9550	gameplay/game_00.002
0x001C9C00	func_001C9C00	gameplay/game_00.002
0x001C9C20	func_001C9C20	gameplay/game_00.002
0x001C9C60	func_001C9C60	gameplay/game_00.002
0x001CA0E0	func_001CA0E0	gameplay/game_00.008
0x001CA210	func_001CA210	gameplay/game_00.008
0x001CA2D0	func_001CA2D0	gameplay/game_00.008
0x001CA300	func_001CA300	gameplay/game_00.008
0x001CA420	func_001CA420	gameplay/game_00.008
0x001CA550	func_001CA550	gameplay/game_00.008
0x001CA660	func_001CA660	gameplay/game_00.008
0x001CA7F0	func_001CA7F0	gameplay/game_00.008
0x001CA860	func_001CA860	gameplay/game_00.008
0x001CA920	func_001CA920	gameplay/game_00.008
0x001CAC30	func_001CAC30	gameplay/game_00.008
0x001CAE20	func_001CAE20	gameplay/game_00.008
0x001CAFB0	func_001CAFB0	gameplay/game_00.008
0x001CB090	func_001CB090	gameplay/game_00.008
0x001CB1F0	func_001CB1F0	gameplay/game_00.008
0x001CB2C0	func_001CB2C0	gameplay/game_00.008
0x001CB760	func_001CB760	gameplay/game_00.008
0x001CBA10	func_001CBA10	gameplay/game_00.008
0x001CBB60	func_001CBB60	gameplay/game_00.008
0x001CBBB0	func_001CBBB0	gameplay/game_00.008
0x001CBC70	func_001CBC70	gameplay/game_00.008
0x001CBF00	func_001CBF00	gameplay/game_00.008
0x001CBF50	func_001CBF50	gameplay/game_00.008
0x001CC010	func_001CC010	gameplay/game_00.008
0x001CC220	func_001CC220	gameplay/game_00.008
0x001CC240	func_001CC240	gameplay/game_00.008
0x001CC290	func_001CC290	gameplay/game_00.008
0x001CC2E0	func_001CC2E0	gameplay/game_00.006
0x001CC430	func_001CC430	gameplay/game_00.006
0x001CC470	func_001CC470	gameplay/game_00.006
0x001CC4A0	func_001CC4A0	gameplay/game_00.006
0x001CC4D0	func_001CC4D0	gameplay/game_00.006
0x001CC5D0	func_001CC5D0	gameplay/game_00.002
0x001CCFD0	func_001CCFD0	gameplay/game_00.002
0x001CDC70	func_001CDC70	gameplay/game_00.022
0x001CDC90	func_001CDC90	gameplay/game_00.002
0x001CDCB0	func_001CDCB0	gameplay/game_00.002
0x001CDCF0	func_001CDCF0	gameplay/game_00.002
0x001CDD30	func_001CDD30	gameplay/game_00.002
0x001CDD70	func_001CDD70	gameplay/game_00.002
0x001CDDB0	func_001CDDB0	gameplay/game_00.002
0x001CDDF0	func_001CDDF0	gameplay/game_00.002
0x001CDE30	func_001CDE30	gameplay/game_00.003
0x001CDE70	func_001CDE70	gameplay/game_00.003
0x001CDEE0	func_001CDEE0	gameplay/game_00.003
0x001CDF50	func_001CDF50	gameplay/game_00.002
0x001CDF70	func_001CDF70	gameplay/game_00.002
0x001CDFB0	func_001CDFB0	gameplay/game_00.002
0x001CE060	func_001CE060	gameplay/game_00.021
0x001CE0F0	func_001CE0F0	gameplay/game_00.002
0x001CE2B0	func_001CE2B0	gameplay/game_00.002
0x001CE510	func_001CE510	gameplay/game_00.002
0x001CE520	func_001CE520	gameplay/game_00.002
0x001CE770	func_001CE770	gameplay/game_00.002
0x001CE8E0	func_001CE8E0	gameplay/game_00.002
0x001CE990	func_001CE990	gameplay/game_00.002
0x001CEA80	func_001CEA80	gameplay/game_00.002
0x001CEFA0	func_001CEFA0	gameplay/game_00.002
0x001CEFD0	func_001CEFD0	gameplay/game_00.002
0x001CF000	func_001CF000	gameplay/game_00.002
0x001CF030	func_001CF030	gameplay/game_00.002
0x001CF130	func_001CF130	gameplay/game_00.002
0x001CF220	func_001CF220	gameplay/game_00.002
0x001CF280	func_001CF280	gameplay/game_00.002
0x001CF2E0	func_001CF2E0	gameplay/game_00.002
0x001CF410	func_001CF410	gameplay/game_00.002
0x001CF5A0	func_001CF5A0	gameplay/game_00.002
0x001CFE70	func_001CFE70	gameplay/game_00.002
0x001D04A0	func_001D04A0	gameplay/game_00.002
0x001D4E60	func_001D4E60	gameplay/game_00.002
0x001D5FD0	func_001D5FD0	gameplay/game_00.002
0x001D5FE0	func_001D5FE0	gameplay/game_00.002
0x001D6050	func_001D6050	gameplay/game_00.002
0x001D63B0	func_001D63B0	gameplay/game_00.002
0x001D6550	func_001D6550	gameplay/game_00.008
0x001D65D0	func_001D65D0	gameplay/game_00.008
0x001D6650	func_001D6650	gameplay/game_00.008
0x001D6660	func_001D6660	gameplay/game_00.008
0x001D66A0	func_001D66A0	gameplay/game_00.008
0x001D66B0	func_001D66B0	gameplay/game_00.008
0x001D66F0	func_001D66F0	gameplay/game_00.008
0x001D6790	func_001D6790	gameplay/game_00.008
0x001D6800	func_001D6800	gameplay/game_00.006
0x001D6810	func_001D6810	gameplay/game_00.008
0x001D68E0	func_001D68E0	gameplay/game_00.008
0x001D6DA0	func_001D6DA0	gameplay/game_00.008
0x001D6DE0	func_001D6DE0	gameplay/game_00.008
0x001D6E30	func_001D6E30	gameplay/game_00.008
0x001D6EA0	func_001D6EA0	gameplay/game_00.008
0x001D7090	func_001D7090	gameplay/game_00.008
0x001D70D0	func_001D70D0	gameplay/game_00.008
0x001D71C0	func_001D71C0	gameplay/game_00.006
0x001D7310	func_001D7310	gameplay/game_00.008
0x001D7330	func_001D7330	gameplay/game_00.008
0x001D7490	func_001D7490	gameplay/game_00.008
0x001D7750	func_001D7750	gameplay/game_00.008
0x001D77F0	func_001D77F0	gameplay/game_00.008
0x001D7940	func_001D7940	gameplay/game_00.008
0x001D79D0	func_001D79D0	gameplay/game_00.008
0x001D7E70	func_001D7E70	gameplay/game_00.008
0x001D7EF0	func_001D7EF0	gameplay/game_00.008
0x001D7FE0	func_001D7FE0	gameplay/game_00.008
0x001D8240	func_001D8240	gameplay/game_00.008
0x001D82A0	func_001D82A0	gameplay/game_00.008
0x001D8810	func_001D8810	gameplay/game_00.008
0x001D8E50	func_001D8E50	gameplay/game_00.008
0x001D8E80	func_001D8E80	platform
0x001D9AE0	func_001D9AE0	gameplay/game_00.008
0x001D9B10	func_001D9B10	platform
0x001DA0C0	func_001DA0C0	platform
0x001DA7B0	func_001DA7B0	platform
0x001DBB60	func_001DBB60	gameplay/game_00.008
0x001DBD00	func_001DBD00	gameplay/game_00.016
0x001DBD10	func_001DBD10	gameplay/game_00.016
0x001DC020	func_001DC020	gameplay/game_00.008
0x001DC080	func_001DC080	gameplay/game_00.008
0x001DC0C0	func_001DC0C0	gameplay/game_00.006
0x001DC110	func_001DC110	gameplay/game_00.008
0x001DC240	func_001DC240	platform
0x001DC450	func_001DC450	gameplay/game_00.016
0x001DC4D0	func_001DC4D0	gameplay/game_00.016
0x001DC510	func_001DC510	gameplay/game_00.008
0x001DC530	func_001DC530	gameplay/game_00.006
0x001DC5A0	func_001DC5A0	gameplay/game_00.008
0x001DC5B0	func_001DC5B0	gameplay/game_00.008
0x001DCA30	func_001DCA30	gameplay/game_00.008
0x001DCA50	func_001DCA50	gameplay/game_00.008
0x001DCC40	func_001DCC40	gameplay/game_00.008
0x001DCE20	func_001DCE20	gameplay/game_00.008
0x001DCE30	func_001DCE30	gameplay/game_00.008
0x001DCEB0	func_001DCEB0	gameplay/game_00.008
0x001DCF40	func_001DCF40	gameplay/game_00.008
0x001DCFB0	func_001DCFB0	gameplay/game_00.011
0x001DD060	func_001DD060	gameplay/game_00.008
0x001DD340	func_001DD340	gameplay/game_00.008
0x001DD4D0	func_001DD4D0	gameplay/game_00.008
0x001DD850	func_001DD850	gameplay/game_00.008
0x001DD8C0	func_001DD8C0	gameplay/game_00.008
0x001DD960	func_001DD960	gameplay/game_00.008
0x001DD9B0	func_001DD9B0	gameplay/game_00.008
0x001DE170	func_001DE170	gameplay/game_00.008
0x001DE1D0	func_001DE1D0	gameplay/game_00.008
0x001DE4D0	func_001DE4D0	gameplay/game_00.008
0x001DE6D0	func_001DE6D0	gameplay/game_00.008
0x001DEA20	func_001DEA20	gameplay/game_00.008
0x001DEAB0	func_001DEAB0	gameplay/game_00.008
0x001DEAD0	func_001DEAD0	gameplay/game_00.008
0x001DEC60	func_001DEC60	gameplay/game_00.008
0x001DEC70	func_001DEC70	gameplay/game_00.008
0x001DEC80	func_001DEC80	gameplay/game_00.008
0x001DEC90	func_001DEC90	gameplay/game_00.008
0x001DECA0	func_001DECA0	platform
0x001DEED0	func_001DEED0	platform
0x001DF180	func_001DF180	gameplay/game_00.008
0x001DF210	func_001DF210	gameplay/game_00.008
0x001DF390	func_001DF390	gameplay/game_00.008
0x001DF420	func_001DF420	platform
0x001DFBE0	func_001DFBE0	gameplay/game_00.008
0x001DFC70	func_001DFC70	gameplay/game_00.008
0x001DFE70	func_001DFE70	platform
0x001E05B0	func_001E05B0	gameplay/game_00.008
0x001E0640	func_001E0640	gameplay/game_00.008
0x001E08B0	func_001E08B0	gameplay/game_00.008
0x001E08C0	func_001E08C0	gameplay/game_00.008
0x001E08D0	func_001E08D0	gameplay/game_00.008
0x001E08E0	func_001E08E0	gameplay/game_00.008
0x001E08F0	func_001E08F0	gameplay/game_00.008
0x001E0900	func_001E0900	gameplay/game_00.008
0x001E0C10	func_001E0C10	gameplay/game_00.008
0x001E0C70	func_001E0C70	gameplay/game_00.008
0x001E0E00	func_001E0E00	gameplay/game_00.008
0x001E1220	func_001E1220	gameplay/game_00.008
0x001E1230	func_001E1230	gameplay/game_00.008
0x001E1240	func_001E1240	gameplay/game_00.008
0x001E1250	func_001E1250	gameplay/game_00.008
0x001E1260	func_001E1260	gameplay/game_00.008
0x001E1270	func_001E1270	gameplay/game_00.008
0x001E1280	func_001E1280	gameplay/game_00.008
0x001E1290	func_001E1290	gameplay/game_00.008
0x001E1450	func_001E1450	gameplay/game_00.008
0x001E1630	func_001E1630	gameplay/game_00.006
0x001E17B0	func_001E17B0	gameplay/game_00.008
0x001E1920	func_001E1920	gameplay/game_00.008
0x001E1AD0	func_001E1AD0	gameplay/game_00.008
0x001E2800	func_001E2800	gameplay/game_00.008
0x001E2820	func_001E2820	gameplay/game_00.008
0x001E2860	func_001E2860	gameplay/game_00.010
0x001E2890	func_001E2890	platform
0x001E2C90	func_001E2C90	gameplay/game_00.008
0x001E2CF0	func_001E2CF0	gameplay/game_00.008
0x001E2EA0	func_001E2EA0	gameplay/game_00.008
0x001E2EB0	func_001E2EB0	gameplay/game_00.008
0x001E2EC0	func_001E2EC0	gameplay/game_00.006
0x001E2F20	func_001E2F20	gameplay/game_00.006
0x001E2F30	func_001E2F30	gameplay/game_00.006
0x001E3110	func_001E3110	gameplay/game_00.009
0x001E3120	func_001E3120	gameplay/game_00.009
0x001E3140	func_001E3140	gameplay/game_00.009
0x001E3150	func_001E3150	gameplay/game_00.016
0x001E3290	func_001E3290	gameplay/game_00.016
0x001E3500	func_001E3500	gameplay/game_00.002
0x001E3560	func_001E3560	gameplay/game_00.002
0x001E35B0	func_001E35B0	gameplay/game_00.002
0x001E3600	func_001E3600	gameplay/game_00.012
0x001E36C0	func_001E36C0	gameplay/game_00.012
0x001E37F0	func_001E37F0	gameplay/game_00.012
0x001E3800	func_001E3800	gameplay/game_00.012
0x001E3880	func_001E3880	gameplay/game_00.012
0x001E38D0	func_001E38D0	gameplay/game_00.012
0x001E3920	func_001E3920	gameplay/game_00.008
0x001E3A10	func_001E3A10	gameplay/game_00.009
0x001E3AA0	func_001E3AA0	gameplay/game_00.009
0x001E3B30	func_001E3B30	gameplay/game_00.003
0x001E3C20	func_001E3C20	gameplay/game_00.003
0x001E3CA0	func_001E3CA0	gameplay/game_00.009
0x001E3CC0	func_001E3CC0	gameplay/game_00.009
0x001E3D00	func_001E3D00	gameplay/game_00.009
0x001E3D20	func_001E3D20	gameplay/game_00.009
0x001E3DA0	func_001E3DA0	gameplay/game_00.009
0x001E3E30	func_001E3E30	gameplay/game_00.009
0x001E3F50	func_001E3F50	gameplay/game_00.009
0x001E3FE0	func_001E3FE0	gameplay/game_00.009
0x001E3FF0	func_001E3FF0	gameplay/game_00.009
0x001E4330	func_001E4330	gameplay/game_00.009
0x001E43B0	func_001E43B0	gameplay/game_00.009
0x001E4400	func_001E4400	gameplay/game_00.009
0x001E4430	func_001E4430	gameplay/game_00.009
0x001E4470	func_001E4470	gameplay/game_00.009
0x001E44A0	func_001E44A0	gameplay/game_00.009
0x001E44D0	func_001E44D0	gameplay/game_00.004
0x001E4650	func_001E4650	gameplay/game_00.009
0x001E4910	func_001E4910	gameplay/game_00.009
0x001E4950	func_001E4950	gameplay/game_00.009
0x001E4B60	func_001E4B60	gameplay/game_00.009
0x001E4BF0	func_001E4BF0	gameplay/game_00.009
0x001E4CD0	func_001E4CD0	gameplay/game_00.009
0x001E4D00	func_001E4D00	gameplay/game_00.009
0x001E4D30	func_001E4D30	gameplay/game_00.009
0x001E4DA0	func_001E4DA0	gameplay/game_00.009
0x001E4E00	func_001E4E00	gameplay/game_00.009
0x001E4E20	func_001E4E20	gameplay/game_00.009
0x001E4E60	func_001E4E60	gameplay/game_00.009
0x001E4EC0	func_001E4EC0	gameplay/game_00.009
0x001E4FA0	func_001E4FA0	gameplay/game_00.009
0x001E4FE0	func_001E4FE0	gameplay/game_00.009
0x001E50E0	func_001E50E0	gameplay/game_00.009
0x001E51D0	func_001E51D0	gameplay/game_00.009
0x001E5230	func_001E5230	gameplay/game_00.010
0x001E52A0	func_001E52A0	gameplay/game_00.007
0x001E52B0	func_001E52B0	gameplay/game_00.007
0x001E52D0	func_001E52D0	gameplay/game_00.007
0x001E52F0	func_001E52F0	gameplay/game_00.007
0x001E5320	func_001E5320	gameplay/game_00.007
0x001E5350	func_001E5350	gameplay/game_00.019
0x001E53C0	func_001E53C0	gameplay/game_00.007
0x001E5430	func_001E5430	gameplay/game_00.007
0x001E5470	func_001E5470	gameplay/game_00.007
0x001E54E0	func_001E54E0	gameplay/game_00.007
0x001E5510	func_001E5510	gameplay/game_00.007
0x001E5740	func_001E5740	gameplay/game_00.004
0x001E57F0	func_001E57F0	gameplay/game_00.004
0x001E5860	func_001E5860	platform
0x001E5C90	func_001E5C90	gameplay/game_00.023
0x001E5EF0	func_001E5EF0	gameplay/game_00.023
0x001E60E0	func_001E60E0	gameplay/game_00.014
0x001E6240	func_001E6240	gameplay/game_00.014
0x001E6310	func_001E6310	gameplay/game_00.014
0x001E6380	func_001E6380	gameplay/game_00.014
0x001E63C0	func_001E63C0	gameplay/game_00.014
0x001E6530	func_001E6530	gameplay/game_00.014
0x001E65B0	func_001E65B0	gameplay/game_00.014
0x001E6640	func_001E6640	gameplay/game_00.014
0x001E6820	func_001E6820	gameplay/game_00.014
0x001E6960	func_001E6960	gameplay/game_00.003
0x001E69E0	func_001E69E0	gameplay/game_00.011
0x001E6A30	func_001E6A30	gameplay/game_00.014
0x001E6A90	func_001E6A90	gameplay/game_00.014
0x001E6BC0	func_001E6BC0	gameplay/game_00.014
0x001E6C00	func_001E6C00	gameplay/game_00.014
0x001E6C10	func_001E6C10	gameplay/game_00.014
0x001E6C20	func_001E6C20	gameplay/game_00.014
0x001E6C30	func_001E6C30	platform
0x001E6F20	func_001E6F20	gameplay/game_00.014
0x001E7340	func_001E7340	gameplay/game_00.014
0x001E7420	func_001E7420	gameplay/game_00.007
0x001E7560	func_001E7560	gameplay/game_00.014
0x001E7570	func_001E7570	gameplay/game_00.014
0x001E7590	func_001E7590	gameplay/game_00.017
0x001E7780	func_001E7780	gameplay/game_00.006
0x001E7790	func_001E7790	gameplay/game_00.017
0x001E77A0	func_001E77A0	gameplay/game_00.017
0x001E77F0	func_001E77F0	gameplay/game_00.017
0x001E7870	func_001E7870	gameplay/game_00.017
0x001E78F0	func_001E78F0	gameplay/game_00.017
0x001E7960	func_001E7960	gameplay/game_00.017
0x001E79D0	func_001E79D0	gameplay/game_00.017
0x001E7A40	func_001E7A40	gameplay/game_00.017
0x001E7BB0	func_001E7BB0	gameplay/game_00.017
0x001E7D20	func_001E7D20	gameplay/game_00.017
0x001E7DF0	func_001E7DF0	gameplay/game_00.017
0x001E7EC0	func_001E7EC0	gameplay/game_00.017
0x001E7F00	func_001E7F00	gameplay/game_00.017
0x001E7FA0	func_001E7FA0	gameplay/game_00.017
0x001E8150	func_001E8150	gameplay/game_00.017
0x001E8270	func_001E8270	gameplay/game_00.017
0x001E83E0	func_001E83E0	gameplay/game_00.017
0x001E8400	func_001E8400	gameplay/game_00.017
0x001E8580	func_001E8580	gameplay/game_00.017
0x001E8700	func_001E8700	gameplay/game_00.017
0x001E8870	func_001E8870	gameplay/game_00.017
0x001E8AF0	func_001E8AF0	gameplay/game_00.017
0x001E8B70	func_001E8B70	gameplay/game_00.006
0x001E8BC0	func_001E8BC0	gameplay/game_00.017
0x001E8C60	func_001E8C60	gameplay/game_00.017
0x001E8DB0	func_001E8DB0	gameplay/game_00.017
0x001E8DE0	func_001E8DE0	gameplay/game_00.017
0x001E8E20	func_001E8E20	gameplay/game_00.017
0x001E8F00	func_001E8F00	gameplay/game_00.016
0x001E8F10	func_001E8F10	gameplay/game_00.016
0x001E9090	func_001E9090	gameplay/game_00.004
0x001E91D0	func_001E91D0	gameplay/game_00.016
0x001E9250	func_001E9250	gameplay/game_00.016
0x001E92E0	func_001E92E0	gameplay/game_00.016
0x001E9370	func_001E9370	gameplay/game_00.016
0x001E9410	func_001E9410	gameplay/game_00.016
0x001E9590	func_001E9590	gameplay/game_00.016
0x001E9710	func_001E9710	gameplay/game_00.016
0x001E98B0	func_001E98B0	gameplay/game_00.016
0x001E98F0	func_001E98F0	gameplay/game_00.016
0x001E9930	func_001E9930	gameplay/game_00.016
0x001EA8F0	func_001EA8F0	gameplay/game_00.016
0x001EB170	func_001EB170	gameplay/game_00.017
0x001EB1D0	func_001EB1D0	gameplay/game_00.016
0x001EB250	func_001EB250	gameplay/game_00.016
0x001EB2D0	func_001EB2D0	gameplay/game_00.016
0x001EB3D0	func_001EB3D0	gameplay/game_00.016
0x001EB670	func_001EB670	gameplay/game_00.016
0x001EB6C0	func_001EB6C0	gameplay/game_00.017
0x001EB720	func_001EB720	gameplay/game_00.017
0x001EB790	func_001EB790	gameplay/game_00.017
0x001EB7F0	func_001EB7F0	gameplay/game_00.017
0x001EB830	func_001EB830	gameplay/game_00.004
0x001EBC20	func_001EBC20	gameplay/game_00.004
0x001EBC70	func_001EBC70	gameplay/game_00.004
0x001EBCC0	func_001EBCC0	gameplay/game_00.004
0x001EBD10	func_001EBD10	gameplay/game_00.004
0x001EBD90	func_001EBD90	gameplay/game_00.004
0x001EBDC0	func_001EBDC0	gameplay/game_00.004
0x001EBE10	func_001EBE10	gameplay/game_00.003
0x001EBE20	func_001EBE20	gameplay/game_00.014
0x001EBEC0	func_001EBEC0	gameplay/game_00.014
0x001EBF60	func_001EBF60	gameplay/game_00.014
0x001EC010	func_001EC010	gameplay/game_00.014
0x001EC070	func_001EC070	gameplay/game_00.014
0x001EC0D0	func_001EC0D0	gameplay/game_00.014
0x001EC130	func_001EC130	gameplay/game_00.014
0x001EC290	func_001EC290	gameplay/game_00.006
0x001EC320	func_001EC320	gameplay/game_00.006
0x001EC6A0	func_001EC6A0	gameplay/game_00.006
0x001EC6E0	func_001EC6E0	gameplay/game_00.006
0x001EC700	func_001EC700	gameplay/game_00.006
0x001EC730	func_001EC730	gameplay/game_00.006
0x001EC7F0	func_001EC7F0	gameplay/game_00.006
0x001EC810	func_001EC810	gameplay/game_00.006
0x001EC860	func_001EC860	gameplay/game_00.008
0x001ECFA0	func_001ECFA0	gameplay/game_00.008
0x001ED8F0	func_001ED8F0	gameplay/game_00.008
0x001EDDF0	func_001EDDF0	gameplay/game_00.008
0x001EE390	func_001EE390	gameplay/game_00.008
0x001EE590	func_001EE590	gameplay/game_00.008
0x001EEA20	func_001EEA20	gameplay/game_00.008
0x001EED40	func_001EED40	gameplay/game_00.008
0x001EF530	func_001EF530	gameplay/game_00.008
0x001EFBD0	func_001EFBD0	gameplay/game_00.008
0x001EFE00	func_001EFE00	gameplay/game_00.008
0x001EFE20	func_001EFE20	gameplay/game_00.008
0x001F03E0	func_001F03E0	gameplay/game_00.008
0x001F04B0	func_001F04B0	gameplay/game_00.008
0x001F0660	func_001F0660	gameplay/game_00.008
0x001F08A0	func_001F08A0	gameplay/game_00.008
0x001F0A70	func_001F0A70	gameplay/game_00.007
0x001F0AF0	func_001F0AF0	gameplay/game_00.008
0x001F0BD0	func_001F0BD0	gameplay/game_00.006
0x001F0C60	func_001F0C60	gameplay/game_00.006
0x001F0C70	func_001F0C70	gameplay/game_00.006
0x001F0C80	func_001F0C80	gameplay/game_00.006
0x001F0CC0	func_001F0CC0	gameplay/game_00.006
0x001F0CF0	func_001F0CF0	gameplay/game_00.006
0x001F0D10	func_001F0D10	gameplay/game_00.006
0x001F0DD0	func_001F0DD0	gameplay/game_00.006
0x001F0F00	func_001F0F00	gameplay/game_00.006
0x001F0F50	func_001F0F50	gameplay/game_00.006
0x001F0FA0	func_001F0FA0	gameplay/game_00.006
0x001F0FF0	func_001F0FF0	gameplay/game_00.006
0x001F1300	func_001F1300	gameplay/game_00.006
0x001F14B0	func_001F14B0	gameplay/game_00.006
0x001F1510	func_001F1510	gameplay/game_00.006
0x001F1520	func_001F1520	gameplay/game_00.006
0x001F1530	func_001F1530	gameplay/game_00.014
0x001F1590	func_001F1590	gameplay/game_00.014
0x001F16A0	func_001F16A0	gameplay/game_00.006
0x001F1730	func_001F1730	gameplay/game_00.006
0x001F18A0	func_001F18A0	gameplay/game_00.006
0x001F18F0	func_001F18F0	gameplay/game_00.006
0x001F1BE0	func_001F1BE0	gameplay/game_00.006
0x001F1C20	func_001F1C20	gameplay/game_00.006
0x001F1CA0	func_001F1CA0	gameplay/game_00.006
0x001F1D10	func_001F1D10	gameplay/game_00.006
0x001F1D40	func_001F1D40	gameplay/game_00.006
0x001F1DB0	func_001F1DB0	gameplay/game_00.006
0x001F1ED0	func_001F1ED0	gameplay/game_00.006
0x001F1F50	func_001F1F50	gameplay/game_00.006
0x001F1FA0	func_001F1FA0	gameplay/game_00.006
0x001F2070	func_001F2070	gameplay/game_00.006
0x001F2120	func_001F2120	gameplay/game_00.004
0x001F24B0	func_001F24B0	gameplay/game_00.004
0x001F2630	func_001F2630	gameplay/game_00.004
0x001F27D0	func_001F27D0	gameplay/game_00.014
0x001F27F0	func_001F27F0	gameplay/game_00.014
0x001F2860	func_001F2860	gameplay/game_00.017
0x001F28B0	func_001F28B0	gameplay/game_00.017
0x001F2CA0	func_001F2CA0	gameplay/game_00.017
0x001F2D40	func_001F2D40	gameplay/game_00.017
0x001F2D50	func_001F2D50	gameplay/game_00.017
0x001F2D60	func_001F2D60	gameplay/game_00.017
0x001F2D70	func_001F2D70	gameplay/game_00.017
0x001F2EF0	func_001F2EF0	gameplay/game_00.017
0x001F2F60	func_001F2F60	gameplay/game_00.017
0x001F2FB0	func_001F2FB0	gameplay/game_00.017
0x001F3010	func_001F3010	gameplay/game_00.017
0x001F3080	func_001F3080	gameplay/game_00.017
0x001F3110	func_001F3110	gameplay/game_00.017
0x001F3140	func_001F3140	gameplay/game_00.017
0x001F3190	func_001F3190	gameplay/game_00.017
0x001F3470	func_001F3470	gameplay/game_00.017
0x001F3510	func_001F3510	gameplay/game_00.017
0x001F35C0	func_001F35C0	gameplay/game_00.017
0x001F3630	func_001F3630	gameplay/game_00.017
0x001F36E0	func_001F36E0	gameplay/game_00.017
0x001F37D0	func_001F37D0	gameplay/game_00.017
0x001F3830	func_001F3830	gameplay/game_00.017
0x001F3850	func_001F3850	gameplay/game_00.017
0x001F39D0	func_001F39D0	gameplay/game_00.017
0x001F3B60	func_001F3B60	gameplay/game_00.017
0x001F3C70	func_001F3C70	gameplay/game_00.017
0x001F4070	func_001F4070	gameplay/game_00.017
0x001F4150	func_001F4150	gameplay/game_00.017
0x001F4160	func_001F4160	gameplay/game_00.024
0x001F42D0	func_001F42D0	gameplay/game_00.017
0x001F4300	func_001F4300	gameplay/game_00.017
0x001F4360	func_001F4360	gameplay/game_00.017
0x001F47B0	func_001F47B0	gameplay/game_00.006
0x001F4870	func_001F4870	gameplay/game_00.006
0x001F48C0	func_001F48C0	gameplay/game_00.025
0x001F4900	func_001F4900	gameplay/game_00.025
0x001F49E0	func_001F49E0	gameplay/game_00.017
0x001F4AB0	func_001F4AB0	gameplay/game_00.017
0x001F4B00	func_001F4B00	gameplay/game_00.017
0x001F4B50	func_001F4B50	gameplay/game_00.017
0x001F4BE0	func_001F4BE0	gameplay/game_00.017
0x001F4C80	func_001F4C80	gameplay/game_00.017
0x001F4E20	func_001F4E20	gameplay/game_00.017
0x001F4FA0	func_001F4FA0	core
0x001F4FD0	func_001F4FD0	gameplay/game_00.004
0x001F50B0	func_001F50B0	gameplay/game_00.004
0x001F5150	func_001F5150	gameplay/game_00.004
0x001F51B0	func_001F51B0	gameplay/game_00.016
0x001F5280	func_001F5280	gameplay/game_00.017
0x001F5300	func_001F5300	gameplay/game_00.017
0x001F5340	func_001F5340	gameplay/game_00.017
0x001F5490	func_001F5490	gameplay/game_00.017
0x001F5500	func_001F5500	gameplay/game_00.017
0x001F5570	func_001F5570	gameplay/game_00.017
0x001F58F0	func_001F58F0	gameplay/game_00.017
0x001F5980	func_001F5980	gameplay/game_00.017
0x001F59E0	func_001F59E0	gameplay/game_00.017
0x001F5A00	func_001F5A00	gameplay/game_00.017
0x001F5A30	func_001F5A30	gameplay/game_00.004
0x001F5A60	func_001F5A60	gameplay/game_00.004
0x001F5AA0	func_001F5AA0	core
0x001F5AD0	func_001F5AD0	gameplay/game_00.004
0x001F5B10	func_001F5B10	gameplay/game_00.004
0x001F5E00	func_001F5E00	gameplay/game_00.004
0x001F5E40	func_001F5E40	gameplay/game_00.004
0x001F5EE0	func_001F5EE0	gameplay/game_00.004
0x001F5F40	func_001F5F40	platform
0x001F60C0	func_001F60C0	gameplay/game_00.004
0x001F6180	func_001F6180	gameplay/game_00.004
0x001F61F0	func_001F61F0	gameplay/game_00.004
0x001F65E0	func_001F65E0	gameplay/game_00.004
0x001F65F0	func_001F65F0	gameplay/game_00.004
0x001F6630	func_001F6630	gameplay/game_00.004
0x001F66B0	func_001F66B0	gameplay/game_00.004
0x001F6710	func_001F6710	gameplay/game_00.004
0x001F6750	func_001F6750	gameplay/game_00.004
0x001F6D60	func_001F6D60	gameplay/game_00.016
0x001F6E70	func_001F6E70	gameplay/game_00.004
0x001F70F0	func_001F70F0	gameplay/game_00.004
0x001F71A0	func_001F71A0	gameplay/game_00.004
0x001F78B0	func_001F78B0	gameplay/game_00.004
0x001F7980	func_001F7980	gameplay/game_00.004
0x001F79E0	func_001F79E0	gameplay/game_00.004
0x001F7A30	func_001F7A30	gameplay/game_00.004
0x001F7B30	func_001F7B30	gameplay/game_00.004
0x001F7BD0	func_001F7BD0	gameplay/game_00.004
0x001F7C60	func_001F7C60	gameplay/game_00.004
0x001F80D0	func_001F80D0	gameplay/game_00.004
0x001F81C0	func_001F81C0	gameplay/game_00.004
0x001F8270	func_001F8270	gameplay/game_00.004
0x001F82B0	func_001F82B0	gameplay/game_00.004
0x001F8390	func_001F8390	gameplay/game_00.004
0x001F8430	func_001F8430	gameplay/game_00.004
0x001F8590	func_001F8590	gameplay/game_00.004
0x001F85C0	func_001F85C0	gameplay/game_00.004
0x001F8830	func_001F8830	gameplay/game_00.004
0x001F88C0	func_001F88C0	gameplay/game_00.026
0x001F8960	func_001F8960	gameplay/game_00.026
0x001F8AE0	func_001F8AE0	gameplay/game_00.026
0x001F8C60	func_001F8C60	gameplay/game_00.026
0x001F8C80	func_001F8C80	gameplay/game_00.026
0x001F8D40	func_001F8D40	gameplay/game_00.026
0x001F8E00	func_001F8E00	gameplay/game_00.026
0x001F8E30	func_001F8E30	gameplay/game_00.005
0x001F9060	func_001F9060	gameplay/game_00.005
0x001F9090	func_001F9090	gameplay/game_00.019
0x001F91D0	func_001F91D0	gameplay/game_00.026
0x001F9370	func_001F9370	gameplay/game_00.026
0x001F9740	func_001F9740	gameplay/game_00.026
0x001F9B10	func_001F9B10	gameplay/game_00.026
0x001F9F30	func_001F9F30	gameplay/game_00.026
0x001FA350	func_001FA350	gameplay/game_00.026
0x001FA370	func_001FA370	gameplay/game_00.026
0x001FA450	func_001FA450	gameplay/game_00.026
0x001FA530	func_001FA530	gameplay/game_00.026
0x001FA560	func_001FA560	gameplay/game_00.026
0x001FA590	func_001FA590	gameplay/game_00.005
0x001FAA30	func_001FAA30	gameplay/game_00.005
0x001FAED0	func_001FAED0	gameplay/game_00.005
0x001FB090	func_001FB090	gameplay/game_00.005
0x001FB250	func_001FB250	gameplay/game_00.019
0x001FB440	func_001FB440	gameplay/game_00.019
0x001FB630	func_001FB630	gameplay/game_00.019
0x001FBA30	func_001FBA30	gameplay/game_00.019
0x001FC930	func_001FC930	gameplay/game_00.019
0x001FCDB0	func_001FCDB0	gameplay/game_00.019
0x001FD200	func_001FD200	gameplay/game_00.019
0x001FD280	func_001FD280	gameplay/game_00.019
0x001FD2A0	func_001FD2A0	gameplay/game_00.019
0x001FD300	func_001FD300	gameplay/game_00.019
0x001FD480	func_001FD480	gameplay/game_00.019
0x001FD500	func_001FD500	gameplay/game_00.019
0x001FDA00	func_001FDA00	gameplay/game_00.019
0x001FDA40	func_001FDA40	gameplay/game_00.019
0x001FDA50	func_001FDA50	gameplay/game_00.019
0x001FDAE0	func_001FDAE0	gameplay/game_00.019
0x001FDDD0	func_001FDDD0	gameplay/game_00.019
0x001FDEB0	func_001FDEB0	gameplay/game_00.019
0x001FDF60	func_001FDF60	gameplay/game_00.019
0x001FE0C0	func_001FE0C0	gameplay/game_00.019
0x001FE140	func_001FE140	gameplay/game_00.019
0x001FE220	func_001FE220	gameplay/game_00.019
0x001FE2C0	func_001FE2C0	gameplay/game_00.019
0x001FE2F0	func_001FE2F0	gameplay/game_00.019
0x001FE570	func_001FE570	gameplay/game_00.007
0x001FE660	func_001FE660	gameplay/game_00.007
0x001FE7F0	func_001FE7F0	gameplay/game_00.007
0x001FE8A0	func_001FE8A0	core
0x001FE9A0	func_001FE9A0	core
0x001FEA40	func_001FEA40	core
0x001FEB20	func_001FEB20	core
0x001FEC10	func_001FEC10	core
0x001FED00	func_001FED00	core
0x001FEDF0	func_001FEDF0	core
0x001FEEE0	func_001FEEE0	gameplay/game_00.007
0x001FEEF0	func_001FEEF0	gameplay/game_00.007
0x001FEF00	func_001FEF00	gameplay/game_00.010
0x001FEFB0	func_001FEFB0	gameplay/game_00.010
0x001FEFC0	func_001FEFC0	gameplay/game_00.010
0x001FF000	func_001FF000	core
0x001FFDC0	func_001FFDC0	gameplay/game_00.007
0x002002E0	func_002002E0	gameplay/game_00.007
0x00200360	func_00200360	gameplay/game_00.007
0x002003C0	func_002003C0	gameplay/game_00.007
0x00200420	func_00200420	gameplay/game_00.007
0x00200430	func_00200430	gameplay/game_00.007
0x002004B0	func_002004B0	gameplay/game_00.007
0x00200550	func_00200550	gameplay/game_00.017
0x00200580	func_00200580	gameplay/game_00.007
0x00200630	func_00200630	gameplay/game_00.027
0x00200650	func_00200650	gameplay/game_00.007
0x00200690	func_00200690	gameplay/game_00.007
0x002009A0	func_002009A0	gameplay/game_00.007
0x00200A90	func_00200A90	gameplay/game_00.007
0x00200BB0	func_00200BB0	gameplay/game_00.007
0x00200DF0	func_00200DF0	gameplay/game_00.007
0x00200E30	func_00200E30	gameplay/game_00.007
0x00200E40	func_00200E40	gameplay/game_00.007
0x00200E50	func_00200E50	gameplay/game_00.007
0x00200E60	func_00200E60	gameplay/game_00.010
0x00200EF0	func_00200EF0	gameplay/game_00.006
0x00200F30	func_00200F30	gameplay/game_00.017
0x002012B0	func_002012B0	gameplay/game_00.006
0x002013F0	func_002013F0	gameplay/game_00.017
0x00201410	func_00201410	gameplay/game_00.017
0x00201450	func_00201450	gameplay/game_00.017
0x00201480	func_00201480	gameplay/game_00.017
0x00201490	func_00201490	gameplay/game_00.017
0x002014A0	func_002014A0	gameplay/game_00.017
0x002014E0	func_002014E0	gameplay/game_00.017
0x00201500	func_00201500	gameplay/game_00.017
0x00201520	func_00201520	gameplay/game_00.017
0x00201550	func_00201550	gameplay/game_00.017
0x00201580	func_00201580	gameplay/game_00.017
0x00201620	func_00201620	gameplay/game_00.017
0x002016C0	func_002016C0	gameplay/game_00.017
0x00201A30	func_00201A30	gameplay/game_00.017
0x00201E10	func_00201E10	gameplay/game_00.017
0x00201E40	func_00201E40	gameplay/game_00.017
0x00201F90	func_00201F90	gameplay/game_00.017
0x00202010	func_00202010	core
0x00202050	func_00202050	gameplay/game_00.017
0x00202060	func_00202060	gameplay/game_00.011
0x00202120	func_00202120	gameplay/game_00.011
0x00202130	func_00202130	gameplay/game_00.011
0x00202140	func_00202140	gameplay/game_00.017
0x00202470	func_00202470	gameplay/game_00.028
0x002024C0	func_002024C0	gameplay/game_00.028
0x002024D0	func_002024D0	gameplay/game_00.021
0x00202860	func_00202860	gameplay/game_00.021
0x00202880	func_00202880	gameplay/game_00.006
0x00202A80	func_00202A80	gameplay/game_00.006
0x00202AB0	func_00202AB0	gameplay/game_00.006
0x00202B00	func_00202B00	gameplay/game_00.006
0x00202C80	func_00202C80	gameplay/game_00.006
0x00202D30	func_00202D30	gameplay/game_00.006
0x00202D80	func_00202D80	gameplay/game_00.006
0x00202E10	func_00202E10	gameplay/game_00.006
0x00202E90	func_00202E90	gameplay/game_00.006
0x00202F30	func_00202F30	gameplay/game_00.006
0x00203010	func_00203010	gameplay/game_00.006
0x00203230	func_00203230	gameplay/game_00.006
0x002032B0	func_002032B0	gameplay/game_00.006
0x00203460	func_00203460	gameplay/game_00.006
0x00203520	func_00203520	gameplay/game_00.006
0x00203630	func_00203630	gameplay/game_00.006
0x002036C0	func_002036C0	gameplay/game_00.017
0x00203870	func_00203870	gameplay/game_00.025
0x002038E0	func_002038E0	gameplay/game_00.025
0x00203980	func_00203980	gameplay/game_00.006
0x00203A30	func_00203A30	gameplay/game_00.006
0x00203A40	func_00203A40	gameplay/game_00.017
0x00203AB0	func_00203AB0	gameplay/game_00.006
0x00203B00	func_00203B00	gameplay/game_00.006
0x00203BD0	func_00203BD0	gameplay/game_00.003
0x00203C20	func_00203C20	gameplay/game_00.017
0x00203DB0	func_00203DB0	gameplay/game_00.026
0x00203DE0	func_00203DE0	gameplay/game_00.017
0x00203E30	func_00203E30	gameplay/game_00.017
0x00203EA0	func_00203EA0	gameplay/game_00.017
0x00203F50	func_00203F50	gameplay/game_00.017
0x00204010	func_00204010	gameplay/game_00.006
0x00204090	func_00204090	gameplay/game_00.006
0x00204270	func_00204270	gameplay/game_00.007
0x002043E0	func_002043E0	gameplay/game_00.007
0x00204420	func_00204420	gameplay/game_00.007
0x002044A0	func_002044A0	gameplay/game_00.007
0x00204650	func_00204650	gameplay/game_00.007
0x00204730	func_00204730	gameplay/game_00.007
0x00204740	func_00204740	gameplay/game_00.007
0x002047D0	func_002047D0	gameplay/game_00.027
0x002047E0	func_002047E0	gameplay/game_00.017
0x002047F0	func_002047F0	gameplay/game_00.017
0x00204800	func_00204800	gameplay/game_00.017
0x00204860	func_00204860	gameplay/game_00.017
0x00204900	func_00204900	gameplay/game_00.006
0x00204A10	func_00204A10	gameplay/game_00.006
0x00204A70	func_00204A70	gameplay/game_00.017
0x00204A80	func_00204A80	gameplay/game_00.017
0x00204AD0	func_00204AD0	gameplay/game_00.017
0x00204D80	func_00204D80	gameplay/game_00.017
0x00204E10	func_00204E10	gameplay/game_00.017
0x00204E20	func_00204E20	gameplay/game_00.007
0x00204EE0	func_00204EE0	gameplay/game_00.026
0x00205020	func_00205020	gameplay/game_00.026
0x00205050	func_00205050	gameplay/game_00.026
0x00205090	func_00205090	gameplay/game_00.017
0x002050A0	func_002050A0	gameplay/game_00.004
0x002050F0	func_002050F0	gameplay/game_00.004
0x00205120	func_00205120	gameplay/game_00.004
0x002051C0	func_002051C0	gameplay/game_00.004
0x00205250	func_00205250	gameplay/game_00.004
0x002052F0	func_002052F0	gameplay/game_00.004
0x00205390	func_00205390	gameplay/game_00.004
0x002053E0	func_002053E0	gameplay/game_00.004
0x00205760	func_00205760	gameplay/game_00.004
0x002057B0	func_002057B0	gameplay/game_00.004
0x002057D0	func_002057D0	gameplay/game_00.004
0x00205970	func_00205970	gameplay/game_00.004
0x002059D0	func_002059D0	gameplay/game_00.004
0x00205FC0	func_00205FC0	gameplay/game_00.029
0x00206040	func_00206040	gameplay/game_00.029
0x00206160	func_00206160	gameplay/game_00.010
0x002061A0	func_002061A0	gameplay/game_00.010
0x00206210	func_00206210	gameplay/game_00.010
0x00206220	func_00206220	gameplay/game_00.010
0x00206230	func_00206230	gameplay/game_00.010
0x00206240	func_00206240	gameplay/game_00.010
0x00206250	func_00206250	gameplay/game_00.010
0x00206260	func_00206260	gameplay/game_00.010
0x00206270	func_00206270	gameplay/game_00.010
0x00206280	func_00206280	gameplay/game_00.010
0x00206290	func_00206290	gameplay/game_00.010
0x002062A0	func_002062A0	gameplay/game_00.010
0x002062B0	func_002062B0	gameplay/game_00.010
0x002062C0	func_002062C0	gameplay/game_00.010
0x002062D0	func_002062D0	gameplay/game_00.010
0x002062E0	func_002062E0	gameplay/game_00.010
0x002062F0	func_002062F0	gameplay/game_00.010
0x00206300	func_00206300	platform
0x00206430	func_00206430	platform
0x00206550	func_00206550	gameplay/game_00.010
0x00206600	func_00206600	platform
0x00206870	func_00206870	platform
0x00206A10	func_00206A10	gameplay/game_00.010
0x00206A80	func_00206A80	gameplay/game_00.010
0x00206AA0	func_00206AA0	gameplay/game_00.010
0x00206B50	func_00206B50	gameplay/game_00.010
0x00206B80	func_00206B80	gameplay/game_00.010
0x00206B90	func_00206B90	platform
0x00206C20	func_00206C20	gameplay/game_00.010
0x00206C90	func_00206C90	gameplay/game_00.010
0x00206D20	func_00206D20	platform
0x00206DC0	func_00206DC0	gameplay/game_00.010
0x00206ED0	func_00206ED0	platform
0x00206F70	func_00206F70	gameplay/game_00.010
0x00207010	func_00207010	platform
0x00207090	func_00207090	platform
0x002071B0	func_002071B0	platform
0x00207250	func_00207250	gameplay/game_00.010
0x00207310	func_00207310	gameplay/game_00.010
0x00207320	func_00207320	gameplay/game_00.010
0x00207380	func_00207380	gameplay/game_00.010
0x002073D0	func_002073D0	gameplay/game_00.010
0x00207440	func_00207440	gameplay/game_00.010
0x00207630	func_00207630	gameplay/game_00.010
0x00207640	func_00207640	gameplay/game_00.010
0x00207690	func_00207690	gameplay/game_00.010
0x002076A0	func_002076A0	gameplay/game_00.010
0x002076B0	func_002076B0	gameplay/game_00.010
0x00207700	func_00207700	gameplay/game_00.010
0x00207730	func_00207730	gameplay/game_00.010
0x00207790	func_00207790	gameplay/game_00.010
0x002077F0	func_002077F0	gameplay/game_00.010
0x00207830	func_00207830	gameplay/game_00.010
0x00207940	func_00207940	gameplay/game_00.010
0x00207980	func_00207980	gameplay/game_00.010
0x00207AC0	func_00207AC0	gameplay/game_00.010
0x00207B70	func_00207B70	gameplay/game_00.010
0x00207CD0	func_00207CD0	gameplay/game_00.002
0x00207CE0	func_00207CE0	gameplay/game_00.010
0x00207E60	func_00207E60	gameplay/game_00.010
0x00207E70	func_00207E70	gameplay/game_00.010
0x00207F00	func_00207F00	gameplay/game_00.010
0x00207F50	func_00207F50	gameplay/game_00.010
0x00207F70	func_00207F70	gameplay/game_00.010
0x00207F80	func_00207F80	gameplay/game_00.010
0x00207F90	func_00207F90	gameplay/game_00.010
0x00208120	func_00208120	gameplay/game_00.010
0x00208180	func_00208180	gameplay/game_00.010
0x002081D0	func_002081D0	gameplay/game_00.010
0x00208200	func_00208200	gameplay/game_00.010
0x00208280	func_00208280	gameplay/game_00.010
0x00208300	func_00208300	gameplay/game_00.010
0x00208410	func_00208410	gameplay/game_00.010
0x00208470	func_00208470	gameplay/game_00.010
0x002084D0	func_002084D0	gameplay/game_00.010
0x002084F0	func_002084F0	gameplay/game_00.010
0x00208570	func_00208570	gameplay/game_00.010
0x00208660	func_00208660	gameplay/game_00.010
0x00208700	func_00208700	gameplay/game_00.010
0x00208740	func_00208740	gameplay/game_00.010
0x00208780	func_00208780	gameplay/game_00.010
0x002087C0	func_002087C0	gameplay/game_00.010
0x00208840	func_00208840	gameplay/game_00.010
0x002088B0	func_002088B0	gameplay/game_00.010
0x00208910	func_00208910	gameplay/game_00.010
0x00208970	func_00208970	gameplay/game_00.010
0x00208A00	func_00208A00	gameplay/game_00.010
0x00208A80	func_00208A80	gameplay/game_00.010
0x00208B50	func_00208B50	gameplay/game_00.010
0x00208BF0	func_00208BF0	gameplay/game_00.010
0x00208C40	func_00208C40	gameplay/game_00.010
0x00208CB0	func_00208CB0	gameplay/game_00.010
0x00208D10	func_00208D10	gameplay/game_00.010
0x00208EA0	func_00208EA0	gameplay/game_00.010
0x00209020	func_00209020	platform
0x00209250	func_00209250	platform
0x002095C0	func_002095C0	gameplay/game_00.010
0x00209600	func_00209600	gameplay/game_00.010
0x002096A0	func_002096A0	gameplay/game_00.010
0x00209750	func_00209750	gameplay/game_00.010
0x00209830	func_00209830	gameplay/game_00.010
0x00209870	func_00209870	gameplay/game_00.010
0x002098A0	func_002098A0	gameplay/game_00.006
0x002098B0	func_002098B0	gameplay/game_00.006
0x00209910	func_00209910	gameplay/game_00.006
0x00209950	func_00209950	gameplay/game_00.006
0x002099F0	func_002099F0	gameplay/game_00.006
0x00209A30	func_00209A30	gameplay/game_00.006
0x00209A70	func_00209A70	gameplay/game_00.006
0x00209A80	func_00209A80	gameplay/game_00.017
0x00209AA0	func_00209AA0	gameplay/game_00.017
0x00209AB0	func_00209AB0	gameplay/game_00.006
0x00209B60	func_00209B60	gameplay/game_00.006
0x00209C60	func_00209C60	gameplay/game_00.023
0x00209C70	func_00209C70	gameplay/game_00.023
0x00209D00	func_00209D00	gameplay/game_00.006
0x00209DF0	func_00209DF0	gameplay/game_00.006
0x00209E70	func_00209E70	gameplay/game_00.006
0x00209EB0	func_00209EB0	gameplay/game_00.006
0x00209EE0	func_00209EE0	gameplay/game_00.006
0x00209F20	func_00209F20	gameplay/game_00.006
0x00209FD0	func_00209FD0	platform
0x0020A100	func_0020A100	gameplay/game_00.006
0x0020A110	func_0020A110	platform
0x0020A1B0	func_0020A1B0	gameplay/game_00.006
0x0020A210	func_0020A210	gameplay/game_00.006
0x0020A260	func_0020A260	platform
0x0020A380	func_0020A380	gameplay/game_00.010
0x0020A3D0	func_0020A3D0	platform
0x0020A440	func_0020A440	platform
0x0020A4E0	func_0020A4E0	platform
0x0020A540	func_0020A540	gameplay/game_00.010
0x0020A590	func_0020A590	gameplay/game_00.010
0x0020A5F0	func_0020A5F0	gameplay/game_00.010
0x0020A610	func_0020A610	gameplay/game_00.010
0x0020A640	func_0020A640	gameplay/game_00.010
0x0020A650	func_0020A650	platform
0x0020A690	func_0020A690	platform
0x0020AD60	func_0020AD60	gameplay/game_00.030
0x0020AF60	func_0020AF60	gameplay/game_00.030
0x0020B280	func_0020B280	gameplay/game_00.030
0x0020B5A0	func_0020B5A0	gameplay/game_00.011
0x0020B5B0	func_0020B5B0	gameplay/game_00.011
0x0020B5C0	func_0020B5C0	gameplay/game_00.011
0x0020B6F0	func_0020B6F0	platform
0x0020B8E0	func_0020B8E0	gameplay/game_00.011
0x0020BB40	func_0020BB40	gameplay/game_00.011
0x0020BC10	func_0020BC10	gameplay/game_00.011
0x0020BC70	func_0020BC70	platform
0x0020BDE0	func_0020BDE0	gameplay/game_00.011
0x0020BDF0	func_0020BDF0	platform
0x0020BE50	func_0020BE50	gameplay/game_00.014
0x0020BE60	func_0020BE60	core
0x0020BEF0	func_0020BEF0	gameplay/game_00.003
0x0020BF20	func_0020BF20	gameplay/game_00.008
0x0020BF30	func_0020BF30	gameplay/game_00.021
0x0020BF40	func_0020BF40	core
0x0020C060	func_0020C060	gameplay/game_00.011
0x0020C1B0	func_0020C1B0	gameplay/game_00.008
0x0020C340	func_0020C340	gameplay/game_00.011
0x0020C4F0	func_0020C4F0	gameplay/game_00.016
0x0020C5C0	func_0020C5C0	gameplay/game_00.016
0x0020C680	func_0020C680	gameplay/game_00.016
0x0020C740	func_0020C740	gameplay/game_00.027
0x0020C750	func_0020C750	gameplay/game_00.014
0x0020C7B0	func_0020C7B0	gameplay/game_00.005
0x0020CC60	func_0020CC60	gameplay/game_00.008
0x0020CDB0	func_0020CDB0	core
0x0020CE80	func_0020CE80	core
0x0020CE90	func_0020CE90	core
0x0020CEA0	func_0020CEA0	core
0x0020CEB0	func_0020CEB0	core
0x0020CEC0	func_0020CEC0	gameplay/game_00.011
0x0020CF00	func_0020CF00	core
0x0020CF80	func_0020CF80	core
0x0020CFC0	func_0020CFC0	gameplay/game_00.019
0x0020CFD0	func_0020CFD0	core
0x0020D040	func_0020D040	core
0x0020D070	func_0020D070	core
0x0020D0C0	func_0020D0C0	core
0x0020D0D0	func_0020D0D0	gameplay/game_00.005
0x0020D1C0	func_0020D1C0	gameplay/game_00.014
0x0020D420	func_0020D420	gameplay/game_00.014
0x0020D610	func_0020D610	gameplay/game_00.003
0x0020D6A0	func_0020D6A0	gameplay/game_00.008
0x0020D750	func_0020D750	gameplay/game_00.014
0x0020D7D0	func_0020D7D0	gameplay/game_00.004
0x0020D9E0	func_0020D9E0	gameplay/game_00.004
0x0020DBB0	func_0020DBB0	core
0x0020DDA0	func_0020DDA0	gameplay/game_00.004
0x0020DE10	func_0020DE10	gameplay/game_00.004
0x0020DEC0	func_0020DEC0	gameplay/game_00.004
0x0020DF80	func_0020DF80	gameplay/game_00.004
0x0020DFE0	func_0020DFE0	gameplay/game_00.004
0x0020E040	func_0020E040	gameplay/game_00.004
0x0020E0A0	func_0020E0A0	gameplay/game_00.014
0x0020E200	func_0020E200	gameplay/game_00.014
0x0020E410	func_0020E410	gameplay/game_00.014
0x0020E430	func_0020E430	gameplay/game_00.003
0x0020E470	func_0020E470	gameplay/game_00.014
0x0020E4A0	func_0020E4A0	gameplay/game_00.014
0x0020E520	func_0020E520	gameplay/game_00.014
0x0020E570	func_0020E570	core
0x0020E5A0	func_0020E5A0	gameplay/game_00.014
0x0020E5F0	func_0020E5F0	core
0x0020E620	func_0020E620	gameplay/game_00.008
0x0020E6B0	func_0020E6B0	gameplay/game_00.016
0x0020E720	func_0020E720	gameplay/game_00.016
0x0020E740	func_0020E740	core
0x0020E7D0	func_0020E7D0	gameplay/game_00.012
0x0020E850	func_0020E850	core
0x0020E8C0	func_0020E8C0	gameplay/game_00.018
0x0020E920	func_0020E920	platform
0x0020EB50	func_0020EB50	gameplay/game_00.006
0x0020EB60	func_0020EB60	gameplay/game_00.007
0x0020EBC0	func_0020EBC0	gameplay/game_00.007
0x0020EBD0	func_0020EBD0	gameplay/game_00.007
0x0020EC40	func_0020EC40	gameplay/game_00.010
0x0020ECB0	func_0020ECB0	gameplay/game_00.010
0x0020ECF0	func_0020ECF0	gameplay/game_00.010
0x0020ED50	func_0020ED50	gameplay/game_00.010
0x0020EDE0	func_0020EDE0	gameplay/game_00.010
0x0020EE60	func_0020EE60	gameplay/game_00.010
0x0020EEE0	func_0020EEE0	gameplay/game_00.010
0x0020EEF0	func_0020EEF0	gameplay/game_00.010
0x0020EF40	func_0020EF40	gameplay/game_00.010
0x0020EFF0	func_0020EFF0	gameplay/game_00.010
0x0020F0E0	func_0020F0E0	gameplay/game_00.010
0x0020F120	func_0020F120	gameplay/game_00.010
0x0020F130	func_0020F130	gameplay/game_00.010
0x0020F180	func_0020F180	core
0x0020F230	func_0020F230	core
0x0020F320	func_0020F320	gameplay/game_00.010
0x0020F380	func_0020F380	gameplay/game_00.006
0x0020F400	func_0020F400	gameplay/game_00.006
0x0020F410	func_0020F410	gameplay/game_00.016
0x0020F4B0	func_0020F4B0	gameplay/game_00.003
0x0020F530	func_0020F530	gameplay/game_00.003
0x0020F650	func_0020F650	gameplay/game_00.003
0x0020F690	func_0020F690	gameplay/game_00.003
0x0020F6C0	func_0020F6C0	gameplay/game_00.003
0x0020F850	func_0020F850	gameplay/game_00.003
0x0020F860	func_0020F860	gameplay/game_00.006
0x0020F870	func_0020F870	platform
0x0020F900	func_0020F900	platform
0x0020F9F0	func_0020F9F0	gameplay/game_00.006
0x0020FA00	func_0020FA00	gameplay/game_00.006
0x0020FA40	func_0020FA40	gameplay/game_00.004
0x0020FA50	func_0020FA50	platform
0x0020FAC0	func_0020FAC0	gameplay/game_00.003
0x0020FAD0	func_0020FAD0	gameplay/game_00.003
0x0020FAE0	func_0020FAE0	gameplay/game_00.003
0x0020FC50	func_0020FC50	gameplay/game_00.003
0x0020FCD0	func_0020FCD0	gameplay/game_00.018
0x0020FFD0	func_0020FFD0	platform
0x002108E0	func_002108E0	gameplay/game_00.003
0x00210AF0	func_00210AF0	gameplay/game_00.003
0x00210B30	func_00210B30	gameplay/game_00.003
0x00210BB0	func_00210BB0	gameplay/game_00.003
0x00210C00	func_00210C00	gameplay/game_00.009
0x00210C10	func_00210C10	gameplay/game_00.009
0x00210CA0	func_00210CA0	gameplay/game_00.009
0x00210CB0	func_00210CB0	gameplay/game_00.009
0x00210CC0	func_00210CC0	gameplay/game_00.009
0x00210D20	func_00210D20	gameplay/game_00.009
0x00210D40	func_00210D40	gameplay/game_00.009
0x00210D60	func_00210D60	core
0x00210D90	func_00210D90	gameplay/game_00.009
0x00210E10	func_00210E10	gameplay/game_00.009
0x00210E70	func_00210E70	gameplay/game_00.009
0x00210F70	func_00210F70	gameplay/game_00.009
0x00210F90	func_00210F90	gameplay/game_00.009
0x00210FB0	func_00210FB0	gameplay/game_00.009
0x00211070	func_00211070	gameplay/game_00.009
0x00211110	func_00211110	gameplay/game_00.009
0x00211130	func_00211130	core
0x00211150	func_00211150	gameplay/game_00.009
0x00211160	func_00211160	gameplay/game_00.009
0x00211170	func_00211170	core
0x00211190	func_00211190	gameplay/game_00.009
0x002111E0	func_002111E0	gameplay/game_00.009
0x00211260	func_00211260	gameplay/game_00.004
0x00211270	func_00211270	gameplay/game_00.009
0x002112A0	func_002112A0	gameplay/game_00.009
0x002112D0	func_002112D0	core
0x00211360	func_00211360	gameplay/game_00.009
0x00211370	func_00211370	gameplay/game_00.009
0x002113E0	func_002113E0	gameplay/game_00.010
0x00211400	func_00211400	gameplay/game_00.010
0x00211410	func_00211410	gameplay/game_00.009
0x00211490	func_00211490	gameplay/game_00.009
0x00211510	func_00211510	gameplay/game_00.009
0x00211580	func_00211580	gameplay/game_00.009
0x002115C0	func_002115C0	gameplay/game_00.009
0x00211600	func_00211600	gameplay/game_00.009
0x002116B0	func_002116B0	gameplay/game_00.009
0x00211760	func_00211760	gameplay/game_00.009
0x002117D0	func_002117D0	gameplay/game_00.002
0x00211810	func_00211810	gameplay/game_00.021
0x002118B0	func_002118B0	gameplay/game_00.021
0x00211930	func_00211930	gameplay/game_00.021
0x00211940	func_00211940	gameplay/game_00.021
0x002119D0	func_002119D0	gameplay/game_00.021
0x00211BB0	func_00211BB0	gameplay/game_00.021
0x00211E00	func_00211E00	gameplay/game_00.021
0x00211F60	func_00211F60	gameplay/game_00.021
0x00211FA0	func_00211FA0	gameplay/game_00.021
0x00211FF0	func_00211FF0	gameplay/game_00.021
0x00212460	func_00212460	gameplay/game_00.021
0x00212490	func_00212490	gameplay/game_00.021
0x002124C0	func_002124C0	gameplay/game_00.021
0x002126A0	func_002126A0	gameplay/game_00.021
0x00212740	func_00212740	gameplay/game_00.021
0x002129B0	func_002129B0	gameplay/game_00.021
0x00212B60	func_00212B60	gameplay/game_00.021
0x00212BA0	func_00212BA0	gameplay/game_00.021
0x00212BF0	func_00212BF0	gameplay/game_00.021
0x00213080	func_00213080	gameplay/game_00.021
0x002130B0	func_002130B0	gameplay/game_00.021
0x002130E0	func_002130E0	gameplay/game_00.006
0x00213160	func_00213160	gameplay/game_00.027
0x00213170	func_00213170	gameplay/game_00.006
0x00213210	func_00213210	gameplay/game_00.021
0x00213420	func_00213420	gameplay/game_00.021
0x002134F0	func_002134F0	gameplay/game_00.021
0x00213560	func_00213560	gameplay/game_00.021
0x002135C0	func_002135C0	gameplay/game_00.021
0x002135D0	func_002135D0	gameplay/game_00.021
0x002138B0	func_002138B0	gameplay/game_00.021
0x00213910	func_00213910	gameplay/game_00.021
0x002139A0	func_002139A0	gameplay/game_00.021
0x00213C50	func_00213C50	gameplay/game_00.021
0x00213C60	func_00213C60	gameplay/game_00.021
0x00213F40	func_00213F40	gameplay/game_00.021
0x00214180	func_00214180	gameplay/game_00.021
0x002146B0	func_002146B0	gameplay/game_00.021
0x002147F0	func_002147F0	gameplay/game_00.021
0x00215180	func_00215180	gameplay/game_00.021
0x00215950	func_00215950	gameplay/game_00.021
0x00215AF0	func_00215AF0	gameplay/game_00.021
0x00215C10	func_00215C10	gameplay/game_00.021
0x00215F80	func_00215F80	gameplay/game_00.021
0x00216400	func_00216400	gameplay/game_00.021
0x00216CE0	func_00216CE0	gameplay/game_00.021
0x00216E30	func_00216E30	gameplay/game_00.021
0x00216F50	func_00216F50	gameplay/game_00.021
0x002171C0	func_002171C0	gameplay/game_00.021
0x00217240	func_00217240	gameplay/game_00.021
0x00217560	func_00217560	gameplay/game_00.021
0x00217680	func_00217680	gameplay/game_00.021
0x00217920	func_00217920	gameplay/game_00.021
0x00217A70	func_00217A70	gameplay/game_00.021
0x00217DE0	func_00217DE0	gameplay/game_00.021
0x00217DF0	func_00217DF0	gameplay/game_00.021
0x00217F60	func_00217F60	gameplay/game_00.021
0x00218090	func_00218090	gameplay/game_00.021
0x00218220	func_00218220	gameplay/game_00.006
0x00218270	func_00218270	gameplay/game_00.006
0x002183D0	func_002183D0	gameplay/game_00.006
0x00218550	func_00218550	gameplay/game_00.006
0x002185F0	func_002185F0	gameplay/game_00.006
0x002186C0	func_002186C0	gameplay/game_00.006
0x00218790	func_00218790	gameplay/game_00.006
0x00218860	func_00218860	gameplay/game_00.006
0x00218870	func_00218870	gameplay/game_00.021
0x00218CA0	func_00218CA0	gameplay/game_00.006
0x00218D20	func_00218D20	gameplay/game_00.006
0x00218E20	func_00218E20	gameplay/game_00.006
0x00218EC0	func_00218EC0	gameplay/game_00.006
0x00218F20	func_00218F20	gameplay/game_00.027
0x00218F60	func_00218F60	gameplay/game_00.027
0x00218FC0	func_00218FC0	gameplay/game_00.027
0x00219020	func_00219020	gameplay/game_00.027
0x00219050	func_00219050	gameplay/game_00.006
0x00219080	func_00219080	gameplay/game_00.014
0x00219090	func_00219090	gameplay/game_00.027
0x002190A0	func_002190A0	gameplay/game_00.021
0x002190F0	func_002190F0	gameplay/game_00.027
0x002191F0	func_002191F0	gameplay/game_00.027
0x00219330	func_00219330	gameplay/game_00.027
0x00219980	func_00219980	gameplay/game_00.003
0x00219CF0	func_00219CF0	gameplay/game_00.003
0x00219D20	func_00219D20	gameplay/game_00.003
0x00219D80	func_00219D80	gameplay/game_00.006
0x0021A060	func_0021A060	gameplay/game_00.027
0x0021A070	func_0021A070	gameplay/game_00.027
0x0021A0D0	func_0021A0D0	gameplay/game_00.027
0x0021A140	func_0021A140	gameplay/game_00.027
0x0021A1B0	func_0021A1B0	gameplay/game_00.027
0x0021A210	func_0021A210	gameplay/game_00.027
0x0021A290	func_0021A290	gameplay/game_00.027
0x0021A2F0	func_0021A2F0	gameplay/game_00.021
0x0021A3F0	func_0021A3F0	core
0x0021A4B0	func_0021A4B0	gameplay/game_00.024
0x0021A5D0	func_0021A5D0	gameplay/game_00.027
0x0021A640	func_0021A640	gameplay/game_00.027
0x0021A720	func_0021A720	gameplay/game_00.027
0x0021A7B0	func_0021A7B0	gameplay/game_00.027
0x0021A840	func_0021A840	gameplay/game_00.027
0x0021A860	func_0021A860	gameplay/game_00.027
0x0021A870	func_0021A870	gameplay/game_00.027
0x0021A890	func_0021A890	gameplay/game_00.017
0x0021AF20	func_0021AF20	gameplay/game_00.009
0x0021B0D0	func_0021B0D0	gameplay/game_00.019
0x0021B140	func_0021B140	gameplay/game_00.019
0x0021B440	func_0021B440	gameplay/game_00.019
0x0021BA90	func_0021BA90	gameplay/game_00.019
0x0021BC90	func_0021BC90	gameplay/game_00.027
0x0021BD50	func_0021BD50	gameplay/game_00.027
0x0021BE00	func_0021BE00	gameplay/game_00.009
0x0021BE90	func_0021BE90	gameplay/game_00.009
0x0021BF20	func_0021BF20	gameplay/game_00.019
0x0021BFD0	func_0021BFD0	gameplay/game_00.024
0x0021C0E0	func_0021C0E0	gameplay/game_00.024
0x0021C190	func_0021C190	gameplay/game_00.024
0x0021C240	func_0021C240	gameplay/game_00.024
0x0021C360	func_0021C360	gameplay/game_00.024
0x0021C4F0	func_0021C4F0	gameplay/game_00.024
0x0021C530	func_0021C530	gameplay/game_00.009
0x0021C920	func_0021C920	gameplay/game_00.024
0x0021CA90	func_0021CA90	gameplay/game_00.024
0x0021CD10	func_0021CD10	gameplay/game_00.024
0x0021CD70	func_0021CD70	platform
0x0021CDC0	func_0021CDC0	platform
0x0021CE40	func_0021CE40	gameplay/game_00.024
0x0021CF90	func_0021CF90	gameplay/game_00.024
0x0021D030	func_0021D030	platform
0x0021D1C0	func_0021D1C0	gameplay/game_00.031
0x0021D1E0	func_0021D1E0	gameplay/game_00.031
0x0021D260	func_0021D260	gameplay/game_00.031
0x0021D320	func_0021D320	gameplay/game_00.031
0x0021D370	func_0021D370	gameplay/game_00.031
0x0021D380	func_0021D380	platform
0x0021D450	func_0021D450	platform
0x0021D4D0	func_0021D4D0	gameplay/game_00.031
0x0021D510	func_0021D510	platform
0x0021D5E0	func_0021D5E0	gameplay/game_00.031
0x0021D5F0	func_0021D5F0	platform
0x0021D640	func_0021D640	gameplay/game_00.031
0x0021D690	func_0021D690	platform
0x0021D870	func_0021D870	gameplay/game_00.031
0x0021D890	func_0021D890	platform
0x0021DC70	func_0021DC70	gameplay/game_00.031
0x0021DC80	func_0021DC80	platform
0x0021DF20	func_0021DF20	platform
0x0021DF50	func_0021DF50	platform
0x0021DFE0	func_0021DFE0	gameplay/game_00.031
0x0021E020	func_0021E020	gameplay/game_00.031
0x0021E030	func_0021E030	gameplay/game_00.031
0x0021E040	func_0021E040	platform
0x0021E0F0	func_0021E0F0	platform
0x0021E300	func_0021E300	gameplay/game_00.031
0x0021E330	func_0021E330	gameplay/game_00.031
0x0021E340	func_0021E340	platform
0x0021E760	func_0021E760	gameplay/game_00.031
0x0021E7B0	func_0021E7B0	platform
0x0021E8E0	func_0021E8E0	gameplay/game_00.010
0x0021EB20	func_0021EB20	platform
0x0021ECC0	func_0021ECC0	gameplay/game_00.031
0x0021EE00	func_0021EE00	gameplay/game_00.031
0x0021EEE0	func_0021EEE0	gameplay/game_00.031
0x0021F000	func_0021F000	gameplay/game_00.031
0x0021F040	func_0021F040	gameplay/game_00.031
0x0021F0A0	func_0021F0A0	gameplay/game_00.031
0x0021F110	func_0021F110	gameplay/game_00.031
0x0021F160	func_0021F160	gameplay/game_00.031
0x0021F190	func_0021F190	platform
0x0021F280	func_0021F280	platform
0x0021F310	func_0021F310	gameplay/game_00.031
0x0021F320	func_0021F320	platform
0x0021F340	func_0021F340	platform
0x0021F370	func_0021F370	platform
0x0021F390	func_0021F390	platform
0x0021F420	func_0021F420	platform
0x0021F4D0	func_0021F4D0	platform
0x0021F570	func_0021F570	gameplay/game_00.031
0x0021F5E0	func_0021F5E0	gameplay/game_00.031
0x0021F650	func_0021F650	gameplay/game_00.010
0x0021F780	func_0021F780	platform
0x0021F940	func_0021F940	gameplay/game_00.031
0x0021F960	func_0021F960	platform
0x0021FA90	func_0021FA90	gameplay/game_00.031
0x0021FC00	func_0021FC00	platform
0x0021FC50	func_0021FC50	platform
0x0021FCA0	func_0021FCA0	platform
0x0021FCF0	func_0021FCF0	platform
0x00220020	func_00220020	platform
0x002200E0	func_002200E0	platform
0x002202F0	func_002202F0	platform
0x00220350	func_00220350	platform
0x00220440	func_00220440	gameplay/game_00.031
0x002205B0	func_002205B0	platform
0x00220640	func_00220640	gameplay/game_00.031
0x00220670	func_00220670	platform
0x002206D0	func_002206D0	platform
0x00220730	func_00220730	gameplay/game_00.031
0x00220790	func_00220790	gameplay/game_00.031
0x002208D0	func_002208D0	gameplay/game_00.031
0x00220920	func_00220920	gameplay/game_00.031
0x00220950	func_00220950	gameplay/game_00.031
0x00220980	func_00220980	gameplay/game_00.031
0x002209C0	func_002209C0	gameplay/game_00.031
0x002209F0	func_002209F0	platform
0x00220C20	func_00220C20	gameplay/game_00.031
0x00220C90	func_00220C90	platform
0x00220CD0	func_00220CD0	gameplay/game_00.031
0x00220DD0	func_00220DD0	gameplay/game_00.031
0x00220DE0	func_00220DE0	gameplay/game_00.031
0x00220E20	func_00220E20	gameplay/game_00.031
0x00220E30	func_00220E30	gameplay/game_00.031
0x00220E40	func_00220E40	gameplay/game_00.031
0x00220E50	func_00220E50	platform
0x00220E90	func_00220E90	gameplay/game_00.031
0x00220EA0	func_00220EA0	gameplay/game_00.031
0x00220EB0	func_00220EB0	gameplay/game_00.031
0x00220EC0	func_00220EC0	platform
0x00220EE0	func_00220EE0	platform
0x00220FE0	func_00220FE0	gameplay/game_00.031
0x00221000	func_00221000	gameplay/game_00.031
0x00221080	func_00221080	gameplay/game_00.031
0x00221090	func_00221090	gameplay/game_00.031
0x002210E0	func_002210E0	platform
0x00221170	func_00221170	gameplay/game_00.031
0x00221190	func_00221190	gameplay/game_00.031
0x002211A0	func_002211A0	gameplay/game_00.031
0x002211B0	func_002211B0	gameplay/game_00.031
0x00221360	func_00221360	gameplay/game_00.004
0x00221390	func_00221390	gameplay/game_00.017
0x00221C20	func_00221C20	gameplay/game_00.017
0x00221D60	func_00221D60	gameplay/game_00.017
0x00221DB0	func_00221DB0	gameplay/game_00.017
0x002222E0	func_002222E0	gameplay/game_00.017
0x002222F0	func_002222F0	gameplay/game_00.017
0x00222370	func_00222370	gameplay/game_00.017
0x002223E0	func_002223E0	gameplay/game_00.017
0x00222610	func_00222610	gameplay/game_00.027
0x00222930	func_00222930	gameplay/game_00.027
0x002229D0	func_002229D0	gameplay/game_00.027
0x00222A70	func_00222A70	gameplay/game_00.027
0x00222B80	func_00222B80	gameplay/game_00.027
0x00222C50	func_00222C50	gameplay/game_00.027
0x00223130	func_00223130	gameplay/game_00.027
0x00223240	func_00223240	core
0x00223250	func_00223250	core
0x002235A0	func_002235A0	core
0x00223760	func_00223760	gameplay/game_00.014
0x00223840	func_00223840	gameplay/game_00.014
0x00223850	func_00223850	gameplay/game_00.014
0x00223860	func_00223860	gameplay/game_00.014
0x002238B0	func_002238B0	gameplay/game_00.027
0x00223940	func_00223940	gameplay/game_00.009
0x00223A60	func_00223A60	gameplay/game_00.009
0x00223BE0	func_00223BE0	gameplay/game_00.009
0x00223CA0	func_00223CA0	gameplay/game_00.009
0x00223D60	func_00223D60	gameplay/game_00.009
0x00223E00	func_00223E00	gameplay/game_00.009
0x00223EA0	func_00223EA0	gameplay/game_00.009
0x00223EF0	func_00223EF0	gameplay/game_00.009
0x00223F70	func_00223F70	gameplay/game_00.009
0x00223FD0	func_00223FD0	gameplay/game_00.009
0x00224030	func_00224030	gameplay/game_00.009
0x002240B0	func_002240B0	gameplay/game_00.009
0x002240C0	func_002240C0	gameplay/game_00.009
0x002240F0	func_002240F0	gameplay/game_00.009
0x00224110	func_00224110	gameplay/game_00.009
0x002246D0	func_002246D0	gameplay/game_00.009
0x00224730	func_00224730	gameplay/game_00.011
0x00224920	func_00224920	gameplay/game_00.014
0x00224E10	func_00224E10	gameplay/game_00.014
0x00224E50	func_00224E50	gameplay/game_00.014
0x00224E90	func_00224E90	gameplay/game_00.014
0x002256E0	func_002256E0	gameplay/game_00.014
0x00225700	func_00225700	gameplay/game_00.014
0x00225720	func_00225720	gameplay/game_00.014
0x00225730	func_00225730	platform
0x00225E80	func_00225E80	gameplay/game_00.014
0x002267A0	func_002267A0	gameplay/game_00.014
0x00227080	func_00227080	platform
0x00227AD0	func_00227AD0	gameplay/game_00.014
0x00227CD0	func_00227CD0	gameplay/game_00.009
0x00228510	func_00228510	gameplay/game_00.014
0x00229500	func_00229500	gameplay/game_00.014
0x00229520	sys_bp	gameplay/game_00.014
0x00229800	func_00229800	gameplay/game_00.018
0x0022D3C0	func_0022D3C0	gameplay/game_00.008
0x0022E120	func_0022E120	gameplay/game_00.024
0x0022E250	func_0022E250	gameplay/game_00.024
0x0022E400	func_0022E400	gameplay/game_00.007
0x0022EE30	func_0022EE30	gameplay/game_00.008
0x0022F930	func_0022F930	gameplay/game_00.024
0x0022F990	func_0022F990	gameplay/game_00.024
0x0022FAC0	func_0022FAC0	gameplay/game_00.008
0x0022FB90	func_0022FB90	gameplay/game_00.008
0x0022FC70	func_0022FC70	gameplay/game_00.008
0x0022FD00	func_0022FD00	gameplay/game_00.006
0x0022FDC0	func_0022FDC0	gameplay/game_00.006
0x0022FE80	func_0022FE80	gameplay/game_00.012
0x0022FEE0	func_0022FEE0	gameplay/game_00.014
0x0022FF80	func_0022FF80	core
0x0022FFB0	func_0022FFB0	gameplay/game_00.014
0x00230060	func_00230060	gameplay/game_00.014
0x00230150	func_00230150	gameplay/game_00.014
0x00230240	func_00230240	gameplay/game_00.014
0x00230340	func_00230340	gameplay/game_00.014
0x002303C0	func_002303C0	gameplay/game_00.014
0x00230510	func_00230510	gameplay/game_00.017
0x002306E0	func_002306E0	gameplay/game_00.006
0x00232AF0	func_00232AF0	gameplay/game_00.006
0x00232B40	func_00232B40	gameplay/game_00.006
0x00232B90	func_00232B90	core
0x00232BE0	func_00232BE0	gameplay/game_00.009
0x00232E20	func_00232E20	gameplay/game_00.009
0x002333B0	func_002333B0	gameplay/game_00.011
0x002335A0	func_002335A0	gameplay/game_00.012
0x00233CE0	func_00233CE0	gameplay/game_00.012
0x00235380	func_00235380	gameplay/game_00.012
0x00235390	func_00235390	gameplay/game_00.012
0x002367E0	func_002367E0	core
0x00236810	func_00236810	gameplay/game_00.012
0x00236840	func_00236840	gameplay/game_00.010
0x00236E80	func_00236E80	gameplay/game_00.011
0x00237030	func_00237030	gameplay/game_00.006
0x00238F10	func_00238F10	gameplay/game_00.011
0x00239060	func_00239060	gameplay/game_00.011
0x00239150	func_00239150	gameplay/game_00.011
0x002394D0	func_002394D0	gameplay/game_00.011
0x00239590	func_00239590	gameplay/game_00.011
0x00239D10	func_00239D10	gameplay/game_00.011
0x00239F40	func_00239F40	gameplay/game_00.011
0x0023A2C0	func_0023A2C0	gameplay/game_00.011
0x0023A5E0	func_0023A5E0	gameplay/game_00.011
0x0023A900	func_0023A900	gameplay/game_00.011
0x0023AA60	func_0023AA60	gameplay/game_00.011
0x0023ABE0	func_0023ABE0	gameplay/game_00.011
0x0023B240	func_0023B240	gameplay/game_00.011
0x0023B500	func_0023B500	platform
0x0023C070	func_0023C070	gameplay/game_00.011
0x0023CD20	func_0023CD20	gameplay/game_00.011
0x0023D4A0	func_0023D4A0	gameplay/game_00.008
0x0023D520	func_0023D520	gameplay/game_00.008
0x0023D530	func_0023D530	gameplay/game_00.008
0x0023E1E0	func_0023E1E0	gameplay/game_00.008
0x0023E280	func_0023E280	gameplay/game_00.016
0x0023E8D0	func_0023E8D0	gameplay/game_00.016
0x0023F1E0	func_0023F1E0	gameplay/game_00.016
0x00240640	func_00240640	platform
0x00241C10	func_00241C10	gameplay/game_00.016
0x00242C60	func_00242C60	gameplay/game_00.004
0x002430F0	func_002430F0	gameplay/game_00.023
0x00243160	func_00243160	gameplay/game_00.005
0x002434D0	func_002434D0	gameplay/game_00.005
0x00243890	func_00243890	gameplay/game_00.005
0x002439E0	func_002439E0	gameplay/game_00.005
0x00243A80	func_00243A80	gameplay/game_00.002
0x00243CF0	func_00243CF0	gameplay/game_00.002
0x00243DD0	func_00243DD0	platform
0x00244A90	func_00244A90	gameplay/game_00.002
0x00244BC0	func_00244BC0	platform
0x00244CA0	func_00244CA0	platform
0x00244D90	func_00244D90	platform
0x00244E70	func_00244E70	gameplay/game_00.002
0x00244EB0	func_00244EB0	platform
0x00244F10	func_00244F10	gameplay/game_00.002
0x00246520	func_00246520	gameplay/game_00.007
0x002468D0	func_002468D0	gameplay/game_00.014
0x002469B0	func_002469B0	gameplay/game_00.006
0x00247280	func_00247280	gameplay/game_00.017
0x002475D0	func_002475D0	platform
0x00247F70	func_00247F70	gameplay/game_00.003
0x00248D70	func_00248D70	gameplay/game_00.003
0x00249140	func_00249140	gameplay/game_00.004
0x00249150	func_00249150	gameplay/game_00.004
0x00249160	func_00249160	gameplay/game_00.004
0x00249A00	func_00249A00	gameplay/game_00.004
0x00249A20	func_00249A20	gameplay/game_00.004
0x00249A40	func_00249A40	gameplay/game_00.006
0x00249A90	func_00249A90	gameplay/game_00.024
0x00249AC0	func_00249AC0	gameplay/game_00.024
0x00249C70	func_00249C70	gameplay/game_00.024
0x00249D60	func_00249D60	gameplay/game_00.024
0x00249EC0	func_00249EC0	gameplay/game_00.017
0x0024B270	func_0024B270	gameplay/game_00.007
0x0024B6A0	func_0024B6A0	gameplay/game_00.010
0x0024BD20	func_0024BD20	gameplay/game_00.010
0x0024C200	func_0024C200	gameplay/game_00.006
0x0024C250	func_0024C250	gameplay/game_00.027
0x0024C690	func_0024C690	gameplay/game_00.009
0x0024CAE0	func_0024CAE0	gameplay/game_00.027
0x0024CD20	func_0024CD20	platform
0x0024D9E0	func_0024D9E0	gameplay/game_00.027
0x0024DE60	func_0024DE60	gameplay/game_00.027
0x0024E200	func_0024E200	gameplay/game_00.027
0x0024E8D0	func_0024E8D0	gameplay/game_00.027
0x0024EFA0	func_0024EFA0	gameplay/game_00.027
0x0024F550	func_0024F550	gameplay/game_00.027
0x00250220	func_00250220	gameplay/game_00.027
0x002511C0	func_002511C0	gameplay/game_00.027
0x00251550	func_00251550	gameplay/game_00.027
0x00251710	func_00251710	gameplay/game_00.027
0x00251CE0	func_00251CE0	gameplay/game_00.027
0x00251D80	func_00251D80	gameplay/game_00.027
0x00251F00	func_00251F00	gameplay/game_00.009
0x00251FA0	func_00251FA0	gameplay/game_00.009
0x00252040	func_00252040	gameplay/game_00.009
0x002520E0	func_002520E0	gameplay/game_00.009
0x00252160	func_00252160	gameplay/game_00.009
0x002521E0	func_002521E0	gameplay/game_00.009
0x00252220	func_00252220	gameplay/game_00.009
0x00252260	func_00252260	gameplay/game_00.009
0x002522A0	func_002522A0	gameplay/game_00.009
0x002522E0	func_002522E0	gameplay/game_00.027
0x002522F0	func_002522F0	gameplay/game_00.027
0x00252300	func_00252300	gameplay/game_00.027
0x00252330	func_00252330	gameplay/game_00.009
0x00252340	func_00252340	gameplay/game_00.027
0x00252370	func_00252370	gameplay/game_00.027
0x002523B0	func_002523B0	gameplay/game_00.027
0x002523D0	func_002523D0	gameplay/game_00.027
0x00252410	func_00252410	gameplay/game_00.027
0x00252470	func_00252470	gameplay/game_00.003
0x002526C0	func_002526C0	gameplay/game_00.003
0x00252750	func_00252750	gameplay/game_00.003
0x002527E0	func_002527E0	gameplay/game_00.003
0x00252940	func_00252940	gameplay/game_00.003
0x00252A20	func_00252A20	gameplay/game_00.003
0x00252A60	func_00252A60	platform
0x00252AD0	func_00252AD0	platform
0x00252B70	func_00252B70	gameplay/game_00.003
0x00252B80	func_00252B80	platform
0x00252D10	func_00252D10	gameplay/game_00.003
0x00252D80	func_00252D80	gameplay/game_00.003
0x00252EC0	func_00252EC0	gameplay/game_00.003
0x00252FD0	func_00252FD0	gameplay/game_00.003
0x00253080	func_00253080	gameplay/game_00.003
0x002530F0	func_002530F0	gameplay/game_00.003
0x00253160	func_00253160	gameplay/game_00.003
0x002531C0	func_002531C0	gameplay/game_00.003
0x002532C0	func_002532C0	gameplay/game_00.006
0x002533B0	func_002533B0	platform
0x002534A0	func_002534A0	gameplay/game_00.003
0x00253500	func_00253500	platform
0x00253590	func_00253590	platform
0x002535E0	func_002535E0	platform
0x00253610	func_00253610	gameplay/game_00.003
0x00253690	func_00253690	gameplay/game_00.003
0x00253740	func_00253740	gameplay/game_00.003
0x002537F0	func_002537F0	gameplay/game_00.003
0x00253870	func_00253870	gameplay/game_00.006
0x00253900	func_00253900	gameplay/game_00.006
0x00253B70	func_00253B70	gameplay/game_00.002
0x00253BD0	func_00253BD0	gameplay/game_00.003
0x00253C00	func_00253C00	gameplay/game_00.003
0x00253C70	func_00253C70	gameplay/game_00.003
0x00253DB0	func_00253DB0	gameplay/game_00.003
0x00253E70	func_00253E70	gameplay/game_00.003
0x00253FA0	func_00253FA0	gameplay/game_00.003
0x002540A0	func_002540A0	gameplay/game_00.003
0x00254140	func_00254140	gameplay/game_00.003
0x00254290	func_00254290	gameplay/game_00.003
0x002542F0	func_002542F0	gameplay/game_00.003
0x002543F0	func_002543F0	gameplay/game_00.003
0x002544C0	func_002544C0	gameplay/game_00.003
0x00254520	func_00254520	gameplay/game_00.003
0x00254560	func_00254560	gameplay/game_00.003
0x002545A0	func_002545A0	gameplay/game_00.003
0x00254600	func_00254600	gameplay/game_00.003
0x00254680	func_00254680	gameplay/game_00.003
0x00254760	func_00254760	gameplay/game_00.003
0x002548D0	func_002548D0	gameplay/game_00.003
0x00254940	func_00254940	gameplay/game_00.003
0x00254A10	func_00254A10	gameplay/game_00.003
0x00254A20	func_00254A20	gameplay/game_00.003
0x00254AC0	func_00254AC0	gameplay/game_00.003
0x00254B30	func_00254B30	gameplay/game_00.002
0x00254B90	func_00254B90	gameplay/game_00.003
0x00254C20	func_00254C20	gameplay/game_00.002
0x00254CA0	func_00254CA0	gameplay/game_00.002
0x00254CB0	func_00254CB0	platform
0x00254D30	func_00254D30	gameplay/game_00.003
0x00254DE0	func_00254DE0	gameplay/game_00.003
0x00254E30	func_00254E30	gameplay/game_00.003
0x00254E80	func_00254E80	gameplay/game_00.003
0x00254F20	func_00254F20	gameplay/game_00.003
0x00254FD0	func_00254FD0	gameplay/game_00.002
0x00255040	func_00255040	gameplay/game_00.002
0x00255090	func_00255090	gameplay/game_00.002
0x00255290	func_00255290	gameplay/game_00.003
0x00255430	func_00255430	gameplay/game_00.002
0x00255450	func_00255450	platform
0x002554A0	func_002554A0	platform
0x00255520	func_00255520	gameplay/game_00.002
0x00255550	func_00255550	platform
0x00255590	func_00255590	core
0x002555A0	func_002555A0	gameplay/game_00.002
0x002556C0	func_002556C0	gameplay/game_00.002
0x00255740	func_00255740	gameplay/game_00.011
0x002568B0	func_002568B0	gameplay/game_00.011
0x00256A90	func_00256A90	gameplay/game_00.011
0x00256B20	func_00256B20	gameplay/game_00.011
0x00256FA0	func_00256FA0	gameplay/game_00.011
0x00256FB0	func_00256FB0	gameplay/game_00.011
0x00257050	func_00257050	gameplay/game_00.011
0x00257240	func_00257240	gameplay/game_00.011
0x002575E0	func_002575E0	gameplay/game_00.011
0x002579C0	func_002579C0	gameplay/game_00.011
0x00257EB0	func_00257EB0	gameplay/game_00.011
0x00258420	func_00258420	platform
0x00258750	func_00258750	gameplay/game_00.011
0x00258B80	func_00258B80	gameplay/game_00.011
0x00259000	func_00259000	gameplay/game_00.011
0x00259010	func_00259010	gameplay/game_00.011
0x00259200	func_00259200	gameplay/game_00.011
0x00259790	func_00259790	gameplay/game_00.011
0x002597E0	func_002597E0	platform
0x00259E60	func_00259E60	gameplay/game_00.011
0x0025A550	func_0025A550	gameplay/game_00.011
0x0025A7A0	func_0025A7A0	gameplay/game_00.011
0x0025A860	func_0025A860	gameplay/game_00.011
0x0025AA40	func_0025AA40	gameplay/game_00.011
0x0025AAF0	func_0025AAF0	gameplay/game_00.011
0x0025AF20	func_0025AF20	gameplay/game_00.011
0x0025B380	func_0025B380	gameplay/game_00.011
0x0025B390	func_0025B390	gameplay/game_00.011
0x0025B430	func_0025B430	gameplay/game_00.011
0x0025B920	func_0025B920	gameplay/game_00.011
0x0025BC20	func_0025BC20	gameplay/game_00.011
0x0025BFC0	func_0025BFC0	gameplay/game_00.011
0x0025C070	func_0025C070	gameplay/game_00.011
0x0025C560	func_0025C560	gameplay/game_00.011
0x0025C5E0	func_0025C5E0	gameplay/game_00.011
0x0025C778	func_0025C778	gameplay/game_00.026
0x0025C918	func_0025C918	gameplay/game_00.026
0x0025CBC8	func_0025CBC8	gameplay/game_00.026
0x0025CFC0	func_0025CFC0	gameplay/game_00.026
0x0025D118	func_0025D118	gameplay/game_00.026
0x0025D140	func_0025D140	gameplay/game_00.026
0x0025D170	func_0025D170	gameplay/game_00.026
0x0025D3C0	func_0025D3C0	gameplay/game_00.026
0x0025DCB0	func_0025DCB0	gameplay/game_00.026
0x0025E408	func_0025E408	gameplay/game_00.026
0x0025E760	func_0025E760	gameplay/game_00.026
0x0025EA10	func_0025EA10	gameplay/game_00.026
0x0025EB28	func_0025EB28	gameplay/game_00.026
0x0025EB50	func_0025EB50	gameplay/game_00.026
0x0025EBB8	func_0025EBB8	gameplay/game_00.032
0x0025ECE0	func_0025ECE0	gameplay/game_00.026
0x0025ED10	func_0025ED10	gameplay/game_00.026
0x0025ED48	func_0025ED48	gameplay/game_00.026
0x0025ED98	func_0025ED98	gameplay/game_00.026
0x0025EDB0	func_0025EDB0	gameplay/game_00.026
0x0025EDC8	func_0025EDC8	gameplay/game_00.026
0x0025EE18	func_0025EE18	gameplay/game_00.026
0x0025EE30	func_0025EE30	gameplay/game_00.026
0x0025EE48	func_0025EE48	gameplay/game_00.026
0x0025EE70	func_0025EE70	gameplay/game_00.026
0x0025EE88	func_0025EE88	gameplay/game_00.026
0x0025EED0	func_0025EED0	gameplay/game_00.026
0x0025EEE0	func_0025EEE0	gameplay/game_00.026
0x0025EF10	func_0025EF10	gameplay/game_00.026
0x0025EF88	func_0025EF88	gameplay/game_00.026
0x0025F110	func_0025F110	gameplay/game_00.026
0x0025F128	func_0025F128	gameplay/game_00.026
0x0025F180	func_0025F180	gameplay/game_00.026
0x0025F1B0	func_0025F1B0	gameplay/game_00.026
0x0025F4B0	func_0025F4B0	gameplay/game_00.026
0x0025F7B8	func_0025F7B8	gameplay/game_00.026
0x0025F7D0	func_0025F7D0	gameplay/game_00.026
0x0025F818	func_0025F818	gameplay/game_00.026
0x0025F870	func_0025F870	gameplay/game_00.028
0x0025FBC0	func_0025FBC0	gameplay/game_00.028
0x0025FE70	func_0025FE70	gameplay/game_00.028
0x002603B8	func_002603B8	gameplay/game_00.028
0x00260678	func_00260678	gameplay/game_00.028
0x00260A58	func_00260A58	gameplay/game_00.028
0x002614D0	func_002614D0	gameplay/game_00.028
0x00261C88	func_00261C88	gameplay/game_00.028
0x00262668	func_00262668	gameplay/game_00.028
0x00262AF8	func_00262AF8	gameplay/game_00.028
0x00262D30	func_00262D30	gameplay/game_00.028
0x00263890	func_00263890	gameplay/game_00.028
0x00263EF0	func_00263EF0	gameplay/game_00.028
0x00264890	func_00264890	gameplay/game_00.028
0x00264EE0	func_00264EE0	gameplay/game_00.028
0x00265200	func_00265200	gameplay/game_00.028
0x00265558	func_00265558	gameplay/game_00.028
0x002657E0	func_002657E0	gameplay/game_00.028
0x00265920	func_00265920	gameplay/game_00.028
0x00265A40	func_00265A40	gameplay/game_00.028
0x00265B68	func_00265B68	gameplay/game_00.028
0x00265C78	func_00265C78	gameplay/game_00.028
0x00266148	func_00266148	gameplay/game_00.028
0x00266608	func_00266608	gameplay/game_00.028
0x00266770	func_00266770	gameplay/game_00.028
0x002668C0	func_002668C0	gameplay/game_00.028
0x002669A0	func_002669A0	gameplay/game_00.028
0x00266A60	func_00266A60	gameplay/game_00.028
0x00266A70	func_00266A70	gameplay/game_00.028
0x00266BF8	func_00266BF8	gameplay/game_00.019
0x00266E30	func_00266E30	gameplay/game_00.019
0x00267188	func_00267188	gameplay/game_00.019
0x00267388	func_00267388	gameplay/game_00.017
0x00267808	func_00267808	gameplay/game_00.017
0x00267D80	func_00267D80	gameplay/game_00.019
0x00267D90	func_00267D90	gameplay/game_00.019
0x00268088	func_00268088	gameplay/game_00.019
0x00268138	func_00268138	gameplay/game_00.017
0x002681D8	func_002681D8	gameplay/game_00.017
0x00268260	func_00268260	gameplay/game_00.017
0x002683B0	func_002683B0	gameplay/game_00.017
0x002683C8	func_002683C8	gameplay/game_00.017
0x002683F0	func_002683F0	gameplay/game_00.017
0x00268400	func_00268400	gameplay/game_00.016
0x00268408	func_00268408	gameplay/game_00.017
0x00268460	func_00268460	gameplay/game_00.032
0x00268500	func_00268500	gameplay/game_00.025
0x00268518	func_00268518	gameplay/game_00.017
0x00268528	func_00268528	gameplay/game_00.017
0x002685C8	func_002685C8	gameplay/game_00.017
0x002686F8	func_002686F8	gameplay/game_00.026
0x002687C8	func_002687C8	gameplay/game_00.019
0x00268800	func_00268800	gameplay/game_00.019
0x00268820	func_00268820	gameplay/game_00.019
0x00268908	func_00268908	gameplay/game_00.019
0x002689D8	func_002689D8	gameplay/game_00.024
0x00268A48	func_00268A48	gameplay/game_00.024
0x00268B30	func_00268B30	gameplay/game_00.024
0x00268DC8	func_00268DC8	gameplay/game_00.025
0x00269060	func_00269060	gameplay/game_00.024
0x00269530	func_00269530	gameplay/game_00.025
0x00269640	func_00269640	gameplay/game_00.029
0x00269AB0	func_00269AB0	gameplay/game_00.032
0x00269BE0	func_00269BE0	gameplay/game_00.024
0x00269D48	func_00269D48	gameplay/game_00.024
0x00269FA0	func_00269FA0	gameplay/game_00.024
0x00269FB0	func_00269FB0	gameplay/game_00.024
0x0026A010	func_0026A010	gameplay/game_00.024
0x0026A020	func_0026A020	gameplay/game_00.024
0x0026A080	func_0026A080	gameplay/game_00.024
0x0026A090	func_0026A090	gameplay/game_00.024
0x0026A100	func_0026A100	gameplay/game_00.024
0x0026A188	func_0026A188	gameplay/game_00.024
0x0026A1E8	func_0026A1E8	core
0x0026A208	func_0026A208	gameplay/game_00.024
0x0026A258	func_0026A258	gameplay/game_00.024
0x0026A2B0	func_0026A2B0	gameplay/game_00.024
0x0026A2F8	func_0026A2F8	gameplay/game_00.024
0x0026A340	func_0026A340	gameplay/game_00.024
0x0026A388	func_0026A388	gameplay/game_00.024
0x0026A3D8	func_0026A3D8	gameplay/game_00.024
0x0026A480	func_0026A480	gameplay/game_00.024
0x0026A4D0	func_0026A4D0	gameplay/game_00.024
0x0026A540	func_0026A540	gameplay/game_00.024
0x0026A590	func_0026A590	gameplay/game_00.024
0x0026A5D8	func_0026A5D8	gameplay/game_00.024
0x0026A620	func_0026A620	gameplay/game_00.024
0x0026A668	func_0026A668	gameplay/game_00.024
0x0026A6B0	func_0026A6B0	gameplay/game_00.024
0x0026A770	func_0026A770	gameplay/game_00.024
0x0026A810	func_0026A810	gameplay/game_00.024
0x0026A858	func_0026A858	gameplay/game_00.024
0x0026A8C0	func_0026A8C0	gameplay/game_00.024
0x0026A918	func_0026A918	gameplay/game_00.024
0x0026A988	func_0026A988	gameplay/game_00.025
0x0026A9F8	func_0026A9F8	gameplay/game_00.025
0x0026AAA8	func_0026AAA8	gameplay/game_00.025
0x0026AAD0	func_0026AAD0	gameplay/game_00.024
0x0026AB38	func_0026AB38	gameplay/game_00.024
0x0026ABD8	func_0026ABD8	gameplay/game_00.024
0x0026ABF0	func_0026ABF0	gameplay/game_00.024
0x0026AC60	func_0026AC60	gameplay/game_00.024
0x0026AC78	func_0026AC78	gameplay/game_00.024
0x0026AC90	func_0026AC90	gameplay/game_00.024
0x0026ACB8	func_0026ACB8	gameplay/game_00.024
0x0026ACE8	func_0026ACE8	gameplay/game_00.024
0x0026AD48	func_0026AD48	gameplay/game_00.024
0x0026AD60	func_0026AD60	gameplay/game_00.024
0x0026AD78	func_0026AD78	gameplay/game_00.024
0x0026AD90	func_0026AD90	gameplay/game_00.024
0x0026ADB8	func_0026ADB8	gameplay/game_00.024
0x0026ADE8	func_0026ADE8	gameplay/game_00.024
0x0026AE48	func_0026AE48	gameplay/game_00.024
0x0026AE60	func_0026AE60	gameplay/game_00.024
0x0026AF70	func_0026AF70	gameplay/game_00.024
0x0026B008	func_0026B008	gameplay/game_00.024
0x0026B060	func_0026B060	gameplay/game_00.024
0x0026B068	func_0026B068	gameplay/game_00.024
0x0026B098	func_0026B098	gameplay/game_00.024
0x0026B178	func_0026B178	gameplay/game_00.024
0x0026B238	func_0026B238	gameplay/game_00.024
0x0026B240	func_0026B240	gameplay/game_00.024
0x0026B248	func_0026B248	gameplay/game_00.024
0x0026B2A0	func_0026B2A0	gameplay/game_00.024
0x0026B2F8	func_0026B2F8	gameplay/game_00.024
0x0026B318	func_0026B318	gameplay/game_00.032
0x0026B3F8	func_0026B3F8	gameplay/game_00.030
0x0026B448	func_0026B448	core
0x0026B480	func_0026B480	gameplay/game_00.030
0x0026B4D0	func_0026B4D0	gameplay/game_00.030
0x0026B518	func_0026B518	gameplay/game_00.030
0x0026B548	func_0026B548	gameplay/game_00.030
0x0026B578	func_0026B578	gameplay/game_00.030
0x0026B5A8	func_0026B5A8	gameplay/game_00.030
0x0026B7B0	func_0026B7B0	gameplay/game_00.030
0x0026B908	func_0026B908	gameplay/game_00.030
0x0026B970	func_0026B970	gameplay/game_00.030
0x0026BA08	func_0026BA08	gameplay/game_00.030
0x0026BAF0	func_0026BAF0	gameplay/game_00.030
0x0026BD20	func_0026BD20	gameplay/game_00.030
0x0026BDE8	func_0026BDE8	gameplay/game_00.019
0x0026BF18	func_0026BF18	platform
0x0026CA68	func_0026CA68	gameplay/game_00.033
0x0026CBC8	func_0026CBC8	platform
0x0026CDE8	func_0026CDE8	platform
0x0026CEE8	func_0026CEE8	platform
0x0026CFF0	func_0026CFF0	platform
0x0026D678	func_0026D678	gameplay/game_00.033
0x0026D980	func_0026D980	platform
0x0026DB48	func_0026DB48	platform
0x0026E3C8	func_0026E3C8	platform
0x0026ED60	func_0026ED60	platform
0x0026F838	func_0026F838	platform
0x00270180	func_00270180	gameplay/game_00.033
0x00270200	func_00270200	platform
0x00270A28	func_00270A28	gameplay/game_00.033
0x00270AA8	func_00270AA8	platform
0x00271238	func_00271238	platform
0x00271C30	func_00271C30	platform
0x00272230	func_00272230	platform
0x002726C8	func_002726C8	platform
0x00272F70	func_00272F70	platform
0x00273878	func_00273878	platform
0x00273FF0	func_00273FF0	platform
0x002749D0	func_002749D0	platform
0x002750B0	func_002750B0	platform
0x00275CD8	func_00275CD8	gameplay/game_00.033
0x00275EB0	func_00275EB0	platform
0x00276230	func_00276230	gameplay/game_00.030
0x00276628	func_00276628	platform
0x00276728	func_00276728	platform
0x002771E8	func_002771E8	platform
0x002779F0	func_002779F0	platform
0x00277D70	func_00277D70	platform
0x002792B0	func_002792B0	platform
0x0027AB50	func_0027AB50	platform
0x0027C850	func_0027C850	gameplay/game_00.025
0x0027CCA0	func_0027CCA0	gameplay/game_00.025
0x0027D078	func_0027D078	platform
0x0027D1C8	func_0027D1C8	gameplay/game_00.025
0x0027D558	func_0027D558	gameplay/game_00.012
0x0027D728	func_0027D728	gameplay/game_00.032
0x0027D798	func_0027D798	gameplay/game_00.025
0x0027D7E8	func_0027D7E8	gameplay/game_00.012
0x0027D808	func_0027D808	gameplay/game_00.012
0x0027D830	func_0027D830	gameplay/game_00.012
0x0027D848	func_0027D848	gameplay/game_00.025
0x0027D9F0	func_0027D9F0	gameplay/game_00.012
0x0027DA18	func_0027DA18	gameplay/game_00.025
0x0027DA30	func_0027DA30	gameplay/game_00.025
0x0027DAF0	func_0027DAF0	gameplay/game_00.025
0x0027DB90	func_0027DB90	gameplay/game_00.025
0x0027DCA8	func_0027DCA8	platform
0x0027DF88	func_0027DF88	gameplay/game_00.025
0x0027E3E8	func_0027E3E8	gameplay/game_00.025
0x0027E548	func_0027E548	gameplay/game_00.025
0x0027ED98	func_0027ED98	gameplay/game_00.025
0x0027F120	func_0027F120	platform
0x0027F750	func_0027F750	platform
0x0027FCF0	func_0027FCF0	platform
0x00280258	func_00280258	platform
0x002807C0	func_002807C0	platform
0x00280C70	func_00280C70	gameplay/game_00.012
0x00280DF8	func_00280DF8	gameplay/game_00.012
0x00281060	func_00281060	gameplay/game_00.030
0x00281100	func_00281100	gameplay/game_00.030
0x002811D0	func_002811D0	gameplay/game_00.023
0x00281278	func_00281278	gameplay/game_00.023
0x00281348	func_00281348	gameplay/game_00.025
0x002813D8	func_002813D8	gameplay/game_00.025
0x00281420	func_00281420	gameplay/game_00.025
0x002814B0	func_002814B0	gameplay/game_00.025
0x00281580	func_00281580	gameplay/game_00.025
0x002815B8	func_002815B8	gameplay/game_00.025
0x00281640	func_00281640	gameplay/game_00.025
0x002816B8	func_002816B8	gameplay/game_00.025
0x00281740	func_00281740	platform
0x00281988	func_00281988	platform
0x00281EE0	func_00281EE0	gameplay/game_00.030
0x00282168	func_00282168	gameplay/game_00.025
0x00282360	func_00282360	gameplay/game_00.025
0x00282500	func_00282500	gameplay/game_00.030
0x00282620	func_00282620	gameplay/game_00.030
0x00282770	func_00282770	gameplay/game_00.030
0x00282878	func_00282878	gameplay/game_00.030
0x002829A0	func_002829A0	gameplay/game_00.030
0x00282B40	func_00282B40	gameplay/game_00.030
0x00282CE0	func_00282CE0	gameplay/game_00.030
0x00282E00	func_00282E00	gameplay/game_00.030
0x00282F28	func_00282F28	gameplay/game_00.030
0x00282FD0	func_00282FD0	platform
0x002830D0	func_002830D0	platform
0x00283488	func_00283488	platform
0x002836F8	func_002836F8	platform
0x00283C50	func_00283C50	gameplay/game_00.030
0x00283E80	func_00283E80	gameplay/game_00.025
0x00284078	func_00284078	gameplay/game_00.025
0x00284218	func_00284218	gameplay/game_00.030
0x00284338	func_00284338	gameplay/game_00.030
0x002843D8	func_002843D8	platform
0x00284608	func_00284608	platform
0x00284A98	func_00284A98	gameplay/game_00.030
0x00284B08	func_00284B08	gameplay/game_00.033
0x00285098	func_00285098	gameplay/game_00.030
0x00285170	func_00285170	gameplay/game_00.030
0x00285548	func_00285548	gameplay/game_00.030
0x00285938	func_00285938	gameplay/game_00.006
0x00285CB0	func_00285CB0	gameplay/game_00.006
0x00285D78	func_00285D78	gameplay/game_00.006
0x00285D90	func_00285D90	gameplay/game_00.006
0x00285DB0	func_00285DB0	gameplay/game_00.006
0x00285DC8	func_00285DC8	gameplay/game_00.006
0x00285DE8	func_00285DE8	gameplay/game_00.006
0x00285E00	func_00285E00	gameplay/game_00.006
0x00285E08	func_00285E08	gameplay/game_00.025
0x00285EE8	func_00285EE8	gameplay/game_00.030
0x00286020	func_00286020	gameplay/game_00.030
0x00286030	func_00286030	gameplay/game_00.025
0x00286220	func_00286220	platform
0x00287018	func_00287018	platform
0x00288088	func_00288088	platform
0x00289F70	func_00289F70	platform
0x0028BA90	func_0028BA90	platform
0x0028E548	func_0028E548	platform
0x00290E00	func_00290E00	platform
0x00292A38	func_00292A38	platform
0x00295730	func_00295730	platform
0x002966D0	func_002966D0	platform
0x002976B0	func_002976B0	platform
0x00298520	func_00298520	platform
0x00298F50	func_00298F50	gameplay/game_00.025
0x00299120	func_00299120	gameplay/game_00.025
0x002992E8	func_002992E8	gameplay/game_00.025
0x00299488	func_00299488	gameplay/game_00.025
0x002995F8	func_002995F8	gameplay/game_00.025
0x00299788	func_00299788	gameplay/game_00.025
0x00299930	func_00299930	gameplay/game_00.025
0x00299AC8	func_00299AC8	gameplay/game_00.025
0x00299EE0	func_00299EE0	gameplay/game_00.025
0x0029A0D8	func_0029A0D8	gameplay/game_00.025
0x0029A2B8	func_0029A2B8	gameplay/game_00.025
0x0029A4F8	func_0029A4F8	gameplay/game_00.025
0x0029A7B0	func_0029A7B0	gameplay/game_00.025
0x0029A9A0	func_0029A9A0	gameplay/game_00.025
0x0029ACA0	func_0029ACA0	gameplay/game_00.025
0x0029AFF8	func_0029AFF8	gameplay/game_00.025
0x0029B298	func_0029B298	gameplay/game_00.025
0x0029B638	func_0029B638	gameplay/game_00.025
0x0029B7C8	func_0029B7C8	gameplay/game_00.025
0x0029B9B0	func_0029B9B0	gameplay/game_00.025
0x0029BFD0	func_0029BFD0	gameplay/game_00.030
0x0029C130	func_0029C130	gameplay/game_00.025
0x0029C4B8	func_0029C4B8	gameplay/game_00.025
0x0029C608	func_0029C608	gameplay/game_00.025
0x0029C7A0	func_0029C7A0	gameplay/game_00.025
0x0029C940	func_0029C940	gameplay/game_00.025
0x0029CA58	func_0029CA58	gameplay/game_00.025
0x0029CB90	func_0029CB90	gameplay/game_00.025
0x0029CCC8	func_0029CCC8	gameplay/game_00.025
0x0029CDF0	func_0029CDF0	gameplay/game_00.025
0x0029CF20	func_0029CF20	gameplay/game_00.025
0x0029D0B8	func_0029D0B8	gameplay/game_00.025
0x0029D0D8	func_0029D0D8	gameplay/game_00.017
0x0029D1A0	func_0029D1A0	gameplay/game_00.017
0x0029D328	func_0029D328	gameplay/game_00.017
0x0029D330	func_0029D330	gameplay/game_00.017
0x0029D338	func_0029D338	gameplay/game_00.017
0x0029D340	func_0029D340	gameplay/game_00.017
0x0029D420	func_0029D420	gameplay/game_00.017
0x0029D480	func_0029D480	gameplay/game_00.017
0x0029D538	func_0029D538	gameplay/game_00.017
0x0029D570	func_0029D570	gameplay/game_00.017
0x0029DB68	func_0029DB68	gameplay/game_00.017
0x0029DC98	func_0029DC98	gameplay/game_00.017
0x0029DDE0	func_0029DDE0	gameplay/game_00.017
0x0029E1C0	func_0029E1C0	gameplay/game_00.032
0x0029E2B8	func_0029E2B8	gameplay/game_00.024
0x0029E2C8	func_0029E2C8	gameplay/game_00.024
0x0029E2E0	func_0029E2E0	gameplay/game_00.024
0x0029E2F8	func_0029E2F8	gameplay/game_00.017
0x0029E380	func_0029E380	gameplay/game_00.017
0x0029E398	func_0029E398	gameplay/game_00.017
0x0029E3C8	func_0029E3C8	gameplay/game_00.017
0x0029E430	func_0029E430	gameplay/game_00.017
0x0029E438	func_0029E438	gameplay/game_00.017
0x0029E440	func_0029E440	gameplay/game_00.017
0x0029E448	func_0029E448	gameplay/game_00.017
0x0029E450	func_0029E450	gameplay/game_00.017
0x0029E460	func_0029E460	gameplay/game_00.017
0x0029E4E8	func_0029E4E8	gameplay/game_00.017
0x0029E508	func_0029E508	gameplay/game_00.017
0x0029E518	func_0029E518	gameplay/game_00.017
0x0029E608	func_0029E608	gameplay/game_00.017
0x0029E678	func_0029E678	gameplay/game_00.017
0x0029E690	func_0029E690	gameplay/game_00.017
0x0029E700	func_0029E700	gameplay/game_00.017
0x0029E708	func_0029E708	gameplay/game_00.017
0x0029E720	func_0029E720	gameplay/game_00.017
0x0029E740	func_0029E740	gameplay/game_00.017
0x0029E760	func_0029E760	gameplay/game_00.017
0x0029E830	func_0029E830	gameplay/game_00.017
0x0029E8D0	func_0029E8D0	gameplay/game_00.017
0x0029E960	func_0029E960	gameplay/game_00.017
0x0029E968	func_0029E968	gameplay/game_00.017
0x0029E970	func_0029E970	gameplay/game_00.017
0x0029EC00	func_0029EC00	gameplay/game_00.017
0x0029ED58	func_0029ED58	gameplay/game_00.017
0x0029EF30	func_0029EF30	gameplay/game_00.017
0x0029EF38	func_0029EF38	gameplay/game_00.017
0x0029EF88	func_0029EF88	gameplay/game_00.017
0x0029EF90	func_0029EF90	gameplay/game_00.017
0x0029EF98	func_0029EF98	gameplay/game_00.017
0x0029F098	func_0029F098	gameplay/game_00.034
0x0029F2D0	func_0029F2D0	gameplay/game_00.034
0x0029FA30	func_0029FA30	gameplay/game_00.034
0x002A09E0	func_002A09E0	gameplay/game_00.034
0x002A0BE8	func_002A0BE8	gameplay/game_00.034
0x002A0D00	func_002A0D00	gameplay/game_00.025
0x002A1128	func_002A1128	gameplay/game_00.025
0x002A1848	func_002A1848	gameplay/game_00.025
0x002A19E8	func_002A19E8	gameplay/game_00.034
0x002A1B18	func_002A1B18	gameplay/game_00.034
0x002A1D28	func_002A1D28	gameplay/game_00.032
0x002A1D60	func_002A1D60	gameplay/game_00.034
0x002A1DD8	func_002A1DD8	gameplay/game_00.034
0x002A1E40	func_002A1E40	gameplay/game_00.034
0x002A1F38	func_002A1F38	gameplay/game_00.034
0x002A2040	func_002A2040	gameplay/game_00.034
0x002A20F8	func_002A20F8	gameplay/game_00.034
0x002A2120	func_002A2120	gameplay/game_00.034
0x002A2208	func_002A2208	gameplay/game_00.017
0x002A22E8	func_002A22E8	gameplay/game_00.017
0x002A2460	func_002A2460	gameplay/game_00.035
0x002A2708	func_002A2708	gameplay/game_00.035
0x002A2850	func_002A2850	gameplay/game_00.017
0x002A29C0	func_002A29C0	gameplay/game_00.035
0x002A2A78	func_002A2A78	gameplay/game_00.035
0x002A2A80	func_002A2A80	gameplay/game_00.035
0x002A2A88	func_002A2A88	gameplay/game_00.035
0x002A2A90	func_002A2A90	gameplay/game_00.035
0x002A2AA8	func_002A2AA8	gameplay/game_00.035
0x002A2AC0	func_002A2AC0	gameplay/game_00.017
0x002A2B28	func_002A2B28	gameplay/game_00.030
0x002A2B48	func_002A2B48	gameplay/game_00.030
0x002A2B70	func_002A2B70	gameplay/game_00.030
0x002A2B88	func_002A2B88	gameplay/game_00.030
0x002A2BB0	func_002A2BB0	gameplay/game_00.030
0x002A2D08	func_002A2D08	gameplay/game_00.030
0x002A2D40	func_002A2D40	gameplay/game_00.030
0x002A2E08	func_002A2E08	gameplay/game_00.025
0x002A2E70	func_002A2E70	gameplay/game_00.025
0x002A2FA0	func_002A2FA0	gameplay/game_00.006
0x002A3470	func_002A3470	gameplay/game_00.025
0x002A3530	func_002A3530	gameplay/game_00.025
0x002A3610	func_002A3610	gameplay/game_00.035
0x002A3618	func_002A3618	gameplay/game_00.025
0x002A3648	func_002A3648	gameplay/game_00.025
0x002A3668	func_002A3668	gameplay/game_00.025
0x002A37C8	func_002A37C8	gameplay/game_00.025
0x002A37E8	func_002A37E8	gameplay/game_00.025
0x002A3818	func_002A3818	gameplay/game_00.025
0x002A3890	func_002A3890	gameplay/game_00.025
0x002A3928	func_002A3928	gameplay/game_00.025
0x002A39F0	func_002A39F0	gameplay/game_00.025
0x002A3A18	func_002A3A18	gameplay/game_00.030
0x002A3A50	func_002A3A50	gameplay/game_00.035
0x002A3A60	func_002A3A60	gameplay/game_00.035
0x002A3A80	func_002A3A80	gameplay/game_00.035
0x002A3A90	func_002A3A90	gameplay/game_00.035
0x002A3A98	func_002A3A98	gameplay/game_00.035
0x002A3AA0	func_002A3AA0	gameplay/game_00.035
0x002A3AC8	func_002A3AC8	gameplay/game_00.035
0x002A3AD8	func_002A3AD8	gameplay/game_00.035
0x002A3AE0	func_002A3AE0	gameplay/game_00.035
0x002A3AF0	func_002A3AF0	gameplay/game_00.035
0x002A3AF8	func_002A3AF8	gameplay/game_00.035
0x002A3B50	func_002A3B50	gameplay/game_00.035
0x002A3C50	func_002A3C50	gameplay/game_00.035
0x002A3FF8	func_002A3FF8	gameplay/game_00.035
0x002A43D0	func_002A43D0	gameplay/game_00.035
0x002A4400	func_002A4400	gameplay/game_00.035
0x002A4508	func_002A4508	gameplay/game_00.035
0x002A45D0	func_002A45D0	gameplay/game_00.035
0x002A4700	func_002A4700	gameplay/game_00.035
0x002A47D0	func_002A47D0	gameplay/game_00.035
0x002A4918	func_002A4918	gameplay/game_00.035
0x002A49A8	func_002A49A8	gameplay/game_00.035
0x002A4AD8	func_002A4AD8	gameplay/game_00.035
0x002A4AF0	func_002A4AF0	gameplay/game_00.035
0x002A4C18	func_002A4C18	gameplay/game_00.017
0x002A4F18	func_002A4F18	gameplay/game_00.017
0x002A51B8	func_002A51B8	gameplay/game_00.017
0x002A5290	func_002A5290	gameplay/game_00.017
0x002A5318	func_002A5318	gameplay/game_00.017
0x002A5360	func_002A5360	gameplay/game_00.017
0x002A5488	func_002A5488	gameplay/game_00.025
0x002A54E8	func_002A54E8	gameplay/game_00.025
0x002A5500	func_002A5500	gameplay/game_00.025
0x002A5550	func_002A5550	gameplay/game_00.025
0x002A5558	func_002A5558	gameplay/game_00.025
0x002A5568	func_002A5568	gameplay/game_00.025
0x002A5580	func_002A5580	gameplay/game_00.025
0x002A55B8	func_002A55B8	gameplay/game_00.025
0x002A55C0	func_002A55C0	gameplay/game_00.025
0x002A55F0	func_002A55F0	gameplay/game_00.025
0x002A5600	func_002A5600	gameplay/game_00.025
0x002A5690	func_002A5690	platform
0x002A5F28	func_002A5F28	gameplay/game_00.035
0x002A5F38	func_002A5F38	gameplay/game_00.035
0x002A5F40	func_002A5F40	gameplay/game_00.035
0x002A5F78	func_002A5F78	gameplay/game_00.035
0x002A5FC0	func_002A5FC0	gameplay/game_00.035
0x002A6078	func_002A6078	gameplay/game_00.035
0x002A60A8	func_002A60A8	gameplay/game_00.035
0x002A60D8	func_002A60D8	gameplay/game_00.032
0x002A6170	func_002A6170	gameplay/game_00.035
0x002A61B0	func_002A61B0	gameplay/game_00.035
0x002A61F0	func_002A61F0	gameplay/game_00.035
0x002A6270	func_002A6270	gameplay/game_00.035
0x002A62C8	func_002A62C8	platform
0x002A6660	func_002A6660	gameplay/game_00.006
0x002A66B8	func_002A66B8	gameplay/game_00.006
0x002A66C0	func_002A66C0	gameplay/game_00.006
0x002A66C8	func_002A66C8	gameplay/game_00.006
0x002A66D0	func_002A66D0	gameplay/game_00.035
0x002A6740	func_002A6740	gameplay/game_00.035
0x002A6748	func_002A6748	gameplay/game_00.035
0x002A6750	func_002A6750	gameplay/game_00.035
0x002A6770	func_002A6770	gameplay/game_00.035
0x002A6778	func_002A6778	gameplay/game_00.035
0x002A6780	func_002A6780	gameplay/game_00.035
0x002A67A0	func_002A67A0	gameplay/game_00.035
0x002A67A8	func_002A67A8	gameplay/game_00.035
0x002A67B0	func_002A67B0	gameplay/game_00.035
0x002A67D0	func_002A67D0	platform
0x002A6A48	func_002A6A48	gameplay/game_00.035
0x002A6A50	func_002A6A50	gameplay/game_00.035
0x002A6A58	func_002A6A58	gameplay/game_00.035
0x002A6A78	func_002A6A78	gameplay/game_00.035
0x002A6C20	func_002A6C20	gameplay/game_00.035
0x002A6E10	func_002A6E10	gameplay/game_00.035
0x002A6FA8	func_002A6FA8	gameplay/game_00.017
0x002A7038	func_002A7038	gameplay/game_00.017
0x002A7070	func_002A7070	gameplay/game_00.017
0x002A7080	func_002A7080	gameplay/game_00.017
0x002A7160	func_002A7160	gameplay/game_00.017
0x002A7168	func_002A7168	gameplay/game_00.017
0x002A7170	func_002A7170	gameplay/game_00.017
0x002A71D8	func_002A71D8	gameplay/game_00.017
0x002A71F8	func_002A71F8	gameplay/game_00.017
0x002A7200	func_002A7200	gameplay/game_00.017
0x002A7228	func_002A7228	gameplay/game_00.017
0x002A7230	func_002A7230	gameplay/game_00.017
0x002A7238	func_002A7238	gameplay/game_00.017
0x002A7240	func_002A7240	gameplay/game_00.017
0x002A7248	func_002A7248	gameplay/game_00.017
0x002A7280	func_002A7280	gameplay/game_00.017
0x002A7348	func_002A7348	gameplay/game_00.017
0x002A7410	func_002A7410	gameplay/game_00.017
0x002A7590	func_002A7590	gameplay/game_00.017
0x002A7628	func_002A7628	gameplay/game_00.025
0x002A76B0	func_002A76B0	gameplay/game_00.025
0x002A7810	func_002A7810	gameplay/game_00.025
0x002A7A10	func_002A7A10	gameplay/game_00.025
0x002A7BD8	func_002A7BD8	gameplay/game_00.017
0x002A7C48	func_002A7C48	gameplay/game_00.017
0x002A7CA0	func_002A7CA0	gameplay/game_00.017
0x002A7CB0	func_002A7CB0	gameplay/game_00.017
0x002A7CB8	func_002A7CB8	gameplay/game_00.017
0x002A7CC0	func_002A7CC0	gameplay/game_00.017
0x002A7CC8	func_002A7CC8	gameplay/game_00.017
0x002A7CF0	func_002A7CF0	gameplay/game_00.017
0x002A7CF8	func_002A7CF8	gameplay/game_00.017
0x002A7D78	func_002A7D78	gameplay/game_00.025
0x002A7E88	func_002A7E88	gameplay/game_00.025
0x002A7EC0	func_002A7EC0	gameplay/game_00.025
0x002A7FA8	func_002A7FA8	gameplay/game_00.025
0x002A8070	func_002A8070	gameplay/game_00.025
0x002A8210	func_002A8210	gameplay/game_00.017
0x002A82A8	func_002A82A8	gameplay/game_00.019
0x002A8330	func_002A8330	gameplay/game_00.019
0x002A86A0	func_002A86A0	gameplay/game_00.026
0x002A88D0	func_002A88D0	gameplay/game_00.017
0x002A8A68	func_002A8A68	gameplay/game_00.026
0x002A8DB0	func_002A8DB0	gameplay/game_00.026
0x002A8F40	func_002A8F40	gameplay/game_00.026
0x002A9170	func_002A9170	gameplay/game_00.026
0x002A91D0	func_002A91D0	gameplay/game_00.017
0x002A91E0	func_002A91E0	gameplay/game_00.017
0x002A9248	func_002A9248	gameplay/game_00.017
0x002A9258	func_002A9258	gameplay/game_00.017
0x002A92C0	func_002A92C0	gameplay/game_00.017
0x002A9340	func_002A9340	gameplay/game_00.017
0x002A9408	func_002A9408	gameplay/game_00.017
0x002A9410	func_002A9410	gameplay/game_00.017
0x002A9470	func_002A9470	gameplay/game_00.017
0x002A9550	func_002A9550	gameplay/game_00.017
0x002A9648	func_002A9648	gameplay/game_00.032
0x002A9658	func_002A9658	gameplay/game_00.032
0x002A9660	func_002A9660	gameplay/game_00.032
0x002A9668	func_002A9668	gameplay/game_00.032
0x002A9670	func_002A9670	gameplay/game_00.032
0x002A9800	func_002A9800	gameplay/game_00.032
0x002A9858	func_002A9858	gameplay/game_00.032
0x002A9880	func_002A9880	gameplay/game_00.032
0x002A9948	func_002A9948	gameplay/game_00.032
0x002A99A8	func_002A99A8	gameplay/game_00.032
0x002A99C0	func_002A99C0	gameplay/game_00.032
0x002A99E0	func_002A99E0	gameplay/game_00.032
0x002A9A88	func_002A9A88	gameplay/game_00.032
0x002A9BC0	func_002A9BC0	gameplay/game_00.032
0x002A9C20	func_002A9C20	gameplay/game_00.032
0x002A9D00	func_002A9D00	gameplay/game_render.001
0x002A9D08	func_002A9D08	gameplay/game_render.001
0x002A9D10	func_002A9D10	gameplay/game_render.001
0x002A9D30	func_002A9D30	gameplay/game_render.001
0x002A9D50	func_002A9D50	gameplay/game_00.017
0x002A9D68	func_002A9D68	gameplay/game_00.017
0x002A9D80	func_002A9D80	gameplay/game_00.026
0x002A9DE8	func_002A9DE8	gameplay/game_00.026
0x002A9E58	func_002A9E58	gameplay/game_00.026
0x002A9EB8	func_002A9EB8	gameplay/game_00.026
0x002A9F30	func_002A9F30	gameplay/game_00.026
0x002A9FB8	func_002A9FB8	gameplay/game_00.026
0x002AA048	func_002AA048	gameplay/game_00.017
0x002AA060	func_002AA060	gameplay/game_00.017
0x002AA0A8	func_002AA0A8	gameplay/game_00.017
0x002AA0B0	func_002AA0B0	gameplay/game_00.017
0x002AA0C8	func_002AA0C8	gameplay/game_00.017
0x002AA128	func_002AA128	gameplay/game_00.026
0x002AA130	func_002AA130	gameplay/game_00.026
0x002AA180	func_002AA180	gameplay/game_00.026
0x002AA1C8	func_002AA1C8	gameplay/game_00.026
0x002AA388	func_002AA388	gameplay/game_00.026
0x002AA398	func_002AA398	gameplay/game_00.026
0x002AA438	func_002AA438	gameplay/game_00.026
0x002AA440	func_002AA440	gameplay/game_00.026
0x002AA448	func_002AA448	gameplay/game_render.001
0x002AA480	func_002AA480	gameplay/game_render.001
0x002AA4B8	func_002AA4B8	gameplay/game_render.001
0x002AA660	func_002AA660	gameplay/game_render.001
0x002AA890	func_002AA890	gameplay/game_render.001
0x002AAA70	func_002AAA70	gameplay/game_render.001
0x002AAC20	func_002AAC20	gameplay/game_render.001
0x002AADA8	func_002AADA8	gameplay/game_render.001
0x002AAFA0	func_002AAFA0	gameplay/game_render.001
0x002AB110	func_002AB110	gameplay/game_00.032
0x002AB360	func_002AB360	gameplay/game_render.001
0x002AB380	func_002AB380	gameplay/game_render.001
0x002AB3B0	func_002AB3B0	gameplay/game_00.017
0x002AB3E0	func_002AB3E0	gameplay/game_00.017
0x002AB4A8	func_002AB4A8	gameplay/game_render.001
0x002AB4C8	func_002AB4C8	gameplay/game_render.001
0x002AB4F8	func_002AB4F8	gameplay/game_render.001
0x002AB528	func_002AB528	gameplay/game_render.001
0x002AB5F0	func_002AB5F0	gameplay/game_render.001
0x002AB610	func_002AB610	gameplay/game_render.001
0x002AB640	func_002AB640	gameplay/game_00.017
0x002AB670	func_002AB670	gameplay/game_00.017
0x002AB738	func_002AB738	gameplay/game_render.001
0x002AB758	func_002AB758	gameplay/game_render.001
0x002AB788	func_002AB788	gameplay/game_render.001
0x002AB7B8	func_002AB7B8	gameplay/game_render.001
0x002AB880	func_002AB880	gameplay/game_render.001
0x002AB8A0	func_002AB8A0	gameplay/game_render.001
0x002AB8D0	func_002AB8D0	gameplay/game_render.001
0x002AB900	func_002AB900	gameplay/game_render.001
0x002AB9C8	func_002AB9C8	gameplay/game_render.001
0x002AB9E8	func_002AB9E8	gameplay/game_render.001
0x002ABA18	func_002ABA18	gameplay/game_render.001
0x002ABA48	func_002ABA48	gameplay/game_render.001
0x002ABB10	func_002ABB10	gameplay/game_render.001
0x002ABB30	func_002ABB30	gameplay/game_render.001
0x002ABB60	func_002ABB60	gameplay/game_render.001
0x002ABB90	func_002ABB90	gameplay/game_render.001
0x002ABC58	func_002ABC58	gameplay/game_render.001
0x002ABC60	func_002ABC60	gameplay/game_00.017
0x002ABC68	func_002ABC68	gameplay/game_00.017
0x002ABC70	func_002ABC70	gameplay/game_00.017
0x002ABC88	func_002ABC88	gameplay/game_00.017
0x002ABCA0	func_002ABCA0	gameplay/game_00.017
0x002ABCB8	func_002ABCB8	gameplay/game_render.001
0x002ABCD0	func_002ABCD0	gameplay/game_render.001
0x002ABCE8	func_002ABCE8	gameplay/game_render.001
0x002ABDB8	func_002ABDB8	gameplay/game_render.001
0x002ABDF8	func_002ABDF8	gameplay/game_render.001
0x002ABE10	func_002ABE10	gameplay/game_render.001
0x002ABE28	func_002ABE28	gameplay/game_render.001
0x002ABE40	func_002ABE40	gameplay/game_render.001
0x002ABF90	func_002ABF90	gameplay/game_render.001
0x002ABFC0	func_002ABFC0	gameplay/game_render.001
0x002AC080	func_002AC080	gameplay/game_render.001
0x002AC1F8	func_002AC1F8	gameplay/game_render.001
0x002AC218	func_002AC218	gameplay/game_00.019
0x002AC300	func_002AC300	gameplay/game_00.019
0x002AC3F0	func_002AC3F0	gameplay/game_00.019
0x002AC428	func_002AC428	gameplay/game_00.019
0x002AC4C8	func_002AC4C8	gameplay/game_00.019
0x002AC5C0	func_002AC5C0	gameplay/game_00.019
0x002AC628	func_002AC628	gameplay/game_00.019
0x002AC6C8	func_002AC6C8	gameplay/game_00.019
0x002AC780	func_002AC780	gameplay/game_00.019
0x002AC830	func_002AC830	gameplay/game_00.019
0x002AC868	func_002AC868	gameplay/game_00.019
0x002AC948	func_002AC948	gameplay/game_00.019
0x002ACA28	func_002ACA28	gameplay/game_00.019
0x002ACB18	func_002ACB18	gameplay/game_00.019
0x002ACB20	func_002ACB20	gameplay/game_00.019
0x002ACB28	func_002ACB28	gameplay/game_00.019
0x002ACC20	func_002ACC20	gameplay/game_00.019
0x002ACE30	func_002ACE30	gameplay/game_00.019
0x002AD090	func_002AD090	gameplay/game_00.019
0x002AD3B8	func_002AD3B8	gameplay/game_00.019
0x002AD558	func_002AD558	gameplay/game_00.019
0x002AD5E0	func_002AD5E0	gameplay/game_00.019
0x002AD640	func_002AD640	gameplay/game_00.019
0x002AD648	func_002AD648	gameplay/game_00.019
0x002AD658	func_002AD658	gameplay/game_00.032
0x002AD6F8	func_002AD6F8	gameplay/game_00.019
0x002AD7E8	func_002AD7E8	gameplay/game_00.019
0x002AD850	func_002AD850	gameplay/game_00.019
0x002AD868	func_002AD868	gameplay/game_00.019
0x002AD870	func_002AD870	gameplay/game_00.019
0x002AD888	func_002AD888	gameplay/game_00.019
0x002AD8A8	func_002AD8A8	gameplay/game_00.007
0x002AD988	func_002AD988	gameplay/game_00.019
0x002ADA68	func_002ADA68	gameplay/game_00.019
0x002ADB48	func_002ADB48	gameplay/game_00.007
0x002ADBC0	func_002ADBC0	gameplay/game_00.019
0x002ADBF8	func_002ADBF8	gameplay/game_00.019
0x002ADD00	func_002ADD00	gameplay/game_00.019
0x002ADF18	func_002ADF18	gameplay/game_00.019
0x002AE110	func_002AE110	gameplay/game_00.007
0x002AE1B8	func_002AE1B8	gameplay/game_00.026
0x002AE238	func_002AE238	gameplay/game_00.026
0x002AE290	func_002AE290	gameplay/game_00.025
0x002AE578	func_002AE578	gameplay/game_00.025
0x002AEA80	func_002AEA80	gameplay/game_00.025
0x002AEC08	func_002AEC08	gameplay/game_00.025
0x002AED78	func_002AED78	gameplay/game_00.025
0x002AF118	func_002AF118	gameplay/game_00.025
0x002AF220	func_002AF220	gameplay/game_00.025
0x002AF460	func_002AF460	gameplay/game_00.025
0x002AF958	func_002AF958	gameplay/game_00.025
0x002AF970	func_002AF970	gameplay/game_00.025
0x002AF988	func_002AF988	gameplay/game_00.025
0x002AF9F8	func_002AF9F8	gameplay/game_00.025
0x002AFA60	func_002AFA60	gameplay/game_00.025
0x002AFA88	func_002AFA88	gameplay/game_00.025
0x002AFAF8	func_002AFAF8	gameplay/game_00.025
0x002AFB60	func_002AFB60	gameplay/game_00.025
0x002AFB88	func_002AFB88	gameplay/game_00.025
0x002AFC30	func_002AFC30	gameplay/game_00.025
0x002AFCD8	func_002AFCD8	gameplay/game_00.025
0x002AFDA8	func_002AFDA8	gameplay/game_00.025
0x002B0078	func_002B0078	gameplay/game_00.025
0x002B0288	func_002B0288	gameplay/game_00.025
0x002B0538	func_002B0538	gameplay/game_00.017
0x002B06A8	func_002B06A8	core
0x002B07D8	func_002B07D8	gameplay/game_00.025
0x002B08F0	func_002B08F0	gameplay/game_00.025
0x002B0A28	func_002B0A28	gameplay/game_00.025
0x002B0DE0	func_002B0DE0	gameplay/game_00.025
0x002B1378	func_002B1378	gameplay/game_00.025
0x002B1AD0	func_002B1AD0	gameplay/game_00.032
0x002B1BA0	func_002B1BA0	gameplay/game_00.032
0x002B1C48	func_002B1C48	gameplay/game_00.032
0x002B1CB8	func_002B1CB8	gameplay/game_00.032
0x002B1D20	func_002B1D20	gameplay/game_00.032
0x002B1D48	func_002B1D48	gameplay/game_00.032
0x002B1DB8	func_002B1DB8	gameplay/game_00.030
0x002B1DC8	func_002B1DC8	gameplay/game_00.030
0x002B1DD8	func_002B1DD8	gameplay/game_00.030
0x002B1E28	func_002B1E28	core
0x002B1EA0	func_002B1EA0	gameplay/game_00.025
0x002B1F20	func_002B1F20	gameplay/game_00.025
0x002B1FA0	func_002B1FA0	gameplay/game_00.025
0x002B1FD8	func_002B1FD8	gameplay/game_00.025
0x002B20D8	func_002B20D8	gameplay/game_00.017
0x002B2160	func_002B2160	gameplay/game_00.017
0x002B2188	func_002B2188	gameplay/game_00.025
0x002B21B8	func_002B21B8	gameplay/game_00.006
0x002B21F0	func_002B21F0	gameplay/game_00.006
0x002B2228	func_002B2228	gameplay/game_00.006
0x002B2260	func_002B2260	gameplay/game_00.006
0x002B2298	func_002B2298	gameplay/game_00.025
0x002B2350	func_002B2350	gameplay/game_00.025
0x002B2440	func_002B2440	gameplay/game_00.025
0x002B24F0	func_002B24F0	gameplay/game_00.025
0x002B2660	func_002B2660	gameplay/game_00.025
0x002B2728	func_002B2728	gameplay/game_00.025
0x002B2748	func_002B2748	gameplay/game_00.025
0x002B2760	func_002B2760	gameplay/game_00.025
0x002B2790	func_002B2790	gameplay/game_00.025
0x002B27C0	func_002B27C0	gameplay/game_00.025
0x002B27F0	func_002B27F0	gameplay/game_00.025
0x002B2800	func_002B2800	gameplay/game_00.025
0x002B2810	func_002B2810	gameplay/game_00.025
0x002B2860	func_002B2860	gameplay/game_00.025
0x002B2888	func_002B2888	gameplay/game_00.025
0x002B28B8	func_002B28B8	gameplay/game_00.025
0x002B2938	func_002B2938	gameplay/game_00.032
0x002B2980	func_002B2980	gameplay/game_00.032
0x002B29C8	func_002B29C8	gameplay/game_00.032
0x002B2A00	func_002B2A00	gameplay/game_00.032
0x002B2A28	func_002B2A28	gameplay/game_00.032
0x002B2A50	func_002B2A50	gameplay/game_00.032
0x002B2A88	func_002B2A88	gameplay/game_00.032
0x002B2AB0	func_002B2AB0	gameplay/game_00.017
0x002B2AD8	func_002B2AD8	gameplay/game_00.032
0x002B2B00	func_002B2B00	gameplay/game_00.032
0x002B2B08	func_002B2B08	gameplay/game_00.032
0x002B2B10	func_002B2B10	gameplay/game_00.006
0x002B2BA8	func_002B2BA8	gameplay/game_00.025
0x002B2BC8	func_002B2BC8	gameplay/game_00.025
0x002B2BE8	func_002B2BE8	gameplay/game_00.025
0x002B2C00	func_002B2C00	gameplay/game_00.025
0x002B2C18	func_002B2C18	gameplay/game_00.025
0x002B2C30	func_002B2C30	gameplay/game_00.017
0x002B2C78	func_002B2C78	gameplay/game_00.025
0x002B2D18	func_002B2D18	gameplay/game_00.006
0x002B2D38	func_002B2D38	gameplay/game_00.006
0x002B2D40	func_002B2D40	gameplay/game_00.006
0x002B2D60	func_002B2D60	gameplay/game_00.006
0x002B2D68	func_002B2D68	gameplay/game_00.006
0x002B2DA8	func_002B2DA8	gameplay/game_00.006
0x002B2DE8	func_002B2DE8	gameplay/game_00.025
0x002B2E80	func_002B2E80	gameplay/game_00.025
0x002B2F18	func_002B2F18	gameplay/game_00.025
0x002B2F68	func_002B2F68	gameplay/game_00.025
0x002B2FB8	func_002B2FB8	gameplay/game_00.025
0x002B2FC0	func_002B2FC0	gameplay/game_00.025
0x002B2FE8	func_002B2FE8	gameplay/game_00.025
0x002B3048	func_002B3048	gameplay/game_00.025
0x002B31A0	func_002B31A0	gameplay/game_00.025
0x002B3610	func_002B3610	gameplay/game_00.025
0x002B39A8	func_002B39A8	gameplay/game_00.025
0x002B3C78	func_002B3C78	gameplay/game_00.025
0x002B4010	func_002B4010	gameplay/game_00.025
0x002B41F8	func_002B41F8	gameplay/game_00.025
0x002B4680	func_002B4680	gameplay/game_00.025
0x002B50E8	func_002B50E8	gameplay/game_00.025
0x002B5100	func_002B5100	gameplay/game_00.025
0x002B5118	func_002B5118	gameplay/game_00.025
0x002B5128	func_002B5128	gameplay/game_00.025
0x002B5248	func_002B5248	gameplay/game_00.025
0x002B52C0	func_002B52C0	gameplay/game_00.025
0x002B52E0	func_002B52E0	gameplay/game_00.025
0x002B52F8	func_002B52F8	gameplay/game_00.025
0x002B5380	func_002B5380	gameplay/game_00.017
0x002B53B8	func_002B53B8	gameplay/game_00.006
0x002B53E0	func_002B53E0	gameplay/game_00.006
0x002B5540	func_002B5540	gameplay/game_00.025
0x002B5590	func_002B5590	gameplay/game_00.025
0x002B55D8	func_002B55D8	core
0x002B5698	func_002B5698	gameplay/game_00.025
0x002B56B0	func_002B56B0	gameplay/game_00.032
0x002B56F8	func_002B56F8	gameplay/game_00.032
0x002B5730	func_002B5730	gameplay/game_00.032
0x002B5758	func_002B5758	gameplay/game_00.032
0x002B5780	func_002B5780	gameplay/game_00.025
0x002B5788	func_002B5788	gameplay/game_00.025
0x002B5830	func_002B5830	gameplay/game_00.025
0x002B5AD8	func_002B5AD8	gameplay/game_00.025
0x002B5C50	func_002B5C50	gameplay/game_00.025
0x002B5CD0	func_002B5CD0	gameplay/game_00.032
0x002B5D48	func_002B5D48	gameplay/game_00.032
0x002B5D58	func_002B5D58	gameplay/game_00.006
0x002B5E40	func_002B5E40	gameplay/game_00.006
0x002B5EA0	func_002B5EA0	gameplay/game_00.006
0x002B5EE0	func_002B5EE0	gameplay/game_00.006
0x002B5F40	func_002B5F40	gameplay/game_00.025
0x002B5F98	func_002B5F98	gameplay/game_00.025
0x002B5FC0	func_002B5FC0	gameplay/game_00.025
0x002B60B8	func_002B60B8	gameplay/game_00.025
0x002B6160	func_002B6160	gameplay/game_00.032
0x002B61A8	func_002B61A8	gameplay/game_00.032
0x002B61E0	func_002B61E0	gameplay/game_00.032
0x002B6208	func_002B6208	gameplay/game_00.032
0x002B6230	func_002B6230	gameplay/game_00.032
0x002B6238	func_002B6238	gameplay/game_00.006
0x002B6258	func_002B6258	gameplay/game_00.025
0x002B6260	func_002B6260	gameplay/game_00.025
0x002B64D0	func_002B64D0	gameplay/game_00.025
0x002B6850	func_002B6850	gameplay/game_00.025
0x002B6990	func_002B6990	gameplay/game_00.025
0x002B69F8	func_002B69F8	gameplay/game_00.025
0x002B6A78	func_002B6A78	gameplay/game_00.025
0x002B6AE8	func_002B6AE8	gameplay/game_00.025
0x002B6B50	func_002B6B50	gameplay/game_00.025
0x002B6B78	func_002B6B78	gameplay/game_00.025
0x002B6BC0	func_002B6BC0	gameplay/game_00.025
0x002B6BD0	func_002B6BD0	gameplay/game_00.025
0x002B6C88	func_002B6C88	gameplay/game_00.025
0x002B6D08	func_002B6D08	gameplay/game_00.025
0x002B6D60	func_002B6D60	gameplay/game_00.032
0x002B6DA8	func_002B6DA8	gameplay/game_00.032
0x002B6DE0	func_002B6DE0	gameplay/game_00.032
0x002B6DF0	func_002B6DF0	gameplay/game_00.032
0x002B6E18	func_002B6E18	gameplay/game_00.032
0x002B6E40	func_002B6E40	gameplay/game_00.032
0x002B6E68	func_002B6E68	gameplay/game_00.025
0x002B6E70	func_002B6E70	gameplay/game_00.025
0x002B6EC8	func_002B6EC8	gameplay/game_00.025
0x002B6F98	func_002B6F98	gameplay/game_00.025
0x002B71D8	func_002B71D8	gameplay/game_00.025
0x002B7300	func_002B7300	gameplay/game_00.025
0x002B7548	func_002B7548	gameplay/game_00.025
0x002B7BF0	func_002B7BF0	gameplay/game_00.025
0x002B7C08	func_002B7C08	gameplay/game_00.025
0x002B7D20	func_002B7D20	gameplay/game_00.026
0x002B7D50	func_002B7D50	gameplay/game_00.026
0x002B7D68	func_002B7D68	gameplay/game_00.026
0x002B7E30	func_002B7E30	gameplay/game_00.026
0x002B7E70	func_002B7E70	gameplay/game_00.025
0x002B7F38	func_002B7F38	gameplay/game_render.002
0x002B8018	func_002B8018	gameplay/game_00.026
0x002B8278	func_002B8278	gameplay/game_00.026
0x002B84F0	func_002B84F0	gameplay/game_00.026
0x002B8540	func_002B8540	gameplay/game_00.025
0x002B8568	func_002B8568	gameplay/game_00.025
0x002B8670	func_002B8670	gameplay/game_00.025
0x002B86D0	func_002B86D0	gameplay/game_00.025
0x002B8728	func_002B8728	gameplay/game_00.025
0x002B8890	func_002B8890	gameplay/game_00.025
0x002B8920	func_002B8920	gameplay/game_00.026
0x002B8990	func_002B8990	gameplay/game_00.026
0x002B89B8	func_002B89B8	gameplay/game_00.025
0x002B89E0	func_002B89E0	gameplay/game_render.002
0x002B8B38	func_002B8B38	gameplay/game_render.002
0x002B8E78	func_002B8E78	gameplay/game_render.002
0x002B9210	func_002B9210	gameplay/game_render.002
0x002B93A8	func_002B93A8	gameplay/game_render.002
0x002B97B8	func_002B97B8	gameplay/game_render.002
0x002BA670	func_002BA670	gameplay/game_render.002
0x002BB290	func_002BB290	gameplay/game_render.002
0x002BB628	func_002BB628	gameplay/game_render.002
0x002BC008	func_002BC008	gameplay/game_render.002
0x002BC1B0	func_002BC1B0	gameplay/game_render.002
0x002BC4A0	func_002BC4A0	gameplay/game_render.002
0x002BC6C8	func_002BC6C8	gameplay/game_render.002
0x002BCC00	func_002BCC00	gameplay/game_render.002
0x002BD090	func_002BD090	gameplay/game_render.002
0x002BDF40	func_002BDF40	gameplay/game_render.002
0x002BE918	func_002BE918	gameplay/game_render.002
0x002BEB60	func_002BEB60	gameplay/game_render.002
0x002BED80	func_002BED80	gameplay/game_render.002
0x002BFED8	func_002BFED8	gameplay/game_render.002
0x002C0928	func_002C0928	gameplay/game_00.025
0x002C0D58	func_002C0D58	gameplay/game_render.002
0x002C0EF8	func_002C0EF8	gameplay/game_00.025
0x002C11B0	func_002C11B0	gameplay/game_render.002
0x002C11D0	func_002C11D0	gameplay/game_render.002
0x002C11F0	func_002C11F0	gameplay/game_render.002
0x002C1210	func_002C1210	gameplay/game_render.002
0x002C1230	func_002C1230	gameplay/game_render.002
0x002C1250	func_002C1250	gameplay/game_render.002
0x002C1270	func_002C1270	gameplay/game_render.002
0x002C12A8	func_002C12A8	gameplay/game_render.002
0x002C12D0	func_002C12D0	gameplay/game_00.025
0x002C1370	func_002C1370	gameplay/game_00.030
0x002C1388	func_002C1388	gameplay/game_00.030
0x002C13A0	func_002C13A0	gameplay/game_00.030
0x002C13C8	func_002C13C8	gameplay/game_00.025
0x002C1410	func_002C1410	gameplay/game_00.032
0x002C1458	func_002C1458	gameplay/game_00.032
0x002C1490	func_002C1490	gameplay/game_00.032
0x002C14B8	func_002C14B8	gameplay/game_00.032
0x002C14E0	func_002C14E0	gameplay/game_00.032
0x002C1508	func_002C1508	gameplay/game_00.025
0x002C1510	func_002C1510	gameplay/game_00.025
0x002C17C8	func_002C17C8	gameplay/game_00.025
0x002C1A78	func_002C1A78	gameplay/game_00.025
0x002C1CE0	func_002C1CE0	gameplay/game_00.025
0x002C2088	func_002C2088	gameplay/game_00.032
0x002C21D8	func_002C21D8	gameplay/game_00.026
0x002C2298	func_002C2298	gameplay/game_00.025
0x002C23E0	func_002C23E0	gameplay/game_00.025
0x002C24E0	func_002C24E0	gameplay/game_00.033
0x002C2560	func_002C2560	gameplay/game_00.033
0x002C25E0	func_002C25E0	gameplay/game_00.030
0x002C2650	func_002C2650	gameplay/game_00.025
0x002C26F8	func_002C26F8	gameplay/game_00.025
0x002C27D8	func_002C27D8	gameplay/game_00.025
0x002C2868	func_002C2868	gameplay/game_00.009
0x002C28F0	func_002C28F0	gameplay/game_00.009
0x002C2978	func_002C2978	gameplay/game_00.009
0x002C2AD8	func_002C2AD8	gameplay/game_00.006
0x002C2B98	func_002C2B98	gameplay/game_00.026
0x002C2C38	func_002C2C38	gameplay/game_00.026
0x002C2C78	func_002C2C78	gameplay/game_00.026
0x002C2CF0	func_002C2CF0	gameplay/game_00.025
0x002C2D10	func_002C2D10	gameplay/game_00.026
0x002C2D18	func_002C2D18	gameplay/game_00.026
0x002C2DE8	func_002C2DE8	gameplay/game_00.032
0x002C2E30	func_002C2E30	gameplay/game_00.032
0x002C2E68	func_002C2E68	gameplay/game_00.032
0x002C2E90	func_002C2E90	gameplay/game_00.032
0x002C2EB8	func_002C2EB8	gameplay/game_00.032
0x002C2EE0	func_002C2EE0	gameplay/game_00.030
0x002C2EE8	func_002C2EE8	gameplay/game_00.030
0x002C2F08	func_002C2F08	gameplay/game_00.030
0x002C2FD0	func_002C2FD0	gameplay/game_00.030
0x002C3040	func_002C3040	gameplay/game_00.030
0x002C30D0	func_002C30D0	gameplay/game_00.030
0x002C3100	func_002C3100	gameplay/game_00.026
0x002C3310	func_002C3310	gameplay/game_00.026
0x002C35F0	func_002C35F0	gameplay/game_00.026
0x002C39D0	func_002C39D0	gameplay/game_00.032
0x002C3CD0	func_002C3CD0	gameplay/game_00.004
0x002C3E40	func_002C3E40	gameplay/game_00.004
0x002C3E50	func_002C3E50	gameplay/game_00.004
0x002C3E60	func_002C3E60	gameplay/game_00.006
0x002C3E88	func_002C3E88	gameplay/game_00.006
0x002C3ED0	func_002C3ED0	gameplay/game_00.006
0x002C3EE0	func_002C3EE0	gameplay/game_00.006
0x002C3FC8	func_002C3FC8	gameplay/game_00.006
0x002C4010	func_002C4010	gameplay/game_00.025
0x002C4020	func_002C4020	gameplay/game_00.025
0x002C4108	func_002C4108	gameplay/game_00.025
0x002C41F0	func_002C41F0	gameplay/game_00.025
0x002C4200	func_002C4200	gameplay/game_00.006
0x002C42A0	func_002C42A0	gameplay/game_00.006
0x002C4378	func_002C4378	gameplay/game_00.006
0x002C4388	func_002C4388	gameplay/game_00.011
0x002C4630	func_002C4630	gameplay/game_00.026
0x002C4760	func_002C4760	gameplay/game_00.026
0x002C4818	func_002C4818	gameplay/game_00.026
0x002C4890	func_002C4890	gameplay/game_00.026
0x002C4958	func_002C4958	gameplay/game_00.026
0x002C4A20	func_002C4A20	gameplay/game_00.026
0x002C4B50	func_002C4B50	gameplay/game_00.025
0x002C4BD0	func_002C4BD0	gameplay/game_00.025
0x002C4C40	func_002C4C40	gameplay/game_00.006
0x002C4D20	func_002C4D20	gameplay/game_00.006
0x002C4DB0	func_002C4DB0	gameplay/game_00.006
0x002C4E10	func_002C4E10	gameplay/game_00.006
0x002C4E60	func_002C4E60	gameplay/game_00.006
0x002C4ED0	func_002C4ED0	gameplay/game_00.006
0x002C4F08	func_002C4F08	gameplay/game_00.006
0x002C4F10	func_002C4F10	gameplay/game_00.006
0x002C4FE0	func_002C4FE0	gameplay/game_00.006
0x002C5010	func_002C5010	gameplay/game_00.025
0x002C5050	func_002C5050	gameplay/game_00.025
0x002C5058	func_002C5058	gameplay/game_00.025
0x002C5080	func_002C5080	gameplay/game_00.006
0x002C50C0	func_002C50C0	gameplay/game_00.006
0x002C5170	func_002C5170	gameplay/game_00.006
0x002C51A0	func_002C51A0	gameplay/game_00.006
0x002C51E8	func_002C51E8	gameplay/game_00.006
0x002C5218	func_002C5218	gameplay/game_00.006
0x002C5260	func_002C5260	gameplay/game_00.006
0x002C5290	func_002C5290	gameplay/game_00.006
0x002C52D8	func_002C52D8	gameplay/game_00.026
0x002C5308	func_002C5308	gameplay/game_00.026
0x002C5350	func_002C5350	gameplay/game_00.026
0x002C5370	func_002C5370	gameplay/game_00.026
0x002C5390	func_002C5390	gameplay/game_00.026
0x002C53C0	func_002C53C0	gameplay/game_00.026
0x002C53E0	func_002C53E0	gameplay/game_00.026
0x002C5400	func_002C5400	gameplay/game_00.026
0x002C5430	func_002C5430	gameplay/game_00.026
0x002C5450	func_002C5450	gameplay/game_00.026
0x002C5498	func_002C5498	gameplay/game_00.026
0x002C54F0	func_002C54F0	gameplay/game_00.026
0x002C5520	func_002C5520	gameplay/game_00.026
0x002C5560	func_002C5560	gameplay/game_00.026
0x002C5598	func_002C5598	gameplay/game_00.026
0x002C5620	func_002C5620	gameplay/game_00.026
0x002C5718	func_002C5718	gameplay/game_00.026
0x002C5A00	func_002C5A00	gameplay/game_00.025
0x002C65F8	func_002C65F8	gameplay/game_00.030
0x002C66A0	func_002C66A0	gameplay/game_00.030
0x002C66A8	func_002C66A8	gameplay/game_00.030
0x002C66E0	func_002C66E0	gameplay/game_00.030
0x002C6710	func_002C6710	gameplay/game_00.030
0x002C6740	func_002C6740	gameplay/game_00.030
0x002C6770	func_002C6770	gameplay/game_00.030
0x002C67C0	func_002C67C0	gameplay/game_00.030
0x002C6930	func_002C6930	gameplay/game_00.030
0x002C69D0	func_002C69D0	gameplay/game_00.030
0x002C69F8	func_002C69F8	gameplay/game_00.030
0x002C6A40	func_002C6A40	gameplay/game_00.030
0x002C6A58	func_002C6A58	gameplay/game_00.030
0x002C6AB0	func_002C6AB0	gameplay/game_00.030
0x002C7278	func_002C7278	gameplay/game_00.030
0x002C78B8	func_002C78B8	platform
0x002C8078	func_002C8078	gameplay/game_00.030
0x002C80D0	func_002C80D0	gameplay/game_00.030
0x002C8108	func_002C8108	gameplay/game_00.030
0x002C8138	func_002C8138	core
0x002C8258	func_002C8258	gameplay/game_00.030
0x002C8318	func_002C8318	platform
0x002C85F8	func_002C85F8	platform
0x002C88C8	func_002C88C8	platform
0x002C8BB0	func_002C8BB0	platform
0x002C8E88	func_002C8E88	gameplay/game_00.026
0x002C8FE0	func_002C8FE0	gameplay/game_00.006
0x002C9148	func_002C9148	gameplay/game_00.026
0x002C92C8	func_002C92C8	gameplay/game_00.030
0x002C93F8	func_002C93F8	gameplay/game_00.030
0x002C97A8	func_002C97A8	platform
0x002C9AF8	func_002C9AF8	gameplay/game_00.030
0x002C9B08	func_002C9B08	gameplay/game_00.030
0x002C9B60	func_002C9B60	gameplay/game_00.030
0x002C9B90	func_002C9B90	gameplay/game_00.033
0x002C9C10	func_002C9C10	gameplay/game_00.033
0x002C9CC8	func_002C9CC8	gameplay/game_00.033
0x002CA0D0	func_002CA0D0	gameplay/game_00.033
0x002CA1E8	func_002CA1E8	gameplay/game_00.033
0x002CA438	func_002CA438	gameplay/game_00.033
0x002CA558	func_002CA558	gameplay/game_00.033
0x002CA848	func_002CA848	gameplay/game_00.033
0x002CA940	func_002CA940	platform
0x002CAFE0	func_002CAFE0	gameplay/game_00.033
0x002CC008	func_002CC008	gameplay/game_00.033
0x002CC098	func_002CC098	gameplay/game_00.033
0x002CC0E0	func_002CC0E0	gameplay/game_00.033
0x002CC0E8	func_002CC0E8	gameplay/game_00.033
0x002CC130	func_002CC130	gameplay/game_00.033
0x002CC1A0	func_002CC1A0	gameplay/game_00.033
0x002CC260	func_002CC260	gameplay/game_00.033
0x002CC268	func_002CC268	gameplay/game_00.033
0x002CC2A0	func_002CC2A0	gameplay/game_00.033
0x002CC2C0	func_002CC2C0	gameplay/game_00.033
0x002CC310	func_002CC310	gameplay/game_00.033
0x002CC400	func_002CC400	gameplay/game_00.033
0x002CC4A8	func_002CC4A8	gameplay/game_00.033
0x002CC4C0	func_002CC4C0	gameplay/game_00.033
0x002CC580	func_002CC580	gameplay/game_00.033
0x002CC588	func_002CC588	gameplay/game_00.033
0x002CC720	func_002CC720	platform
0x002CCB60	func_002CCB60	gameplay/game_00.033
0x002CD028	func_002CD028	gameplay/game_00.033
0x002CD0A8	func_002CD0A8	gameplay/game_00.033
0x002CD0C8	func_002CD0C8	gameplay/game_00.033
0x002CD0D0	func_002CD0D0	gameplay/game_00.033
0x002CD158	func_002CD158	gameplay/game_00.033
0x002CD160	func_002CD160	gameplay/game_00.033
0x002CD170	func_002CD170	gameplay/game_00.033
0x002CD1B0	func_002CD1B0	gameplay/game_00.033
0x002CD1D8	func_002CD1D8	gameplay/game_00.033
0x002CD258	func_002CD258	gameplay/game_00.033
0x002CD260	func_002CD260	gameplay/game_00.030
0x002CD6C8	func_002CD6C8	gameplay/game_00.030
0x002CD948	func_002CD948	gameplay/game_00.030
0x002CD958	func_002CD958	gameplay/game_00.030
0x002CDA88	func_002CDA88	gameplay/game_00.030
0x002CDBB0	func_002CDBB0	gameplay/game_00.030
0x002CDCB0	func_002CDCB0	gameplay/game_00.030
0x002CDCD0	func_002CDCD0	gameplay/game_00.030
0x002CDD00	func_002CDD00	gameplay/game_00.030
0x002CDD50	func_002CDD50	gameplay/game_00.030
0x002CDD80	func_002CDD80	gameplay/game_00.030
0x002CDE10	func_002CDE10	gameplay/game_00.030
0x002CDE80	func_002CDE80	gameplay/game_00.030
0x002CDE88	func_002CDE88	gameplay/game_00.033
0x002CE208	func_002CE208	gameplay/game_00.033
0x002CEC28	func_002CEC28	gameplay/game_00.033
0x002CEC70	func_002CEC70	gameplay/game_00.033
0x002CECE0	func_002CECE0	gameplay/game_00.033
0x002CECE8	func_002CECE8	gameplay/game_00.033
0x002CED80	func_002CED80	gameplay/game_00.033
0x002CED98	func_002CED98	gameplay/game_00.033
0x002CEF28	func_002CEF28	gameplay/game_00.033
0x002CEF48	func_002CEF48	gameplay/game_00.033
0x002CEFB0	func_002CEFB0	gameplay/game_00.033
0x002CF068	func_002CF068	gameplay/game_00.032
0x002CF148	func_002CF148	gameplay/game_00.032
0x002CF160	func_002CF160	gameplay/game_00.032
0x002CF178	func_002CF178	gameplay/game_00.032
0x002CF190	func_002CF190	gameplay/game_00.030
0x002CF210	func_002CF210	gameplay/game_00.030
0x002CF290	func_002CF290	gameplay/game_00.030
0x002CF310	func_002CF310	gameplay/game_00.030
0x002CF330	func_002CF330	gameplay/game_00.030
0x002CF350	func_002CF350	gameplay/game_00.030
0x002CF370	func_002CF370	gameplay/game_00.030
0x002CF380	func_002CF380	gameplay/game_00.030
0x002CF3C0	func_002CF3C0	gameplay/game_00.034
0x002CF448	func_002CF448	gameplay/game_00.034
0x002CF4E0	func_002CF4E0	gameplay/game_00.034
0x002CF568	func_002CF568	gameplay/game_00.034
0x002CF638	func_002CF638	gameplay/game_00.034
0x002CF6A0	func_002CF6A0	gameplay/game_00.034
0x002CFA30	func_002CFA30	gameplay/game_00.019
0x002CFC00	func_002CFC00	gameplay/game_00.019
0x002CFDF0	func_002CFDF0	gameplay/game_00.019
0x002D0170	func_002D0170	gameplay/game_00.019
0x002D0360	func_002D0360	gameplay/game_00.019
0x002D0620	func_002D0620	gameplay/game_00.019
0x002D0630	func_002D0630	gameplay/game_00.032
0x002D0668	func_002D0668	gameplay/game_00.026
0x002D08A0	func_002D08A0	gameplay/game_00.019
0x002D09B0	func_002D09B0	gameplay/game_00.019
0x002D0B70	func_002D0B70	gameplay/game_00.007
0x002D0B98	func_002D0B98	gameplay/game_00.034
0x002D0C18	func_002D0C18	gameplay/game_00.034
0x002D0C80	func_002D0C80	gameplay/game_00.034
0x002D0D58	func_002D0D58	gameplay/game_00.034
0x002D0D80	func_002D0D80	gameplay/game_00.019
0x002D0DC8	func_002D0DC8	gameplay/game_00.019
0x002D0E70	func_002D0E70	gameplay/game_00.019
0x002D0E98	func_002D0E98	gameplay/game_00.019
0x002D0FF0	func_002D0FF0	gameplay/game_00.019
0x002D1000	func_002D1000	gameplay/game_00.019
0x002D1010	func_002D1010	gameplay/game_00.019
0x002D1048	func_002D1048	gameplay/game_00.019
0x002D1090	func_002D1090	gameplay/game_00.019
0x002D1140	func_002D1140	gameplay/game_00.019
0x002D11E0	func_002D11E0	gameplay/game_00.019
0x002D12B0	func_002D12B0	gameplay/game_00.004
0x002D1378	func_002D1378	gameplay/game_00.004
0x002D13D0	func_002D13D0	gameplay/game_00.004
0x002D1410	func_002D1410	gameplay/game_00.004
0x002D17B8	func_002D17B8	gameplay/game_00.004
0x002D1AB0	func_002D1AB0	gameplay/game_00.004
0x002D1C70	func_002D1C70	gameplay/game_00.004
0x002D1E40	func_002D1E40	gameplay/game_00.004
0x002D1E60	func_002D1E60	gameplay/game_00.029
0x002D2040	func_002D2040	gameplay/game_00.029
0x002D22C8	func_002D22C8	gameplay/game_00.029
0x002D2368	func_002D2368	gameplay/game_00.029
0x002D23C8	func_002D23C8	gameplay/game_00.029
0x002D2538	func_002D2538	gameplay/game_00.029
0x002D2608	func_002D2608	gameplay/game_00.029
0x002D2658	func_002D2658	gameplay/game_00.004
0x002D26F0	func_002D26F0	gameplay/game_00.026
0x002D2840	func_002D2840	gameplay/game_00.026
0x002D2950	func_002D2950	gameplay/game_00.026
0x002D3180	func_002D3180	gameplay/game_00.026
0x002D3640	func_002D3640	gameplay/game_00.026
0x002D3B10	func_002D3B10	gameplay/game_00.026
0x002D3C60	func_002D3C60	gameplay/game_00.026
0x002D3D80	func_002D3D80	gameplay/game_00.026
0x002D3E80	func_002D3E80	gameplay/game_00.026
0x002D3E98	func_002D3E98	gameplay/game_00.026
0x002D3F38	func_002D3F38	gameplay/game_00.026
0x002D41C0	func_002D41C0	gameplay/game_00.026
0x002D4528	func_002D4528	gameplay/game_00.026
0x002D46D8	func_002D46D8	gameplay/game_00.026
0x002D4728	func_002D4728	gameplay/game_00.026
0x002D4748	func_002D4748	gameplay/game_00.026
0x002D47F0	func_002D47F0	gameplay/game_00.026
0x002D4840	func_002D4840	gameplay/game_00.026
0x002D4A58	func_002D4A58	gameplay/game_00.026
0x002D4AE8	func_002D4AE8	gameplay/game_00.019
0x002D4AF0	func_002D4AF0	gameplay/game_00.007
0x002D4B00	func_002D4B00	gameplay/game_00.026
0x002D4D68	func_002D4D68	gameplay/game_00.026
0x002D4DC8	func_002D4DC8	gameplay/game_00.026
0x002D4E78	func_002D4E78	gameplay/game_00.026
0x002D4F08	func_002D4F08	gameplay/game_00.026
0x002D4FB8	func_002D4FB8	gameplay/game_00.026
0x002D5048	func_002D5048	gameplay/game_00.026
0x002D50D8	func_002D50D8	gameplay/game_00.026
0x002D5150	func_002D5150	gameplay/game_00.034
0x002D5328	func_002D5328	gameplay/game_00.034
0x002D5398	func_002D5398	gameplay/game_00.034
0x002D5570	func_002D5570	gameplay/game_00.034
0x002D55C0	func_002D55C0	gameplay/game_00.034
0x002D55E8	func_002D55E8	gameplay/game_00.034
0x002D5620	func_002D5620	gameplay/game_00.034
0x002D5678	func_002D5678	gameplay/game_00.034
0x002D56D8	func_002D56D8	gameplay/game_00.034
0x002D5778	func_002D5778	gameplay/game_00.034
0x002D5780	func_002D5780	gameplay/game_00.034
0x002D5788	func_002D5788	gameplay/game_00.034
0x002D5790	func_002D5790	gameplay/game_00.034
0x002D5798	func_002D5798	gameplay/game_00.034
0x002D57A8	func_002D57A8	gameplay/game_00.034
0x002D5830	func_002D5830	gameplay/game_00.034
0x002D5988	func_002D5988	platform
0x002D5B10	func_002D5B10	gameplay/game_00.034
0x002D5C50	func_002D5C50	gameplay/game_00.034
0x002D5DC0	func_002D5DC0	gameplay/game_00.034
0x002D5EB0	func_002D5EB0	platform
0x002D5F08	func_002D5F08	gameplay/game_00.034
0x002D5F58	func_002D5F58	gameplay/game_00.034
0x002D5FA8	func_002D5FA8	gameplay/game_00.025
0x002D6080	func_002D6080	gameplay/game_00.025
0x002D6108	func_002D6108	gameplay/game_00.025
0x002D6130	func_002D6130	gameplay/game_00.034
0x002D6178	func_002D6178	gameplay/game_00.034
0x002D6190	func_002D6190	gameplay/game_00.034
0x002D61B8	func_002D61B8	platform
0x002D6220	func_002D6220	platform
0x002D62D8	func_002D62D8	gameplay/game_00.034
0x002D62F8	func_002D62F8	gameplay/game_00.034
0x002D63B0	func_002D63B0	gameplay/game_00.034
0x002D6448	func_002D6448	gameplay/game_00.034
0x002D6450	func_002D6450	gameplay/game_00.034
0x002D6458	func_002D6458	gameplay/game_00.034
0x002D64E8	func_002D64E8	gameplay/game_00.034
0x002D6590	func_002D6590	gameplay/game_00.034
0x002D65E8	func_002D65E8	gameplay/game_00.034
0x002D66A0	func_002D66A0	gameplay/game_00.034
0x002D6710	func_002D6710	platform
0x002D68B0	func_002D68B0	gameplay/game_00.034
0x002D68C0	func_002D68C0	gameplay/game_00.034
0x002D68E0	func_002D68E0	gameplay/game_00.034
0x002D6B10	func_002D6B10	gameplay/game_00.028
0x002D7310	func_002D7310	gameplay/game_00.028
0x002D8880	func_002D8880	gameplay/game_00.005
0x002D8C80	func_002D8C80	gameplay/game_00.005
0x002D8DF8	func_002D8DF8	gameplay/game_00.019
0x002D8F00	func_002D8F00	gameplay/game_00.019
0x002D9058	func_002D9058	gameplay/game_00.019
0x002D9090	func_002D9090	gameplay/game_00.019
0x002D9110	func_002D9110	gameplay/game_00.019
0x002D9190	func_002D9190	gameplay/game_00.019
0x002D9210	func_002D9210	gameplay/game_00.005
0x002D9590	func_002D9590	gameplay/game_00.005
0x002D9A18	func_002D9A18	gameplay/game_00.005
0x002D9BF8	func_002D9BF8	gameplay/game_00.019
0x002D9CB8	func_002D9CB8	gameplay/game_00.019
0x002D9D18	func_002D9D18	gameplay/game_00.019
0x002D9E60	func_002D9E60	gameplay/game_00.025
0x002D9E70	func_002D9E70	gameplay/game_00.025
0x002D9EB8	func_002D9EB8	core
0x002DA0C8	func_002DA0C8	gameplay/game_00.025
0x002DA240	func_002DA240	core
0x002DA298	func_002DA298	core
0x002DA330	func_002DA330	core
0x002DA358	func_002DA358	gameplay/game_00.026
0x002DA380	func_002DA380	core
0x002DA3D0	func_002DA3D0	core
0x002DA420	func_002DA420	gameplay/game_00.026
0x002DA470	func_002DA470	gameplay/game_00.025
0x002DA598	func_002DA598	gameplay/game_00.025
0x002DA5B0	func_002DA5B0	gameplay/game_00.025
0x002DA5C8	func_002DA5C8	core
0x002DA608	func_002DA608	gameplay/game_00.025
0x002DA638	func_002DA638	gameplay/game_00.025
0x002DA650	func_002DA650	gameplay/game_00.025
0x002DA690	func_002DA690	core
0x002DA6F8	func_002DA6F8	gameplay/game_00.026
0x002DA800	func_002DA800	gameplay/game_00.026
0x002DA868	func_002DA868	gameplay/game_00.026
0x002DA890	func_002DA890	gameplay/game_00.026
0x002DA8A0	func_002DA8A0	gameplay/game_00.026
0x002DA930	func_002DA930	gameplay/game_00.026
0x002DA938	func_002DA938	gameplay/game_00.026
0x002DA958	func_002DA958	gameplay/game_00.026
0x002DA970	func_002DA970	gameplay/game_00.026
0x002DAA78	func_002DAA78	gameplay/game_00.026
0x002DAB98	func_002DAB98	gameplay/game_00.026
0x002DABA0	func_002DABA0	gameplay/game_00.026
0x002DABA8	func_002DABA8	gameplay/game_00.026
0x002DAC28	func_002DAC28	gameplay/game_00.026
0x002DAC30	func_002DAC30	gameplay/game_00.026
0x002DAC48	func_002DAC48	gameplay/game_00.019
0x002DAEA8	func_002DAEA8	gameplay/game_00.019
0x002DB368	func_002DB368	gameplay/game_00.019
0x002DB598	func_002DB598	gameplay/game_00.019
0x002DB710	func_002DB710	gameplay/game_00.019
0x002DB9E8	func_002DB9E8	gameplay/game_00.025
0x002DBC08	func_002DBC08	platform
0x002DBE90	func_002DBE90	gameplay/game_00.019
0x002DC008	func_002DC008	gameplay/game_00.019
0x002DC248	func_002DC248	gameplay/game_00.019
0x002DC408	func_002DC408	gameplay/game_00.019
0x002DC438	func_002DC438	gameplay/game_00.019
0x002DC468	func_002DC468	gameplay/game_00.019
0x002DC478	func_002DC478	gameplay/game_00.019
0x002DC4B0	func_002DC4B0	gameplay/game_00.019
0x002DC540	func_002DC540	platform
0x002DC5C0	func_002DC5C0	platform
0x002DC780	func_002DC780	gameplay/game_00.019
0x002DC7A0	func_002DC7A0	gameplay/game_00.019
0x002DC898	func_002DC898	gameplay/game_00.019
0x002DC8B8	func_002DC8B8	gameplay/game_00.019
0x002DC8D8	func_002DC8D8	gameplay/game_00.025
0x002DC958	func_002DC958	gameplay/game_00.025
0x002DCA00	func_002DCA00	gameplay/game_00.025
0x002DCA98	func_002DCA98	gameplay/game_00.023
0x002DCB48	func_002DCB48	gameplay/game_00.023
0x002DCB68	func_002DCB68	gameplay/game_00.023
0x002DCB98	func_002DCB98	gameplay/game_00.019
0x002DCC50	func_002DCC50	gameplay/game_00.019
0x002DCCB8	func_002DCCB8	gameplay/game_render.002
0x002DD020	func_002DD020	core
0x002DD390	func_002DD390	gameplay/game_render.002
0x002DD638	func_002DD638	gameplay/game_render.002
0x002DD7F0	func_002DD7F0	gameplay/game_render.002
0x002DD800	func_002DD800	core
0x002DD8D8	func_002DD8D8	gameplay/game_render.002
0x002DD8F8	func_002DD8F8	gameplay/game_render.002
0x002DD900	func_002DD900	gameplay/game_render.002
0x002DDA98	func_002DDA98	gameplay/game_render.002
0x002DDC10	func_002DDC10	gameplay/game_00.032
0x002DDE60	func_002DDE60	gameplay/game_00.032
0x002DDEB0	func_002DDEB0	gameplay/game_00.032
0x002DDFB0	func_002DDFB0	gameplay/game_00.032
0x002DDFB8	func_002DDFB8	gameplay/game_00.032
0x002DE078	func_002DE078	gameplay/game_00.032
0x002DE3E8	func_002DE3E8	gameplay/game_00.033
0x002DE408	func_002DE408	gameplay/game_00.033
0x002DE428	func_002DE428	gameplay/game_00.033
0x002DE448	func_002DE448	gameplay/game_00.033
0x002DE580	func_002DE580	gameplay/game_00.033
0x002DE778	func_002DE778	gameplay/game_00.033
0x002DE880	func_002DE880	gameplay/game_00.033
0x002DE9A0	func_002DE9A0	gameplay/game_00.033
0x002DE9B8	func_002DE9B8	gameplay/game_00.033
0x002DEA08	func_002DEA08	gameplay/game_00.025
0x002DEAA8	func_002DEAA8	gameplay/game_00.006
0x002DEB30	func_002DEB30	gameplay/game_00.033
0x002DEBB0	func_002DEBB0	gameplay/game_00.034
0x002DEE28	func_002DEE28	core
0x002DEFB8	func_002DEFB8	core
0x002DF1B0	func_002DF1B0	gameplay/game_00.025
0x002DF2E8	func_002DF2E8	gameplay/game_00.034
0x002DF2F8	func_002DF2F8	gameplay/game_00.034
0x002DF3A8	func_002DF3A8	gameplay/game_00.034
0x002DF4B8	func_002DF4B8	gameplay/game_00.034
0x002DF530	func_002DF530	gameplay/game_00.034
0x002DF588	func_002DF588	gameplay/game_00.025
0x002DF718	func_002DF718	gameplay/game_00.032
0x002DF758	func_002DF758	gameplay/game_00.032
0x002DF790	func_002DF790	gameplay/game_00.032
0x002DF7C8	func_002DF7C8	gameplay/game_00.025
0x002DF908	func_002DF908	gameplay/game_00.025
0x002DF9B0	func_002DF9B0	core
0x002DFA28	func_002DFA28	gameplay/game_00.025
0x002DFA98	func_002DFA98	gameplay/game_00.032
0x002DFBC8	func_002DFBC8	gameplay/game_00.032
0x002DFF28	func_002DFF28	gameplay/game_00.032
0x002DFF78	func_002DFF78	gameplay/game_00.032
0x002DFF88	func_002DFF88	gameplay/game_00.032
0x002DFFD0	func_002DFFD0	gameplay/game_00.032
0x002E0000	func_002E0000	core
0x002E0098	func_002E0098	core
0x002E00F8	func_002E00F8	gameplay/game_00.025
0x002E0168	func_002E0168	gameplay/game_00.005
0x002E01B0	func_002E01B0	gameplay/game_00.005
0x002E01B8	func_002E01B8	gameplay/game_00.005
0x002E01C0	func_002E01C0	gameplay/game_00.005
0x002E01C8	func_002E01C8	gameplay/game_00.005
0x002E0290	func_002E0290	gameplay/game_00.019
0x002E02C0	func_002E02C0	gameplay/game_00.019
0x002E02E0	func_002E02E0	gameplay/game_00.019
0x002E0390	func_002E0390	gameplay/game_00.030
0x002E03D0	func_002E03D0	gameplay/game_00.025
0x002E0410	func_002E0410	gameplay/game_00.025
0x002E0450	func_002E0450	gameplay/game_00.025
0x002E0490	func_002E0490	gameplay/game_00.025
0x002E0510	func_002E0510	gameplay/game_00.023
0x002E0568	func_002E0568	gameplay/game_00.023
0x002E0580	func_002E0580	gameplay/game_00.023
0x002E05D8	func_002E05D8	gameplay/game_00.033
0x002E07F0	func_002E07F0	gameplay/game_00.033
0x002E0888	func_002E0888	gameplay/game_00.033
0x002E0A58	func_002E0A58	gameplay/game_00.033
0x002E0AD8	func_002E0AD8	gameplay/game_00.033
0x002E0C08	func_002E0C08	gameplay/game_00.033
0x002E0F70	func_002E0F70	gameplay/game_00.033
0x002E0FC8	func_002E0FC8	gameplay/game_00.033
0x002E0FD0	func_002E0FD0	gameplay/game_00.033
0x002E1020	func_002E1020	gameplay/game_00.033
0x002E10D8	func_002E10D8	gameplay/game_00.033
0x002E1198	func_002E1198	gameplay/game_00.033
0x002E1210	func_002E1210	gameplay/game_00.033
0x002E1268	func_002E1268	gameplay/game_00.033
0x002E1278	func_002E1278	gameplay/game_00.033
0x002E12D8	func_002E12D8	gameplay/game_00.033
0x002E1318	func_002E1318	gameplay/game_00.025
0x002E13D8	func_002E13D8	gameplay/game_00.025
0x002E13E0	func_002E13E0	gameplay/game_00.025
0x002E1478	func_002E1478	gameplay/game_00.025
0x002E14D0	func_002E14D0	gameplay/game_00.025
0x002E14F0	func_002E14F0	gameplay/game_00.025
0x002E1570	func_002E1570	gameplay/game_00.032
0x002E1678	func_002E1678	gameplay/game_00.025
0x002E1A70	func_002E1A70	gameplay/game_00.032
0x002E1A78	func_002E1A78	gameplay/game_00.025
0x002E1AA0	func_002E1AA0	gameplay/game_00.025
0x002E1AD8	func_002E1AD8	gameplay/game_00.025
0x002E1B78	func_002E1B78	gameplay/game_00.029
0x002E1BE8	func_002E1BE8	gameplay/game_00.029
0x002E1C30	func_002E1C30	gameplay/game_00.029
0x002E1C78	func_002E1C78	gameplay/game_00.029
0x002E1CB0	func_002E1CB0	gameplay/game_00.029
0x002E1CE8	func_002E1CE8	gameplay/game_00.029
0x002E1D30	func_002E1D30	gameplay/game_00.025
0x002E1D38	func_002E1D38	gameplay/game_00.025
0x002E1E28	func_002E1E28	gameplay/game_00.026
0x002E1E60	func_002E1E60	gameplay/game_00.026
0x002E1F00	func_002E1F00	gameplay/game_00.026
0x002E1F88	func_002E1F88	gameplay/game_00.006
0x002E20A0	func_002E20A0	gameplay/game_00.032
0x002E20D8	func_002E20D8	gameplay/game_00.032
0x002E2100	func_002E2100	gameplay/game_00.025
0x002E2128	func_002E2128	gameplay/game_00.025
0x002E2228	func_002E2228	gameplay/game_00.025
0x002E22D0	func_002E22D0	gameplay/game_00.025
0x002E25C0	func_002E25C0	gameplay/game_00.025
0x002E2910	func_002E2910	gameplay/game_00.025
0x002E2918	func_002E2918	gameplay/game_00.032
0x002E2950	func_002E2950	gameplay/game_00.032
0x002E2978	func_002E2978	gameplay/game_00.025
0x002E2A70	func_002E2A70	gameplay/game_00.025
0x002E2AB0	func_002E2AB0	gameplay/game_00.025
0x002E2AF0	func_002E2AF0	gameplay/game_00.025
0x002E2B88	func_002E2B88	gameplay/game_00.025
0x002E2BE0	func_002E2BE0	gameplay/game_00.025
0x002E2D28	func_002E2D28	gameplay/game_00.025
0x002E2F68	func_002E2F68	gameplay/game_00.007
0x002E30F0	func_002E30F0	gameplay/game_00.007
0x002E33D8	func_002E33D8	gameplay/game_00.032
0x002E3410	func_002E3410	gameplay/game_00.032
0x002E3438	func_002E3438	gameplay/game_00.025
0x002E3498	func_002E3498	gameplay/game_00.032
0x002E34D0	func_002E34D0	gameplay/game_00.032
0x002E34F8	func_002E34F8	gameplay/game_00.007
0x002E3570	func_002E3570	gameplay/game_00.025
0x002E3648	func_002E3648	gameplay/game_00.025
0x002E36D8	func_002E36D8	gameplay/game_00.025
0x002E36F0	func_002E36F0	gameplay/game_00.025
0x002E37C8	func_002E37C8	gameplay/game_00.025
0x002E37F0	func_002E37F0	gameplay/game_00.025
0x002E40B8	func_002E40B8	gameplay/game_00.025
0x002E4290	func_002E4290	gameplay/game_00.025
0x002E47D0	func_002E47D0	gameplay/game_00.025
0x002E49A8	func_002E49A8	gameplay/game_00.006
0x002E4AF8	func_002E4AF8	gameplay/game_00.006
0x002E4C58	func_002E4C58	gameplay/game_00.006
0x002E4C78	func_002E4C78	gameplay/game_00.006
0x002E4C98	func_002E4C98	gameplay/game_00.006
0x002E4CD0	func_002E4CD0	gameplay/game_00.006
0x002E4D00	func_002E4D00	gameplay/game_00.006
0x002E4D10	func_002E4D10	gameplay/game_00.006
0x002E4D70	func_002E4D70	gameplay/game_00.006
0x002E4DB8	func_002E4DB8	gameplay/game_00.006
0x002E4E20	func_002E4E20	gameplay/game_00.006
0x002E4F30	func_002E4F30	gameplay/game_00.006
0x002E5000	func_002E5000	gameplay/game_00.006
0x002E50D0	func_002E50D0	gameplay/game_00.032
0x002E5118	func_002E5118	gameplay/game_00.032
0x002E5140	func_002E5140	gameplay/game_00.011
0x002E5148	func_002E5148	gameplay/game_00.011
0x002E51D0	func_002E51D0	gameplay/game_00.011
0x002E5238	func_002E5238	gameplay/game_00.011
0x002E52B8	func_002E52B8	gameplay/game_00.025
0x002E5328	func_002E5328	gameplay/game_00.032
0x002E5380	func_002E5380	gameplay/game_00.032
0x002E53E0	func_002E53E0	gameplay/game_00.032
0x002E55D0	func_002E55D0	gameplay/game_00.032
0x002E5620	func_002E5620	gameplay/game_00.032
0x002E5660	func_002E5660	gameplay/game_00.032
0x002E56D0	func_002E56D0	gameplay/game_00.023
0x002E5740	func_002E5740	gameplay/game_00.023
0x002E57A8	func_002E57A8	gameplay/game_00.023
0x002E5818	func_002E5818	gameplay/game_00.023
0x002E5888	func_002E5888	gameplay/game_00.023
0x002E58F0	func_002E58F0	gameplay/game_00.023
0x002E59B8	func_002E59B8	gameplay/game_00.023
0x002E5AC8	func_002E5AC8	gameplay/game_00.023
0x002E5B50	func_002E5B50	gameplay/game_00.023
0x002E5C90	func_002E5C90	gameplay/game_00.026
0x002E5CA0	func_002E5CA0	gameplay/game_00.032
0x002E5DD8	func_002E5DD8	gameplay/game_00.032
0x002E5E18	func_002E5E18	gameplay/game_00.017
0x002E5E40	func_002E5E40	gameplay/game_00.032
0x002E5E88	func_002E5E88	gameplay/game_00.023
0x002E5F40	func_002E5F40	gameplay/game_00.023
0x002E5FC8	func_002E5FC8	gameplay/game_00.023
0x002E6040	func_002E6040	gameplay/game_00.007
0x002E6050	func_002E6050	gameplay/game_00.007
0x002E6158	func_002E6158	gameplay/game_00.032
0x002E6160	func_002E6160	gameplay/game_00.025
0x002E6188	func_002E6188	gameplay/game_00.025
0x002E61C0	func_002E61C0	gameplay/game_00.025
0x002E6310	func_002E6310	gameplay/game_00.006
0x002E63E8	func_002E63E8	gameplay/game_00.006
0x002E6460	func_002E6460	gameplay/game_00.006
0x002E64E0	func_002E64E0	gameplay/game_00.006
0x002E6560	func_002E6560	gameplay/game_00.019
0x002E65E0	func_002E65E0	gameplay/game_00.005
0x002E6660	func_002E6660	gameplay/game_00.019
0x002E66E0	func_002E66E0	gameplay/game_00.006
0x002E6798	func_002E6798	gameplay/game_00.025
0x002E6860	func_002E6860	gameplay/game_00.025
0x002E6908	func_002E6908	gameplay/game_00.017
0x002E6978	func_002E6978	gameplay/game_00.025
0x002E6A70	func_002E6A70	gameplay/game_00.025
0x002E6B80	func_002E6B80	gameplay/game_00.025
0x002E6C08	func_002E6C08	gameplay/game_00.017
0x002E6C10	func_002E6C10	core
0x002E6C50	func_002E6C50	core
0x002E6CB0	func_002E6CB0	gameplay/game_00.017
0x002E6CC0	func_002E6CC0	gameplay/game_00.006
0x002E6D18	func_002E6D18	gameplay/game_00.006
0x002E6DD8	func_002E6DD8	gameplay/game_00.017
0x002E6DE8	func_002E6DE8	gameplay/game_00.025
0x002E6E38	func_002E6E38	gameplay/game_00.032
0x002E6E68	func_002E6E68	gameplay/game_00.006
0x002E6EA0	func_002E6EA0	gameplay/game_00.025
0x002E6F40	func_002E6F40	gameplay/game_00.032
0x002E6F88	func_002E6F88	gameplay/game_00.032
0x002E6FB0	func_002E6FB0	gameplay/game_00.025
0x002E6FB8	func_002E6FB8	gameplay/game_00.025
0x002E7000	func_002E7000	gameplay/game_00.025
0x002E7090	func_002E7090	gameplay/game_00.025
0x002E70F8	func_002E70F8	gameplay/game_00.025
0x002E7180	func_002E7180	gameplay/game_00.025
0x002E71D8	func_002E71D8	gameplay/game_00.025
0x002E7280	func_002E7280	gameplay/game_00.023
0x002E7420	func_002E7420	gameplay/game_00.023
0x002E7550	func_002E7550	gameplay/game_00.023
0x002E7800	func_002E7800	gameplay/game_00.029
0x002E7A28	func_002E7A28	gameplay/game_00.029
0x002E7F00	func_002E7F00	gameplay/game_00.029
0x002E8208	func_002E8208	gameplay/game_00.029
0x002E8330	func_002E8330	gameplay/game_00.029
0x002E84C0	func_002E84C0	gameplay/game_00.029
0x002E8680	func_002E8680	gameplay/game_00.029
0x002E8A28	func_002E8A28	gameplay/game_00.025
0x002E8CA8	func_002E8CA8	gameplay/game_00.029
0x002E8EB0	func_002E8EB0	gameplay/game_00.029
0x002E8EC0	func_002E8EC0	gameplay/game_00.029
0x002E8ED0	func_002E8ED0	gameplay/game_00.029
0x002E8F70	func_002E8F70	gameplay/game_00.029
0x002E8FE0	func_002E8FE0	gameplay/game_00.029
0x002E90F0	func_002E90F0	gameplay/game_00.029
0x002E9140	func_002E9140	gameplay/game_00.029
0x002E9260	func_002E9260	gameplay/game_00.007
0x002E9340	func_002E9340	gameplay/game_00.007
0x002E9358	func_002E9358	gameplay/game_00.007
0x002E9438	func_002E9438	gameplay/game_00.023
0x002E9470	func_002E9470	gameplay/game_00.023
0x002E94A0	func_002E94A0	gameplay/game_00.023
0x002E94D8	func_002E94D8	gameplay/game_00.023
0x002E96C8	func_002E96C8	gameplay/game_00.023
0x002E96E0	func_002E96E0	gameplay/game_00.023
0x002E9738	func_002E9738	gameplay/game_00.032
0x002E9780	func_002E9780	gameplay/game_00.032
0x002E97A8	func_002E97A8	gameplay/game_00.029
0x002E97B0	func_002E97B0	gameplay/game_00.029
0x002E97E0	func_002E97E0	gameplay/game_00.034
0x002E9810	func_002E9810	gameplay/game_00.034
0x002E9918	func_002E9918	gameplay/game_00.034
0x002E9998	func_002E9998	gameplay/game_00.034
0x002E9A18	func_002E9A18	gameplay/game_00.034
0x002E9A70	func_002E9A70	gameplay/game_00.034
0x002E9B50	func_002E9B50	gameplay/game_00.029
0x002E9CA0	func_002E9CA0	gameplay/game_00.029
0x002E9D08	func_002E9D08	gameplay/game_00.029
0x002E9D70	func_002E9D70	gameplay/game_00.029
0x002E9E20	func_002E9E20	gameplay/game_00.029
0x002E9EC8	func_002E9EC8	gameplay/game_00.029
0x002E9FA0	func_002E9FA0	gameplay/game_00.029
0x002E9FB0	func_002E9FB0	core
0x002EA0B0	func_002EA0B0	core
0x002EA120	func_002EA120	gameplay/game_00.029
0x002EA138	func_002EA138	gameplay/game_00.029
0x002EA188	func_002EA188	gameplay/game_00.006
0x002EA228	func_002EA228	gameplay/game_00.006
0x002EA268	func_002EA268	gameplay/game_00.006
0x002EA2A8	func_002EA2A8	gameplay/game_00.006
0x002EA2E0	func_002EA2E0	gameplay/game_00.006
0x002EA358	func_002EA358	gameplay/game_00.006
0x002EA3C8	func_002EA3C8	gameplay/game_00.006
0x002EA3F0	func_002EA3F0	gameplay/game_00.006
0x002EA468	func_002EA468	gameplay/game_00.006
0x002EA498	func_002EA498	gameplay/game_00.006
0x002EA500	func_002EA500	gameplay/game_00.029
0x002EA540	func_002EA540	gameplay/game_00.029
0x002EA580	func_002EA580	gameplay/game_00.029
0x002EA5B8	func_002EA5B8	gameplay/game_00.029
0x002EA600	func_002EA600	gameplay/game_00.032
0x002EA648	func_002EA648	gameplay/game_00.032
0x002EA670	func_002EA670	gameplay/game_00.029
0x002EA678	func_002EA678	gameplay/game_00.029
0x002EA6E0	func_002EA6E0	gameplay/game_00.029
0x002EA9E0	func_002EA9E0	gameplay/game_00.029
0x002EAC60	func_002EAC60	gameplay/game_00.029
0x002EAFA8	func_002EAFA8	gameplay/game_00.029
0x002EB0C0	func_002EB0C0	gameplay/game_00.028
0x002EB2A0	func_002EB2A0	gameplay/game_00.028
0x002EB308	func_002EB308	gameplay/game_00.028
0x002EB3D0	func_002EB3D0	gameplay/game_00.028
0x002EB498	func_002EB498	gameplay/game_00.028
0x002EB520	func_002EB520	gameplay/game_00.028
0x002EB5A8	func_002EB5A8	gameplay/game_00.029
0x002EB938	func_002EB938	gameplay/game_00.029
0x002EBD78	func_002EBD78	gameplay/game_00.029
0x002EBFF0	func_002EBFF0	gameplay/game_00.029
0x002EC6D0	func_002EC6D0	gameplay/game_00.029
0x002ECC90	func_002ECC90	gameplay/game_00.025
0x002ECDD8	func_002ECDD8	gameplay/game_00.007
0x002ECF70	func_002ECF70	gameplay/game_00.007
0x002ED170	func_002ED170	gameplay/game_00.025
0x002ED190	func_002ED190	gameplay/game_00.025
0x002ED1A8	func_002ED1A8	gameplay/game_00.025
0x002ED1C8	func_002ED1C8	gameplay/game_00.025
0x002ED1E0	func_002ED1E0	gameplay/game_00.029
0x002ED200	func_002ED200	gameplay/game_00.029
0x002ED218	func_002ED218	gameplay/game_00.029
0x002ED238	func_002ED238	gameplay/game_00.029
0x002ED250	func_002ED250	gameplay/game_00.029
0x002ED290	func_002ED290	gameplay/game_00.029
0x002ED2C8	func_002ED2C8	gameplay/game_00.029
0x002ED2E8	func_002ED2E8	gameplay/game_00.029
0x002ED300	func_002ED300	gameplay/game_00.029
0x002ED318	func_002ED318	gameplay/game_00.029
0x002ED338	func_002ED338	gameplay/game_00.029
0x002ED350	func_002ED350	gameplay/game_00.029
0x002ED370	func_002ED370	gameplay/game_00.029
0x002ED410	func_002ED410	gameplay/game_00.029
0x002ED4B0	func_002ED4B0	gameplay/game_00.007
0x002ED4C0	func_002ED4C0	gameplay/game_00.007
0x002ED578	func_002ED578	gameplay/game_00.007
0x002ED618	func_002ED618	gameplay/game_00.007
0x002ED628	func_002ED628	gameplay/game_00.029
0x002ED6B0	func_002ED6B0	core
0x002ED760	func_002ED760	gameplay/game_00.024
0x002ED7B0	func_002ED7B0	gameplay/game_00.024
0x002ED800	func_002ED800	gameplay/game_00.024
0x002ED838	func_002ED838	gameplay/game_00.024
0x002ED928	func_002ED928	gameplay/game_00.024
0x002ED940	func_002ED940	gameplay/game_00.007
0x002ED960	func_002ED960	gameplay/game_00.007
0x002ED9D0	func_002ED9D0	gameplay/game_00.007
0x002EDA48	func_002EDA48	gameplay/game_00.032
0x002EDA90	func_002EDA90	gameplay/game_00.032
0x002EDAD8	func_002EDAD8	gameplay/game_00.032
0x002EDB00	func_002EDB00	gameplay/game_00.032
0x002EDB28	func_002EDB28	gameplay/game_00.029
0x002EDB30	func_002EDB30	gameplay/game_00.029
0x002EDB38	func_002EDB38	gameplay/game_00.029
0x002EDBD8	func_002EDBD8	gameplay/game_00.029
0x002EDC20	func_002EDC20	gameplay/game_00.024
0x002EDCA8	func_002EDCA8	gameplay/game_00.006
0x002EDD18	func_002EDD18	gameplay/game_00.006
0x002EDD48	func_002EDD48	gameplay/game_00.023
0x002EE068	func_002EE068	gameplay/game_00.023
0x002EE4F0	func_002EE4F0	gameplay/game_00.023
0x002EE910	func_002EE910	gameplay/game_00.023
0x002EED00	func_002EED00	gameplay/game_00.023
0x002EF120	func_002EF120	gameplay/game_00.023
0x002EF598	func_002EF598	gameplay/game_00.023
0x002EF7D0	func_002EF7D0	gameplay/game_00.023
0x002EF9C0	func_002EF9C0	gameplay/game_00.023
0x002EFC58	func_002EFC58	gameplay/game_00.023
0x002EFE08	func_002EFE08	gameplay/game_00.023
0x002EFFA8	func_002EFFA8	gameplay/game_00.023
0x002F0140	func_002F0140	gameplay/game_00.023
0x002F03E0	func_002F03E0	gameplay/game_00.023
0x002F0618	func_002F0618	gameplay/game_00.023
0x002F0950	func_002F0950	gameplay/game_00.023
0x002F0C68	func_002F0C68	gameplay/game_00.023
0x002F0E88	func_002F0E88	gameplay/game_00.023
0x002F10B8	func_002F10B8	gameplay/game_00.023
0x002F13F0	func_002F13F0	gameplay/game_00.029
0x002F1528	func_002F1528	gameplay/game_00.029
0x002F1638	func_002F1638	gameplay/game_00.029
0x002F1780	func_002F1780	gameplay/game_00.029
0x002F18A8	func_002F18A8	gameplay/game_00.029
0x002F19A0	func_002F19A0	gameplay/game_00.029
0x002F1E80	func_002F1E80	gameplay/game_00.029
0x002F20C0	func_002F20C0	gameplay/game_00.029
0x002F2370	func_002F2370	gameplay/game_00.029
0x002F2990	func_002F2990	gameplay/game_00.029
0x002F33B8	func_002F33B8	gameplay/game_00.029
0x002F3A50	func_002F3A50	gameplay/game_00.029
0x002F3A60	func_002F3A60	gameplay/game_00.029
0x002F3A68	func_002F3A68	gameplay/game_00.029
0x002F3B90	func_002F3B90	gameplay/game_00.029
0x002F3CB0	func_002F3CB0	gameplay/game_00.029
0x002F3E88	func_002F3E88	gameplay/game_00.029
0x002F3F88	func_002F3F88	gameplay/game_00.029
0x002F40D0	func_002F40D0	gameplay/game_00.029
0x002F4118	func_002F4118	gameplay/game_00.029
0x002F4238	func_002F4238	platform
0x002F47A8	func_002F47A8	platform
0x002F4A18	func_002F4A18	platform
0x002F4E90	func_002F4E90	platform
0x002F50A8	func_002F50A8	platform
0x002F5220	func_002F5220	platform
0x002F53F0	func_002F53F0	platform
0x002F5588	func_002F5588	platform
0x002F5A88	func_002F5A88	platform
0x002F5F40	func_002F5F40	platform
0x002F60A0	func_002F60A0	platform
0x002F6308	func_002F6308	platform
0x002F6500	func_002F6500	platform
0x002F6630	func_002F6630	platform
0x002F6810	func_002F6810	platform
0x002F6B00	func_002F6B00	gameplay/game_00.023
0x002F6B08	func_002F6B08	gameplay/game_00.023
0x002F6B10	func_002F6B10	gameplay/game_00.023
0x002F6B88	func_002F6B88	core
0x002F6C28	func_002F6C28	gameplay/game_00.023
0x002F6D08	func_002F6D08	platform
0x002F6DF0	func_002F6DF0	platform
0x002F6E88	func_002F6E88	gameplay/game_00.023
0x002F6ED0	func_002F6ED0	gameplay/game_00.023
0x002F6F10	func_002F6F10	platform
0x002F6F78	func_002F6F78	platform
0x002F7A10	func_002F7A10	gameplay/game_00.023
0x002F7E20	func_002F7E20	platform
0x002F8018	func_002F8018	platform
0x002F8A18	func_002F8A18	platform
0x002F8E98	func_002F8E98	gameplay/game_00.023
0x002F9418	func_002F9418	gameplay/game_00.023
0x002FA718	func_002FA718	platform
0x002FC258	func_002FC258	platform
0x002FC6D0	func_002FC6D0	gameplay/game_00.023
0x002FCA78	func_002FCA78	gameplay/game_00.006
0x002FCC90	func_002FCC90	gameplay/game_00.006
0x002FCF78	func_002FCF78	gameplay/game_00.006
0x002FD330	func_002FD330	gameplay/game_00.006
0x002FD610	func_002FD610	gameplay/game_00.006
0x002FD9C0	func_002FD9C0	platform
0x002FE290	func_002FE290	platform
0x002FE4A0	func_002FE4A0	gameplay/game_00.025
0x002FE788	func_002FE788	platform
0x002FEAD0	func_002FEAD0	gameplay/game_00.025
0x002FEBC0	func_002FEBC0	gameplay/game_00.029
0x002FEDF0	func_002FEDF0	platform
0x002FEF68	func_002FEF68	gameplay/game_00.023
0x002FF0A0	func_002FF0A0	platform
0x002FF390	func_002FF390	gameplay/game_00.023
0x002FF480	func_002FF480	platform
0x002FFBA0	func_002FFBA0	gameplay/game_00.023
0x002FFEF8	func_002FFEF8	platform
0x00300C08	func_00300C08	gameplay/game_00.023
0x00300F38	func_00300F38	platform
0x00301070	func_00301070	gameplay/game_00.023
0x003011A0	func_003011A0	gameplay/game_00.023
0x00301380	func_00301380	gameplay/game_00.023
0x00301570	func_00301570	gameplay/game_00.023
0x00301648	func_00301648	gameplay/game_00.023
0x00301D58	func_00301D58	gameplay/game_00.023
0x00301D68	func_00301D68	gameplay/game_00.023
0x00301DC0	func_00301DC0	gameplay/game_00.023
0x00301DD0	func_00301DD0	gameplay/game_00.023
0x00301E00	func_00301E00	gameplay/game_00.023
0x00301E50	func_00301E50	gameplay/game_00.023
0x00301E88	func_00301E88	gameplay/game_00.023
0x00301EA0	func_00301EA0	gameplay/game_00.023
0x00301F08	func_00301F08	gameplay/game_00.023
0x00301F48	func_00301F48	gameplay/game_00.023
0x00301FB0	func_00301FB0	gameplay/game_00.023
0x00301FE0	func_00301FE0	gameplay/game_00.023
0x00302010	func_00302010	gameplay/game_00.023
0x00302020	func_00302020	gameplay/game_00.007
0x00302090	func_00302090	gameplay/game_00.007
0x003020D8	func_003020D8	gameplay/game_00.007
0x00302130	func_00302130	gameplay/game_00.007
0x00302160	func_00302160	gameplay/game_00.017
0x00302170	func_00302170	gameplay/game_00.017
0x00302178	func_00302178	gameplay/game_00.017
0x00302188	func_00302188	gameplay/game_00.021
0x00302190	func_00302190	gameplay/game_00.021
0x00302240	func_00302240	gameplay/game_00.021
0x00302248	func_00302248	gameplay/game_00.021
0x00302250	func_00302250	gameplay/game_00.032
0x00302308	func_00302308	gameplay/game_00.023
0x00302380	func_00302380	gameplay/game_00.023
0x003023D8	func_003023D8	gameplay/game_00.023
0x003023F8	func_003023F8	platform
0x003024B0	func_003024B0	gameplay/game_00.023
0x00302548	func_00302548	gameplay/game_00.023
0x00302558	func_00302558	gameplay/game_00.006
0x00302610	func_00302610	platform
0x00302710	func_00302710	gameplay/game_00.025
0x00302770	func_00302770	gameplay/game_00.025
0x00302800	func_00302800	gameplay/game_00.023
0x00302808	func_00302808	gameplay/game_00.023
0x00302810	func_00302810	platform
0x00302888	func_00302888	platform
0x003028E8	func_003028E8	platform
0x00302978	func_00302978	platform
0x003029D0	func_003029D0	platform
0x00302A58	func_00302A58	platform
0x00302CB0	func_00302CB0	platform
0x00302E28	func_00302E28	platform
0x00302F70	func_00302F70	platform
0x00303390	func_00303390	gameplay/game_00.023
0x003034D0	func_003034D0	gameplay/game_00.023
0x003036B8	func_003036B8	gameplay/game_00.023
0x00303B00	func_00303B00	platform
0x003056B8	func_003056B8	platform
0x00306D18	func_00306D18	platform
0x00308730	func_00308730	gameplay/game_00.023
0x003087A0	func_003087A0	gameplay/game_00.023
0x003087E0	func_003087E0	gameplay/game_00.023
0x00308828	func_00308828	gameplay/game_00.023
0x00308860	func_00308860	gameplay/game_00.023
0x003089E8	func_003089E8	gameplay/game_00.029
0x00309930	func_00309930	platform
0x00309DA8	func_00309DA8	platform
0x0030A140	func_0030A140	platform
0x0030A838	func_0030A838	gameplay/game_00.029
0x0030A930	func_0030A930	gameplay/game_00.029
0x0030AA18	func_0030AA18	gameplay/game_00.029
0x0030AB28	func_0030AB28	platform
0x0030ACD8	func_0030ACD8	platform
0x0030B060	func_0030B060	platform
0x0030B350	func_0030B350	platform
0x0030B3B8	func_0030B3B8	platform
0x0030B750	func_0030B750	platform
0x0030B8B8	func_0030B8B8	platform
0x0030BA68	func_0030BA68	platform
0x0030BDF8	func_0030BDF8	platform
0x0030C190	func_0030C190	platform
0x0030C418	func_0030C418	platform
0x0030C6C8	func_0030C6C8	platform
0x0030C950	func_0030C950	platform
0x0030CD00	func_0030CD00	platform
0x0030D0B0	func_0030D0B0	platform
0x0030D370	func_0030D370	platform
0x0030D640	func_0030D640	platform
0x0030D8F8	func_0030D8F8	gameplay/game_00.023
0x0030DBF8	func_0030DBF8	gameplay/game_00.023
0x0030DC48	func_0030DC48	gameplay/game_00.023
0x0030DC50	func_0030DC50	gameplay/game_00.023
0x0030DCA8	func_0030DCA8	gameplay/game_00.023
0x0030DD08	func_0030DD08	gameplay/game_00.023
0x0030DD78	func_0030DD78	gameplay/game_00.023
0x0030DDE0	func_0030DDE0	platform
0x0030E058	func_0030E058	gameplay/game_00.023
0x0030E250	func_0030E250	gameplay/game_00.023
0x0030E488	func_0030E488	platform
0x0030E7E8	func_0030E7E8	platform
0x0030F0F8	func_0030F0F8	platform
0x0030F618	func_0030F618	platform
0x0030F718	func_0030F718	gameplay/game_00.023
0x0030F848	func_0030F848	platform
0x0030FBF8	func_0030FBF8	platform
0x00310008	func_00310008	gameplay/game_00.006
0x00310208	func_00310208	gameplay/game_00.006
0x003104E0	func_003104E0	platform
0x00310728	func_00310728	gameplay/game_00.023
0x00310860	func_00310860	core
0x00310930	func_00310930	gameplay/game_00.023
0x003109D0	func_003109D0	gameplay/game_00.023
0x00310A70	func_00310A70	gameplay/game_00.023
0x00310AA0	func_00310AA0	gameplay/game_00.023
0x00310AB0	func_00310AB0	gameplay/game_00.023
0x00310AC0	func_00310AC0	gameplay/game_00.023
0x00310AD0	func_00310AD0	gameplay/game_00.023
0x00310AE0	func_00310AE0	gameplay/game_00.023
0x00310AF0	func_00310AF0	gameplay/game_00.023
0x00310B00	func_00310B00	gameplay/game_00.023
0x00310B18	func_00310B18	gameplay/game_00.023
0x00310B30	func_00310B30	gameplay/game_00.023
0x00310B50	func_00310B50	gameplay/game_00.023
0x00310BC8	func_00310BC8	gameplay/game_00.023
0x00310BE0	func_00310BE0	gameplay/game_00.023
0x00310C00	func_00310C00	gameplay/game_00.023
0x00310C20	func_00310C20	gameplay/game_00.023
0x00310C50	func_00310C50	gameplay/game_00.023
0x00310C80	func_00310C80	gameplay/game_00.023
0x00310CA8	func_00310CA8	gameplay/game_00.023
0x00310D38	func_00310D38	gameplay/game_00.023
0x00310D48	func_00310D48	gameplay/game_00.023
0x00310D50	func_00310D50	platform
0x00310F08	func_00310F08	gameplay/game_00.023
0x00310F10	func_00310F10	gameplay/game_00.030
0x003110A0	func_003110A0	core
0x00311228	func_00311228	gameplay/game_00.030
0x003114C0	func_003114C0	gameplay/game_00.030
0x00311580	func_00311580	gameplay/game_00.030
0x003115E0	func_003115E0	gameplay/game_00.017
0x003115F8	func_003115F8	gameplay/game_00.017
0x003116A0	func_003116A0	core
0x003116F0	func_003116F0	gameplay/game_00.030
0x003117E8	func_003117E8	gameplay/game_00.030
0x00311900	func_00311900	gameplay/game_00.030
0x00311918	func_00311918	gameplay/game_00.030
0x00311A18	func_00311A18	gameplay/game_00.030
0x00311A68	func_00311A68	gameplay/game_00.030
0x00311A98	func_00311A98	gameplay/game_00.030
0x00311AC0	func_00311AC0	gameplay/game_00.032
0x00311AC8	func_00311AC8	gameplay/game_00.032
0x00311AD0	func_00311AD0	gameplay/game_00.030
0x00311C78	func_00311C78	gameplay/game_00.030
0x00311F20	func_00311F20	gameplay/game_00.030
0x00312210	func_00312210	gameplay/game_00.030
0x003122C8	func_003122C8	gameplay/game_00.030
0x003126E0	func_003126E0	gameplay/game_00.030
0x00312818	func_00312818	gameplay/game_00.030
0x00312828	func_00312828	gameplay/game_00.030
0x00312888	func_00312888	gameplay/game_00.030
0x00312918	func_00312918	gameplay/game_00.030
0x00312A58	func_00312A58	gameplay/game_00.030
0x00312A60	func_00312A60	gameplay/game_00.030
0x00312B30	func_00312B30	gameplay/game_00.030
0x00312B68	func_00312B68	gameplay/game_00.030
0x00312B78	func_00312B78	gameplay/game_00.030
0x00312C10	func_00312C10	gameplay/game_00.030
0x00312CA8	func_00312CA8	gameplay/game_00.030
0x00312D40	func_00312D40	gameplay/game_00.030
0x00312DB8	func_00312DB8	gameplay/game_00.030
0x00312E08	func_00312E08	gameplay/game_00.030
0x00312E10	func_00312E10	gameplay/game_00.030
0x00312E50	func_00312E50	gameplay/game_00.030
0x00312F58	func_00312F58	gameplay/game_00.030
0x00312FA8	func_00312FA8	gameplay/game_00.030
0x00312FC0	func_00312FC0	gameplay/game_00.030
0x00312FD8	func_00312FD8	gameplay/game_00.030
0x00312FF0	func_00312FF0	gameplay/game_00.030
0x00313008	func_00313008	gameplay/game_00.030
0x00313080	func_00313080	gameplay/game_00.030
0x00313320	func_00313320	gameplay/game_00.030
0x00313790	func_00313790	gameplay/game_00.030
0x00313B70	func_00313B70	gameplay/game_00.030
0x00313D50	func_00313D50	gameplay/game_00.030
0x00314128	func_00314128	gameplay/game_00.030
0x003145A8	func_003145A8	gameplay/game_00.030
0x00314FD0	func_00314FD0	gameplay/game_00.030
0x00315160	func_00315160	gameplay/game_00.030
0x00315470	func_00315470	gameplay/game_00.030
0x00315610	func_00315610	gameplay/game_00.030
0x00315CE0	func_00315CE0	gameplay/game_00.030
0x00315E50	func_00315E50	gameplay/game_00.030
0x00315EC0	func_00315EC0	gameplay/game_00.030
0x00315F38	func_00315F38	gameplay/game_00.030
0x003160F0	func_003160F0	gameplay/game_00.030
0x00316128	func_00316128	gameplay/game_00.030
0x00316148	func_00316148	gameplay/game_00.030
0x003161E8	func_003161E8	gameplay/game_00.030
0x00316328	func_00316328	gameplay/game_00.030
0x00316408	func_00316408	gameplay/game_00.030
0x00316410	func_00316410	gameplay/game_00.030
0x003164B8	func_003164B8	gameplay/game_00.030
0x00316560	func_00316560	gameplay/game_00.030
0x003167E8	func_003167E8	gameplay/game_00.030
0x00316818	func_00316818	gameplay/game_00.030
0x00316878	func_00316878	gameplay/game_00.030
0x00316900	func_00316900	gameplay/game_00.030
0x00316958	func_00316958	gameplay/game_00.030
0x003169F0	func_003169F0	gameplay/game_00.030
0x00316A48	func_00316A48	gameplay/game_00.030
0x00316DB8	func_00316DB8	gameplay/game_00.030
0x00317558	func_00317558	gameplay/game_00.030
0x00317BC0	func_00317BC0	gameplay/game_00.030
0x00317FB8	func_00317FB8	gameplay/game_00.030
0x00318560	func_00318560	gameplay/game_00.030
0x00318698	func_00318698	gameplay/game_00.030
0x003186E8	func_003186E8	gameplay/game_00.030
0x00318940	func_00318940	gameplay/game_00.030
0x00318AD8	func_00318AD8	gameplay/game_00.030
0x00318D20	func_00318D20	gameplay/game_00.030
0x00319010	func_00319010	gameplay/game_00.030
0x00319458	func_00319458	gameplay/game_00.030
0x003195F0	func_003195F0	gameplay/game_00.030
0x00319690	func_00319690	gameplay/game_00.030
0x00319740	func_00319740	gameplay/game_00.030
0x00319760	func_00319760	gameplay/game_00.030
0x003198C8	func_003198C8	gameplay/game_00.030
0x00319AB0	func_00319AB0	gameplay/game_00.030
0x00319B10	func_00319B10	gameplay/game_00.030
0x00319C50	func_00319C50	gameplay/game_00.030
0x00319CA0	func_00319CA0	gameplay/game_00.030
0x0031A330	func_0031A330	gameplay/game_00.030
0x0031A5A0	func_0031A5A0	gameplay/game_00.030
0x0031A5A8	func_0031A5A8	gameplay/game_00.030
0x0031A5B0	func_0031A5B0	gameplay/game_00.030
0x0031A5B8	func_0031A5B8	gameplay/game_00.030
0x0031A5C0	func_0031A5C0	gameplay/game_00.011
0x0031A720	func_0031A720	gameplay/game_00.011
0x0031A730	func_0031A730	gameplay/game_00.011
0x0031AC00	func_0031AC00	gameplay/game_00.011
0x0031AD60	func_0031AD60	gameplay/game_00.011
0x0031B490	func_0031B490	gameplay/game_00.011
0x0031B6B0	func_0031B6B0	gameplay/game_00.011
0x0031BBA0	func_0031BBA0	gameplay/game_00.011
0x0031BEB0	func_0031BEB0	gameplay/game_00.011
0x0031C3E0	func_0031C3E0	gameplay/game_00.011
0x0031C450	func_0031C450	gameplay/game_00.011
0x0031C5B0	func_0031C5B0	gameplay/game_00.007
0x0031C720	func_0031C720	gameplay/game_00.007
0x0031C790	func_0031C790	gameplay/game_00.017
0x0031C7C0	func_0031C7C0	gameplay/game_00.009
0x0031C9C0	func_0031C9C0	gameplay/game_00.007
0x0031CFB0	func_0031CFB0	platform
0x0031DE80	func_0031DE80	gameplay/game_00.011
0x0031DEA0	func_0031DEA0	gameplay/game_00.011
0x0031EAB0	func_0031EAB0	gameplay/game_00.011
0x0031F7C0	func_0031F7C0	gameplay/game_00.011
0x0031FA20	func_0031FA20	gameplay/game_00.011
0x0031FF00	func_0031FF00	gameplay/game_00.011
0x00320330	func_00320330	gameplay/game_00.011
0x003203D0	func_003203D0	gameplay/game_00.011
0x00320730	func_00320730	gameplay/game_00.011
0x00320780	func_00320780	gameplay/game_00.011
0x00321120	func_00321120	gameplay/game_00.022
0x003213D0	func_003213D0	gameplay/game_00.016
0x00321550	func_00321550	gameplay/game_00.002
0x003216C0	func_003216C0	gameplay/game_00.014
0x00321A20	func_00321A20	gameplay/game_00.014
0x00322AC0	func_00322AC0	gameplay/game_00.002
0x00322CE0	func_00322CE0	gameplay/game_00.002
0x003237A0	func_003237A0	gameplay/game_00.002
0x00323A70	func_00323A70	gameplay/game_00.021
0x00323E50	func_00323E50	gameplay/game_00.021
0x003241B0	func_003241B0	platform
0x00324260	func_00324260	gameplay/game_00.027
0x00324A30	func_00324A30	gameplay/game_00.027
0x00324A80	func_00324A80	gameplay/game_00.027
0x00324AD0	func_00324AD0	gameplay/game_00.027
0x00324D10	func_00324D10	gameplay/game_00.027
0x00324F50	func_00324F50	gameplay/game_00.027
0x00325190	func_00325190	gameplay/game_00.027
0x00325250	func_00325250	gameplay/game_00.027
0x00325320	func_00325320	gameplay/game_00.027
0x003253B0	func_003253B0	gameplay/game_00.027
0x003253C0	func_003253C0	gameplay/game_00.027
0x003253D0	func_003253D0	gameplay/game_00.027
0x003254C0	func_003254C0	gameplay/game_00.027
0x003255A0	func_003255A0	gameplay/game_00.027
0x00325650	func_00325650	gameplay/game_00.027
0x003256E0	func_003256E0	gameplay/game_00.027
0x003258A0	func_003258A0	gameplay/game_00.027
0x00325960	func_00325960	gameplay/game_00.027
0x00325A60	func_00325A60	gameplay/game_00.027
0x00325B60	func_00325B60	gameplay/game_00.027
0x00325C10	func_00325C10	gameplay/game_00.027
0x00325D40	func_00325D40	gameplay/game_00.027
0x00325EC0	func_00325EC0	gameplay/game_00.027
0x00325FC0	func_00325FC0	gameplay/game_00.027
0x00326170	func_00326170	gameplay/game_00.027
0x003262A0	func_003262A0	gameplay/game_00.027
0x00326370	func_00326370	gameplay/game_00.027
0x003263F0	func_003263F0	gameplay/game_00.027
0x003264A0	func_003264A0	gameplay/game_00.027
0x00326560	func_00326560	gameplay/game_00.027
0x00326620	func_00326620	gameplay/game_00.027
0x003266C0	func_003266C0	gameplay/game_00.027
0x00326780	func_00326780	gameplay/game_00.027
0x003269A0	func_003269A0	gameplay/game_00.027
0x00326B40	func_00326B40	gameplay/game_00.027
0x00326CD0	func_00326CD0	gameplay/game_00.027
0x00326D90	func_00326D90	gameplay/game_00.027
0x00326DB0	func_00326DB0	gameplay/game_00.027
0x00326DD0	func_00326DD0	gameplay/game_00.027
0x00326E00	func_00326E00	gameplay/game_00.027
0x00326E20	func_00326E20	gameplay/game_00.027
0x00326E60	func_00326E60	gameplay/game_00.027
0x00326EB0	func_00326EB0	gameplay/game_00.027
0x00326EE0	func_00326EE0	gameplay/game_00.027
0x00326F10	func_00326F10	gameplay/game_00.027
0x00326F20	func_00326F20	gameplay/game_00.027
0x00326F30	func_00326F30	gameplay/game_00.027
0x00326F80	func_00326F80	gameplay/game_00.027
0x00326FD0	func_00326FD0	gameplay/game_00.027
0x00326FE0	func_00326FE0	gameplay/game_00.027
0x00327030	func_00327030	gameplay/game_00.027
0x00327070	func_00327070	gameplay/game_00.027
0x003270E0	func_003270E0	gameplay/game_00.027
0x00327120	func_00327120	gameplay/game_00.027
0x00327150	func_00327150	gameplay/game_00.027
0x00327170	func_00327170	gameplay/game_00.027
0x003271C0	func_003271C0	gameplay/game_00.027
0x003271D0	func_003271D0	gameplay/game_00.027
0x003271E0	func_003271E0	gameplay/game_00.027
0x003271F0	func_003271F0	gameplay/game_00.027
0x00327200	func_00327200	gameplay/game_00.027
0x00327250	func_00327250	gameplay/game_00.027
0x00327290	func_00327290	gameplay/game_00.027
0x003272D0	func_003272D0	gameplay/game_00.027
0x003272F0	func_003272F0	gameplay/game_00.027
0x00327310	func_00327310	gameplay/game_00.027
0x00327320	func_00327320	gameplay/game_00.027
0x00327330	func_00327330	gameplay/game_00.027
0x00327340	func_00327340	gameplay/game_00.027
0x00327350	func_00327350	gameplay/game_00.027
0x00327390	func_00327390	gameplay/game_00.027
0x003273C0	func_003273C0	gameplay/game_00.027
0x003273F0	func_003273F0	gameplay/game_00.027
0x00327420	func_00327420	gameplay/game_00.027
0x00327510	func_00327510	gameplay/game_00.027
0x00327630	func_00327630	gameplay/game_00.027
0x003276B0	func_003276B0	gameplay/game_00.027
0x00327730	func_00327730	gameplay/game_00.027
0x003277A0	func_003277A0	gameplay/game_00.027
0x00327810	func_00327810	gameplay/game_00.027
0x00327820	func_00327820	gameplay/game_00.027
0x00327830	func_00327830	gameplay/game_00.027
0x00327840	func_00327840	gameplay/game_00.027
0x00327850	func_00327850	gameplay/game_00.027
0x003278C0	func_003278C0	gameplay/game_00.027
0x003278E0	func_003278E0	gameplay/game_00.027
0x00327940	func_00327940	gameplay/game_00.027
0x003279A0	func_003279A0	gameplay/game_00.027
0x003279B0	func_003279B0	gameplay/game_00.027
0x00327A00	func_00327A00	gameplay/game_00.027
0x00327A20	func_00327A20	gameplay/game_00.027
0x00327A30	func_00327A30	gameplay/game_00.027
0x00327A60	func_00327A60	gameplay/game_00.027
0x00327A90	func_00327A90	gameplay/game_00.027
0x00327AB0	func_00327AB0	gameplay/game_00.027
0x00327AE0	func_00327AE0	gameplay/game_00.027
0x00327B10	func_00327B10	gameplay/game_00.027
0x00327B30	func_00327B30	gameplay/game_00.027
0x00327BD0	func_00327BD0	gameplay/game_00.027
0x00327C00	func_00327C00	gameplay/game_00.027
0x00327C20	func_00327C20	gameplay/game_00.027
0x00327C30	func_00327C30	gameplay/game_00.027
0x00327C40	func_00327C40	gameplay/game_00.027
0x00327C50	func_00327C50	gameplay/game_00.027
0x00327C60	func_00327C60	gameplay/game_00.027
0x00327C70	func_00327C70	gameplay/game_00.027
0x00327C80	func_00327C80	gameplay/game_00.027
0x00327C90	func_00327C90	gameplay/game_00.027
0x00327CA0	func_00327CA0	gameplay/game_00.027
0x00327CC0	func_00327CC0	gameplay/game_00.027
0x00327CE0	func_00327CE0	gameplay/game_00.027
0x00327CF0	func_00327CF0	gameplay/game_00.027
0x00327D10	func_00327D10	gameplay/game_00.027
0x00327D30	func_00327D30	gameplay/game_00.027
0x00327D50	func_00327D50	gameplay/game_00.027
0x00327D70	func_00327D70	gameplay/game_00.027
0x00327D90	func_00327D90	gameplay/game_00.027
0x00327E80	func_00327E80	gameplay/game_00.027
0x00328090	func_00328090	gameplay/game_00.027
0x003280F0	func_003280F0	gameplay/game_00.027
0x003281E0	func_003281E0	gameplay/game_00.027
0x00328250	func_00328250	gameplay/game_00.027
0x00328300	func_00328300	gameplay/game_00.027
0x00328330	func_00328330	gameplay/game_00.027
0x003283A0	func_003283A0	gameplay/game_00.021
0x003284D0	func_003284D0	gameplay/game_00.021
0x00328730	func_00328730	gameplay/game_00.021
0x00328860	func_00328860	gameplay/game_00.021
0x00328990	func_00328990	core
0x003289E0	func_003289E0	gameplay/game_00.027
0x00328AA0	func_00328AA0	gameplay/game_00.027
0x00328B00	func_00328B00	gameplay/game_00.027
0x00328BD0	func_00328BD0	gameplay/game_00.027
0x00328BE0	func_00328BE0	gameplay/game_00.027
0x00328D10	func_00328D10	gameplay/game_00.027
0x00328DD0	func_00328DD0	gameplay/game_00.027
0x00328EA0	func_00328EA0	gameplay/game_00.027
0x00328FB0	func_00328FB0	gameplay/game_00.027
0x00328FE0	func_00328FE0	gameplay/game_00.027
0x00329000	func_00329000	gameplay/game_00.027
0x00329020	func_00329020	gameplay/game_00.027
0x00329050	func_00329050	gameplay/game_00.027
0x00329120	func_00329120	gameplay/game_00.027
0x003291B0	func_003291B0	gameplay/game_00.027
0x003291D0	func_003291D0	gameplay/game_00.027
0x00329380	func_00329380	gameplay/game_00.027
0x003294D0	func_003294D0	gameplay/game_00.027
0x00329650	func_00329650	gameplay/game_00.027
0x00329670	func_00329670	gameplay/game_00.027
0x003296C0	func_003296C0	gameplay/game_00.027
0x00329720	func_00329720	gameplay/game_00.010
0x003297B0	func_003297B0	gameplay/game_00.010
0x00329830	func_00329830	gameplay/game_00.010
0x00329960	func_00329960	gameplay/game_00.010
0x00329970	func_00329970	gameplay/game_00.010
0x00329980	func_00329980	gameplay/game_00.010
0x00329990	func_00329990	gameplay/game_00.027
0x003299A0	func_003299A0	gameplay/game_00.021
0x0032BC30	func_0032BC30	gameplay/game_00.021
0x0032C0F0	func_0032C0F0	gameplay/game_00.021
0x0032C100	func_0032C100	gameplay/game_00.021
0x0032C570	func_0032C570	gameplay/game_00.021
0x0032C630	func_0032C630	gameplay/game_00.021
0x0032C880	func_0032C880	gameplay/game_00.014
0x0032C890	func_0032C890	gameplay/game_00.014
0x0032C980	func_0032C980	gameplay/game_00.014
0x0032C9E0	func_0032C9E0	gameplay/game_00.006
0x0032CD30	func_0032CD30	gameplay/game_00.006
0x0032CEF0	func_0032CEF0	gameplay/game_00.006
0x0032D1C0	func_0032D1C0	gameplay/game_00.006
0x0032D3C0	func_0032D3C0	core
0x0032D780	func_0032D780	core
0x0032D7D0	func_0032D7D0	gameplay/game_00.027
0x0032D9D0	func_0032D9D0	gameplay/game_00.021
0x0032DDB0	func_0032DDB0	gameplay/game_00.021
0x0032E430	func_0032E430	gameplay/game_00.021
0x0032E470	func_0032E470	gameplay/game_00.021
0x0032E630	func_0032E630	gameplay/game_00.021
0x0032E910	func_0032E910	gameplay/game_00.021
0x0032E920	func_0032E920	gameplay/game_00.021
0x0032E930	func_0032E930	gameplay/game_00.021
0x0032E940	func_0032E940	gameplay/game_00.021
0x0032EFA0	func_0032EFA0	gameplay/game_00.021
0x0032F210	func_0032F210	gameplay/game_00.021
0x0032F2A0	func_0032F2A0	gameplay/game_00.021
0x0032F340	func_0032F340	gameplay/game_00.021
0x0032F370	func_0032F370	gameplay/game_00.021
0x0032F400	func_0032F400	gameplay/game_00.021
0x0032F4A0	func_0032F4A0	gameplay/game_00.021
0x0032F780	func_0032F780	gameplay/game_00.021
0x0032FF80	func_0032FF80	gameplay/game_00.027
0x0032FF90	func_0032FF90	platform
0x003303B0	func_003303B0	gameplay/game_00.011
0x00330410	func_00330410	gameplay/game_00.011
0x003305B0	func_003305B0	gameplay/game_00.011
0x00330B80	func_00330B80	gameplay/game_00.011
0x003313D0	func_003313D0	gameplay/game_00.011
0x00331C70	func_00331C70	gameplay/game_00.011
0x003325F0	func_003325F0	gameplay/game_00.011
0x00332770	func_00332770	gameplay/game_00.011
0x00332AD0	func_00332AD0	gameplay/game_00.011
0x00332B40	func_00332B40	gameplay/game_00.011
0x00332CB0	func_00332CB0	gameplay/game_00.002
0x00332D20	func_00332D20	gameplay/game_00.016
0x00332D50	func_00332D50	gameplay/game_00.016
0x00332E10	func_00332E10	gameplay/game_00.016
0x00332EA0	func_00332EA0	gameplay/game_00.016
0x00332F20	func_00332F20	gameplay/game_00.016
0x00333240	func_00333240	gameplay/game_00.016
0x00333310	func_00333310	gameplay/game_00.016
0x00333360	func_00333360	gameplay/game_00.016
0x003333A0	func_003333A0	gameplay/game_00.016
0x003333E0	func_003333E0	gameplay/game_00.016
0x00333420	func_00333420	gameplay/game_00.016
0x00333460	func_00333460	gameplay/game_00.016
0x00333560	func_00333560	gameplay/game_00.016
0x00333630	func_00333630	core
0x00333670	func_00333670	core
0x003336B0	func_003336B0	gameplay/game_00.016
0x00333720	func_00333720	core
0x00333770	func_00333770	gameplay/game_00.016
0x003337D0	func_003337D0	gameplay/game_00.016
0x00333900	func_00333900	gameplay/game_00.016
0x00333910	func_00333910	gameplay/game_00.016
0x00333920	func_00333920	gameplay/game_00.019
0x003342F0	func_003342F0	gameplay/game_00.016
0x00334320	func_00334320	gameplay/game_00.002
0x00334390	func_00334390	gameplay/game_00.016
0x00334590	func_00334590	gameplay/game_00.016
0x003347F0	func_003347F0	gameplay/game_00.016
0x00334850	func_00334850	gameplay/game_00.021
0x00334A60	func_00334A60	gameplay/game_00.021
0x00334FF0	func_00334FF0	gameplay/game_00.021
0x003355D0	func_003355D0	gameplay/game_00.021
0x00335A30	func_00335A30	gameplay/game_00.021
0x00335E70	func_00335E70	gameplay/game_00.021
0x00337010	func_00337010	gameplay/game_00.021
0x00337730	func_00337730	gameplay/game_00.021
0x00338490	func_00338490	gameplay/game_00.021
0x003388D0	func_003388D0	gameplay/game_00.021
0x00339F40	func_00339F40	gameplay/game_00.021
0x0033AAF0	func_0033AAF0	platform
0x0033B8A0	func_0033B8A0	gameplay/game_00.021
0x0033B920	func_0033B920	gameplay/game_00.021
0x0033BA00	func_0033BA00	gameplay/game_00.021
0x0033BB30	func_0033BB30	gameplay/game_00.021
0x0033BD10	func_0033BD10	gameplay/game_00.021
0x0033C3F0	func_0033C3F0	gameplay/game_00.021
0x0033C8C0	func_0033C8C0	gameplay/game_00.021
0x0033CC20	func_0033CC20	gameplay/game_00.021
0x0033CC30	func_0033CC30	gameplay/game_00.021
0x0033DC80	func_0033DC80	gameplay/game_00.021
0x0033DE30	func_0033DE30	gameplay/game_00.021
0x0033F2A0	func_0033F2A0	gameplay/game_00.021
0x0033F4E0	func_0033F4E0	gameplay/game_00.021
0x0033F840	func_0033F840	gameplay/game_00.021
0x0033F910	func_0033F910	gameplay/game_00.021
0x0033FC70	func_0033FC70	gameplay/game_00.021
0x003403A0	func_003403A0	gameplay/game_00.021
0x00340EA0	func_00340EA0	gameplay/game_00.021
0x003416A0	func_003416A0	gameplay/game_00.021
0x00341EA0	func_00341EA0	gameplay/game_00.027
0x00341F70	func_00341F70	gameplay/game_00.021
0x003420D0	func_003420D0	gameplay/game_00.021
0x003433F0	func_003433F0	gameplay/game_00.021
0x00343600	func_00343600	gameplay/game_00.021
0x00343610	func_00343610	gameplay/game_00.021
0x003439E0	func_003439E0	gameplay/game_00.002
0x003439F0	func_003439F0	gameplay/game_00.002
0x003445F0	func_003445F0	gameplay/game_00.021
0x003452F0	func_003452F0	gameplay/game_00.021
0x00345B80	func_00345B80	gameplay/game_00.021
0x00345B90	func_00345B90	gameplay/game_00.021
0x00346050	func_00346050	gameplay/game_00.021
0x00346060	func_00346060	gameplay/game_00.021
0x003462B0	func_003462B0	gameplay/game_00.021
0x00346620	func_00346620	core
0x00346760	func_00346760	gameplay/game_00.021
0x003469B0	func_003469B0	gameplay/game_00.021
0x003469C0	func_003469C0	gameplay/game_00.021
0x00346AB0	func_00346AB0	gameplay/game_00.021
0x00346B30	func_00346B30	gameplay/game_00.021
0x00347290	func_00347290	gameplay/game_00.021
0x00348DA0	func_00348DA0	platform
0x00348DC0	func_00348DC0	platform
0x00348FF0	func_00348FF0	platform
0x00349390	func_00349390	platform
0x003493B0	func_003493B0	platform
0x003494F0	func_003494F0	platform
0x00349510	func_00349510	gameplay/game_00.027
0x00349780	func_00349780	gameplay/game_00.027
0x00349790	func_00349790	gameplay/game_00.021
0x003497A0	func_003497A0	platform
0x0034A020	func_0034A020	gameplay/game_00.021
0x0034DD10	func_0034DD10	platform
0x0034DD30	func_0034DD30	gameplay/game_00.021
0x0034EA20	func_0034EA20	platform
0x0034EA40	func_0034EA40	gameplay/game_00.021
0x00351EF0	func_00351EF0	platform
0x00351F10	func_00351F10	gameplay/game_00.021
0x00355250	func_00355250	platform
0x00355820	func_00355820	gameplay/game_00.011
0x00355FE0	func_00355FE0	gameplay/game_00.011
0x003560E0	func_003560E0	gameplay/game_00.011
0x003562B0	func_003562B0	gameplay/game_00.011
0x003565A0	func_003565A0	gameplay/game_00.011
0x003565B0	func_003565B0	gameplay/game_00.011
0x00356630	func_00356630	gameplay/game_00.014
0x00356680	func_00356680	gameplay/game_00.014
0x003569C0	func_003569C0	platform
0x00356E40	func_00356E40	gameplay/game_00.014
0x00357070	func_00357070	gameplay/game_00.016
0x00357290	func_00357290	gameplay/game_00.016
0x00357380	func_00357380	gameplay/game_00.016
0x00357490	func_00357490	gameplay/game_00.016
0x00357500	func_00357500	gameplay/game_00.016
0x003575A0	func_003575A0	gameplay/game_00.014
0x003575C0	func_003575C0	gameplay/game_00.014
0x00357AE0	func_00357AE0	gameplay/game_00.003
0x00357B40	func_00357B40	gameplay/game_00.003
0x00357B80	func_00357B80	gameplay/game_00.003
0x00357C20	func_00357C20	gameplay/game_00.003
0x00357C40	func_00357C40	gameplay/game_00.003
0x00357DB0	func_00357DB0	gameplay/game_00.003
0x00357E20	func_00357E20	gameplay/game_00.002
0x00357EA0	func_00357EA0	gameplay/game_00.002
0x00357EE0	func_00357EE0	gameplay/game_00.003
0x00357F50	func_00357F50	gameplay/game_00.003
0x00357FB0	func_00357FB0	gameplay/game_00.003
0x00358030	func_00358030	gameplay/game_00.003
0x00358250	func_00358250	gameplay/game_00.006
0x003582D0	func_003582D0	gameplay/game_00.006
0x003582E0	func_003582E0	gameplay/game_00.008
0x00358320	func_00358320	gameplay/game_00.008
0x00358450	func_00358450	gameplay/game_00.008
0x00358550	func_00358550	gameplay/game_00.008
0x003586C0	func_003586C0	gameplay/game_00.008
0x00358970	func_00358970	gameplay/game_00.008
0x00358B50	func_00358B50	gameplay/game_00.008
0x00358BB0	func_00358BB0	gameplay/game_00.008
0x00358C00	func_00358C00	gameplay/game_00.008
0x00358D00	func_00358D00	gameplay/game_00.008
0x00358DF0	func_00358DF0	gameplay/game_00.008
0x00358E10	func_00358E10	gameplay/game_00.016
0x00358EE0	func_00358EE0	gameplay/game_00.016
0x00358FF0	func_00358FF0	gameplay/game_00.016
0x003591D0	func_003591D0	gameplay/game_00.016
0x003593B0	func_003593B0	gameplay/game_00.016
0x00359470	func_00359470	gameplay/game_00.016
0x00359500	func_00359500	gameplay/game_00.016
0x00359550	func_00359550	gameplay/game_00.016
0x00359590	func_00359590	gameplay/game_00.016
0x00359680	func_00359680	gameplay/game_00.014
0x003597D0	func_003597D0	gameplay/game_00.014
0x00359AE0	func_00359AE0	gameplay/game_00.014
0x00359B80	func_00359B80	gameplay/game_00.014
0x00359C10	func_00359C10	gameplay/game_00.014
0x00359CA0	func_00359CA0	gameplay/game_00.014
0x00359D80	func_00359D80	gameplay/game_00.014
0x00359E40	func_00359E40	gameplay/game_00.014
0x0035A080	func_0035A080	gameplay/game_00.005
0x0035A1C0	func_0035A1C0	gameplay/game_00.005
0x0035A1F0	func_0035A1F0	gameplay/game_00.005
0x0035A220	func_0035A220	gameplay/game_00.016
0x0035A6B0	func_0035A6B0	gameplay/game_00.016
0x0035A7B0	func_0035A7B0	gameplay/game_00.005
0x0035A940	func_0035A940	gameplay/game_00.005
0x0035AA70	func_0035AA70	gameplay/game_00.005
0x0035AB80	func_0035AB80	gameplay/game_00.005
0x0035ABA0	func_0035ABA0	gameplay/game_00.005
0x0035AC10	func_0035AC10	gameplay/game_00.005
0x0035AC80	func_0035AC80	gameplay/game_00.005
0x0035ACA0	func_0035ACA0	gameplay/game_00.005
0x0035ACD0	func_0035ACD0	gameplay/game_00.005
0x0035AD40	func_0035AD40	gameplay/game_00.005
0x0035AE90	func_0035AE90	gameplay/game_00.005
0x0035AF30	func_0035AF30	gameplay/game_00.005
0x0035AFC0	func_0035AFC0	gameplay/game_00.005
0x0035B150	func_0035B150	gameplay/game_00.005
0x0035B260	func_0035B260	gameplay/game_00.005
0x0035B390	func_0035B390	gameplay/game_00.005
0x0035B3C0	func_0035B3C0	gameplay/game_00.005
0x0035B530	func_0035B530	gameplay/game_00.005
0x0035B6B0	func_0035B6B0	gameplay/game_00.005
0x0035B700	func_0035B700	gameplay/game_00.005
0x0035B820	func_0035B820	gameplay/game_00.005
0x0035B830	func_0035B830	gameplay/game_00.005
0x0035B870	func_0035B870	gameplay/game_00.005
0x0035B940	func_0035B940	gameplay/game_00.005
0x0035BF60	func_0035BF60	gameplay/game_00.005
0x0035CA60	func_0035CA60	gameplay/game_00.005
0x0035CE90	func_0035CE90	gameplay/game_00.005
0x0035D660	func_0035D660	gameplay/game_00.005
0x0035DA90	func_0035DA90	gameplay/game_00.005
0x0035E450	func_0035E450	gameplay/game_00.005
0x0035E880	func_0035E880	gameplay/game_00.005
0x0035F1A0	func_0035F1A0	gameplay/game_00.005
0x0035F5D0	func_0035F5D0	gameplay/game_00.005
0x0035F810	func_0035F810	gameplay/game_00.005
0x0035FAD0	func_0035FAD0	gameplay/game_00.005
0x0035FC90	func_0035FC90	gameplay/game_00.005
0x00360350	func_00360350	gameplay/game_00.005
0x00360560	func_00360560	gameplay/game_00.005
0x00360980	func_00360980	gameplay/game_00.005
0x00360DA0	func_00360DA0	gameplay/game_00.005
0x003611C0	func_003611C0	gameplay/game_00.005
0x00361920	func_00361920	gameplay/game_00.005
0x003625E0	func_003625E0	gameplay/game_00.005
0x00362A10	func_00362A10	gameplay/game_00.005
0x00363770	func_00363770	gameplay/game_00.005
0x00363B80	func_00363B80	gameplay/game_00.005
0x00364660	func_00364660	gameplay/game_00.005
0x00364A80	func_00364A80	gameplay/game_00.005
0x00365530	func_00365530	gameplay/game_00.005
0x00365950	func_00365950	gameplay/game_00.005
0x00366280	func_00366280	gameplay/game_00.005
0x00366D30	func_00366D30	gameplay/game_00.005
0x00367150	func_00367150	gameplay/game_00.005
0x00367C90	func_00367C90	gameplay/game_00.005
0x00368670	func_00368670	gameplay/game_00.005
0x00368AA0	func_00368AA0	gameplay/game_00.005
0x00369610	func_00369610	gameplay/game_00.005
0x00369A40	func_00369A40	gameplay/game_00.005
0x00369AB0	func_00369AB0	gameplay/game_00.005
0x00369C00	func_00369C00	gameplay/game_00.005
0x00369C10	func_00369C10	gameplay/game_00.005
0x00369C20	func_00369C20	gameplay/game_00.005
0x00369CE0	func_00369CE0	gameplay/game_00.005
0x00369D00	func_00369D00	gameplay/game_00.005
0x00369DB0	func_00369DB0	gameplay/game_00.005
0x00369E80	func_00369E80	core
0x00369F20	func_00369F20	core
0x0036A0D0	func_0036A0D0	core
0x0036A280	func_0036A280	gameplay/game_00.005
0x0036A4B0	func_0036A4B0	core
0x0036A830	func_0036A830	core
0x0036ABA0	func_0036ABA0	gameplay/game_00.005
0x0036ABD0	func_0036ABD0	gameplay/game_00.005
0x0036AD10	func_0036AD10	gameplay/game_00.005
0x0036B090	func_0036B090	gameplay/game_00.005
0x0036B3A0	func_0036B3A0	gameplay/game_00.005
0x0036B520	func_0036B520	gameplay/game_00.005
0x0036BC90	func_0036BC90	gameplay/game_00.005
0x0036BD30	func_0036BD30	gameplay/game_00.005
0x0036C320	func_0036C320	gameplay/game_00.005
0x0036C3D0	func_0036C3D0	gameplay/game_00.005
0x0036C420	func_0036C420	gameplay/game_00.005
0x0036C450	func_0036C450	gameplay/game_00.005
0x0036C710	func_0036C710	gameplay/game_00.005
0x0036CAB0	func_0036CAB0	gameplay/game_00.005
0x0036CE00	func_0036CE00	core
0x0036CEB0	func_0036CEB0	gameplay/game_00.005
0x0036CFD0	func_0036CFD0	gameplay/game_00.005
0x0036D0B0	func_0036D0B0	gameplay/game_00.005
0x0036D140	func_0036D140	gameplay/game_00.005
0x0036D260	func_0036D260	gameplay/game_00.005
0x0036D660	func_0036D660	gameplay/game_00.005
0x0036D830	func_0036D830	gameplay/game_02.001
0x0036D890	func_0036D890	gameplay/game_02.001
0x0036DC20	func_0036DC20	core
0x0036DFB0	func_0036DFB0	gameplay/game_00.005
0x0036E020	func_0036E020	gameplay/game_00.005
0x0036E0A0	func_0036E0A0	gameplay/game_00.005
0x0036E140	func_0036E140	gameplay/game_00.005
0x0036E1B0	func_0036E1B0	gameplay/game_00.005
0x0036E230	func_0036E230	gameplay/game_00.005
0x0036E2B0	func_0036E2B0	gameplay/game_00.005
0x0036E3E0	func_0036E3E0	gameplay/game_00.005
0x0036E510	func_0036E510	gameplay/game_00.005
0x0036E630	func_0036E630	gameplay/game_02.001
0x0036E6D0	func_0036E6D0	gameplay/game_00.005
0x0036E750	func_0036E750	gameplay/game_00.005
0x0036E8C0	func_0036E8C0	gameplay/game_00.005
0x0036E930	func_0036E930	gameplay/game_00.005
0x0036EA30	func_0036EA30	gameplay/game_00.005
0x0036EAC0	func_0036EAC0	gameplay/game_00.005
0x0036EAE0	func_0036EAE0	gameplay/game_02.002
0x0036EAF0	func_0036EAF0	gameplay/game_02.002
0x0036EB30	func_0036EB30	gameplay/game_02.002
0x0036EB90	func_0036EB90	gameplay/game_02.002
0x0036EBA0	func_0036EBA0	gameplay/game_02.002
0x0036EBE0	func_0036EBE0	gameplay/game_02.002
0x0036EC40	func_0036EC40	gameplay/game_02.002
0x0036EC50	func_0036EC50	gameplay/game_02.002
0x0036EC90	func_0036EC90	gameplay/game_02.002
0x0036ECF0	func_0036ECF0	gameplay/game_02.002
0x0036ED00	func_0036ED00	gameplay/game_02.002
0x0036ED40	func_0036ED40	gameplay/game_02.002
0x0036EDA0	func_0036EDA0	gameplay/game_02.002
0x0036EDB0	func_0036EDB0	gameplay/game_02.002
0x0036EE30	func_0036EE30	gameplay/game_02.002
0x0036EE90	func_0036EE90	gameplay/game_02.002
0x0036F040	func_0036F040	gameplay/game_02.002
0x0036F050	func_0036F050	gameplay/game_02.002
0x0036F090	func_0036F090	gameplay/game_02.002
0x0036F0F0	func_0036F0F0	gameplay/game_02.002
0x0036F100	func_0036F100	gameplay/game_02.002
0x0036F230	func_0036F230	gameplay/game_02.002
0x0036F290	func_0036F290	gameplay/game_02.002
0x0036F2A0	func_0036F2A0	gameplay/game_02.002
0x0036F3D0	func_0036F3D0	gameplay/game_02.002
0x0036F430	func_0036F430	gameplay/game_02.002
0x0036F440	func_0036F440	gameplay/game_02.002
0x0036F5C0	func_0036F5C0	gameplay/game_02.002
0x0036F620	func_0036F620	gameplay/game_02.002
0x0036F630	func_0036F630	gameplay/game_02.002
0x0036F780	func_0036F780	gameplay/game_02.002
0x0036F7E0	func_0036F7E0	gameplay/game_02.002
0x0036F7F0	func_0036F7F0	gameplay/game_02.002
0x0036F870	func_0036F870	gameplay/game_02.002
0x0036F8D0	func_0036F8D0	gameplay/game_02.002
0x0036F8E0	func_0036F8E0	gameplay/game_02.002
0x0036F920	func_0036F920	gameplay/game_02.002
0x0036F980	func_0036F980	gameplay/game_02.002
0x0036F990	func_0036F990	gameplay/game_02.002
0x0036F9D0	func_0036F9D0	gameplay/game_02.002
0x0036FA30	func_0036FA30	gameplay/game_02.002
0x0036FA40	func_0036FA40	gameplay/game_02.002
0x0036FA80	func_0036FA80	gameplay/game_02.002
0x0036FAE0	func_0036FAE0	gameplay/game_02.002
0x0036FD40	func_0036FD40	gameplay/game_02.002
0x0036FD50	func_0036FD50	gameplay/game_02.002
0x0036FE60	func_0036FE60	gameplay/game_02.002
0x0036FEC0	func_0036FEC0	gameplay/game_02.002
0x0036FED0	func_0036FED0	gameplay/game_02.002
0x0036FFD0	func_0036FFD0	gameplay/game_02.002
0x00370030	func_00370030	gameplay/game_02.002
0x00370040	func_00370040	gameplay/game_02.002
0x00370150	func_00370150	gameplay/game_02.002
0x003701B0	func_003701B0	gameplay/game_02.002
0x003701C0	func_003701C0	gameplay/game_02.002
0x003702C0	func_003702C0	gameplay/game_02.002
0x00370320	func_00370320	gameplay/game_02.002
0x00370490	func_00370490	gameplay/game_02.001
0x003704A0	func_003704A0	gameplay/game_02.001
0x003705A0	func_003705A0	gameplay/game_02.001
0x00370610	func_00370610	gameplay/game_02.001
0x00370620	func_00370620	gameplay/game_02.001
0x00370720	func_00370720	gameplay/game_02.001
0x00370790	func_00370790	gameplay/game_02.001
0x003707A0	func_003707A0	gameplay/game_02.001
0x003708F0	func_003708F0	gameplay/game_02.001
0x00370950	func_00370950	gameplay/game_02.001
0x00370960	func_00370960	gameplay/game_02.001
0x003709A0	func_003709A0	gameplay/game_02.001
0x00370A00	func_00370A00	gameplay/game_02.001
0x00370A10	func_00370A10	gameplay/game_02.001
0x00370A90	func_00370A90	gameplay/game_02.001
0x00370AF0	func_00370AF0	gameplay/game_02.001
0x00370B00	func_00370B00	gameplay/game_02.001
0x00370B40	func_00370B40	gameplay/game_02.001
0x00370BA0	func_00370BA0	gameplay/game_02.001
0x00370D70	func_00370D70	gameplay/game_model.001
0x00370D80	func_00370D80	gameplay/game_model.001
0x00370DC0	func_00370DC0	gameplay/game_model.001
0x00370E20	func_00370E20	gameplay/game_model.001
0x00370E30	func_00370E30	gameplay/game_model.001
0x00370E70	func_00370E70	gameplay/game_model.001
0x00370ED0	func_00370ED0	gameplay/game_model.001
0x00370EE0	func_00370EE0	gameplay/game_model.001
0x00370F20	func_00370F20	gameplay/game_model.001
0x00370F80	func_00370F80	gameplay/game_model.001
0x00370F90	func_00370F90	gameplay/game_model.001
0x00370FD0	func_00370FD0	gameplay/game_model.001
0x00371030	func_00371030	gameplay/game_model.001
0x00371040	func_00371040	gameplay/game_model.001
0x00371080	func_00371080	gameplay/game_model.001
0x003710E0	func_003710E0	gameplay/game_model.001
0x003710F0	func_003710F0	gameplay/game_model.001
0x00371130	func_00371130	gameplay/game_model.001
0x00371190	func_00371190	gameplay/game_model.001
0x003711A0	func_003711A0	gameplay/game_model.001
0x003711E0	func_003711E0	gameplay/game_model.001
0x00371240	func_00371240	gameplay/game_model.001
0x00371250	func_00371250	gameplay/game_model.001
0x00371370	func_00371370	gameplay/game_model.001
0x003713D0	func_003713D0	gameplay/game_model.001
0x00371600	func_00371600	gameplay/game_02.001
0x00371610	func_00371610	gameplay/game_02.001
0x00371690	func_00371690	gameplay/game_02.001
0x00371700	func_00371700	gameplay/game_02.001
0x00371710	func_00371710	gameplay/game_02.001
0x00371790	func_00371790	gameplay/game_02.001
0x00371800	func_00371800	gameplay/game_02.001
0x00371810	func_00371810	gameplay/game_02.001
0x00371890	func_00371890	gameplay/game_02.001
0x00371900	func_00371900	gameplay/game_02.001
0x00371910	func_00371910	gameplay/game_02.001
0x00371990	func_00371990	gameplay/game_02.001
0x00371A00	func_00371A00	gameplay/game_02.001
0x00371A10	func_00371A10	gameplay/game_02.001
0x00371B40	func_00371B40	gameplay/game_02.001
0x00371BA0	func_00371BA0	gameplay/game_02.001
0x00371BB0	func_00371BB0	gameplay/game_02.001
0x00371CE0	func_00371CE0	gameplay/game_02.001
0x00371D40	func_00371D40	gameplay/game_02.001
0x00371D50	func_00371D50	gameplay/game_02.001
0x00371E80	func_00371E80	gameplay/game_02.001
0x00371EE0	func_00371EE0	gameplay/game_02.001
0x00371EF0	func_00371EF0	gameplay/game_02.001
0x00372020	func_00372020	gameplay/game_02.001
0x00372080	func_00372080	gameplay/game_02.001
0x00372090	func_00372090	gameplay/game_02.001
0x003721C0	func_003721C0	gameplay/game_02.001
0x00372220	func_00372220	gameplay/game_02.001
0x00372230	func_00372230	gameplay/game_02.001
0x00372360	func_00372360	gameplay/game_02.001
0x003723C0	func_003723C0	gameplay/game_02.001
0x00372650	func_00372650	gameplay/game_02.001
0x00372660	func_00372660	gameplay/game_02.001
0x00372770	func_00372770	gameplay/game_02.001
0x003727D0	func_003727D0	gameplay/game_02.001
0x003728B0	func_003728B0	gameplay/game_02.001
0x003728C0	func_003728C0	gameplay/game_02.001
0x003729C0	func_003729C0	gameplay/game_02.001
0x00372A30	func_00372A30	gameplay/game_02.001
0x00372A40	func_00372A40	gameplay/game_02.001
0x00372B50	func_00372B50	gameplay/game_02.001
0x00372BC0	func_00372BC0	gameplay/game_02.001
0x00372BD0	func_00372BD0	gameplay/game_02.001
0x00372CD0	func_00372CD0	gameplay/game_02.001
0x00372D40	func_00372D40	gameplay/game_02.001
0x00372D50	func_00372D50	gameplay/game_02.001
0x00372E60	func_00372E60	gameplay/game_02.001
0x00372ED0	func_00372ED0	gameplay/game_02.001
0x00372EE0	func_00372EE0	gameplay/game_02.001
0x00372FB0	func_00372FB0	gameplay/game_02.001
0x00373010	func_00373010	gameplay/game_02.001
0x00373020	func_00373020	gameplay/game_02.001
0x00373120	func_00373120	gameplay/game_02.001
0x00373180	func_00373180	gameplay/game_02.001
0x00373190	func_00373190	gameplay/game_02.001
0x00373290	func_00373290	gameplay/game_02.001
0x003732F0	func_003732F0	gameplay/game_02.001
0x003734F0	func_003734F0	gameplay/game_model.002
0x00373500	func_00373500	gameplay/game_model.002
0x00373610	func_00373610	gameplay/game_model.002
0x003736D0	func_003736D0	gameplay/game_model.002
0x003736E0	func_003736E0	gameplay/game_model.002
0x003737F0	func_003737F0	gameplay/game_model.002
0x003738B0	func_003738B0	gameplay/game_model.002
0x003738C0	func_003738C0	gameplay/game_model.002
0x003739D0	func_003739D0	gameplay/game_model.002
0x00373A90	func_00373A90	gameplay/game_model.002
0x00373AA0	func_00373AA0	gameplay/game_model.002
0x00373BB0	func_00373BB0	gameplay/game_model.002
0x00373C70	func_00373C70	gameplay/game_model.002
0x00373C80	func_00373C80	gameplay/game_model.002
0x00373DA0	func_00373DA0	gameplay/game_model.002
0x00373E00	func_00373E00	gameplay/game_model.002
0x00373E10	func_00373E10	gameplay/game_model.002
0x00373F30	func_00373F30	gameplay/game_model.002
0x00373F90	func_00373F90	gameplay/game_model.002
0x00373FA0	func_00373FA0	gameplay/game_model.002
0x00373FE0	func_00373FE0	gameplay/game_model.002
0x00374040	func_00374040	gameplay/game_model.002
0x00374050	func_00374050	gameplay/game_model.002
0x00374090	func_00374090	gameplay/game_model.002
0x003740F0	func_003740F0	gameplay/game_model.002
0x00374100	func_00374100	gameplay/game_model.002
0x003741B0	func_003741B0	gameplay/game_model.002
0x00374210	func_00374210	gameplay/game_model.002
0x00374480	func_00374480	gameplay/game_02.001
0x00374490	func_00374490	gameplay/game_02.001
0x003745A0	func_003745A0	gameplay/game_02.001
0x00374600	func_00374600	gameplay/game_02.001
0x00374610	func_00374610	gameplay/game_02.001
0x00374720	func_00374720	gameplay/game_02.001
0x00374780	func_00374780	gameplay/game_02.001
0x00374790	func_00374790	gameplay/game_02.001
0x003748A0	func_003748A0	gameplay/game_02.001
0x00374900	func_00374900	gameplay/game_02.001
0x00374910	func_00374910	gameplay/game_02.001
0x00374A20	func_00374A20	gameplay/game_02.001
0x00374A80	func_00374A80	gameplay/game_02.001
0x00374A90	func_00374A90	gameplay/game_02.001
0x00374AD0	func_00374AD0	gameplay/game_02.001
0x00374B30	func_00374B30	gameplay/game_02.001
0x00374B40	func_00374B40	gameplay/game_02.001
0x00374B80	func_00374B80	gameplay/game_02.001
0x00374BE0	func_00374BE0	gameplay/game_02.001
0x00374BF0	func_00374BF0	gameplay/game_02.001
0x00374D20	func_00374D20	gameplay/game_02.001
0x00374D90	func_00374D90	gameplay/game_02.001
0x00374DA0	func_00374DA0	gameplay/game_02.001
0x00374ED0	func_00374ED0	gameplay/game_02.001
0x00374F40	func_00374F40	gameplay/game_02.001
0x00374F50	func_00374F50	gameplay/game_02.001
0x00375080	func_00375080	gameplay/game_02.001
0x003750E0	func_003750E0	gameplay/game_02.001
0x003750F0	func_003750F0	gameplay/game_02.001
0x00375220	func_00375220	gameplay/game_02.001
0x00375280	func_00375280	gameplay/game_02.001
0x00375290	func_00375290	gameplay/game_02.001
0x003753C0	func_003753C0	gameplay/game_02.001
0x00375420	func_00375420	gameplay/game_02.001
0x003756E0	func_003756E0	gameplay/game_model.003
0x003756F0	func_003756F0	gameplay/game_model.003
0x003757C0	func_003757C0	gameplay/game_model.003
0x003758E0	func_003758E0	gameplay/game_model.003
0x003758F0	func_003758F0	gameplay/game_model.003
0x00375A70	func_00375A70	gameplay/game_model.003
0x00375B80	func_00375B80	gameplay/game_model.003
0x00375DA0	func_00375DA0	gameplay/game_model.003
0x00375EB0	func_00375EB0	gameplay/game_model.003
0x00375EC0	func_00375EC0	gameplay/game_model.003
0x00375F90	func_00375F90	gameplay/game_model.003
0x003760B0	func_003760B0	gameplay/game_model.003
0x003760C0	func_003760C0	gameplay/game_model.003
0x00376240	func_00376240	gameplay/game_model.003
0x00376350	func_00376350	gameplay/game_model.003
0x00376360	func_00376360	gameplay/game_model.003
0x00376580	func_00376580	gameplay/game_model.003
0x00376690	func_00376690	gameplay/game_model.003
0x003766A0	func_003766A0	gameplay/game_model.003
0x003767B0	func_003767B0	gameplay/game_model.003
0x00376810	func_00376810	gameplay/game_model.003
0x00376820	func_00376820	gameplay/game_model.003
0x00376940	func_00376940	gameplay/game_model.003
0x003769E0	func_003769E0	gameplay/game_model.003
0x003769F0	func_003769F0	gameplay/game_model.003
0x00376A30	func_00376A30	gameplay/game_model.003
0x00376A90	func_00376A90	gameplay/game_model.003
0x00376AA0	func_00376AA0	gameplay/game_model.003
0x00376AE0	func_00376AE0	gameplay/game_model.003
0x00376B40	func_00376B40	gameplay/game_model.003
0x00376B50	func_00376B50	gameplay/game_model.003
0x00376B90	func_00376B90	gameplay/game_model.003
0x00376BF0	func_00376BF0	gameplay/game_model.003
0x00376F00	func_00376F00	gameplay/game_model.003
0x00376F10	func_00376F10	gameplay/game_model.003
0x00376F50	func_00376F50	gameplay/game_model.003
0x00376FB0	func_00376FB0	gameplay/game_model.003
0x00376FC0	func_00376FC0	gameplay/game_model.003
0x00377080	func_00377080	gameplay/game_model.003
0x003770E0	func_003770E0	gameplay/game_model.003
0x003770F0	func_003770F0	gameplay/game_model.003
0x003771F0	func_003771F0	gameplay/game_model.003
0x00377250	func_00377250	gameplay/game_model.003
0x00377390	func_00377390	gameplay/game_model.003
0x003773D0	func_003773D0	gameplay/game_model.003
0x00377500	func_00377500	gameplay/game_model.003
0x00377630	func_00377630	gameplay/game_model.003
0x00377740	func_00377740	gameplay/game_00.005
0x00377770	func_00377770	gameplay/game_00.005
0x00377870	func_00377870	gameplay/game_00.005
0x003778C0	func_003778C0	gameplay/game_00.005
0x00377910	func_00377910	gameplay/game_00.005
0x00377960	func_00377960	gameplay/game_00.005
0x003779D0	func_003779D0	gameplay/game_00.005
0x00377A20	func_00377A20	gameplay/game_00.005
0x00377A70	func_00377A70	gameplay/game_00.005
0x00377AC0	func_00377AC0	gameplay/game_00.005
0x00377B00	func_00377B00	gameplay/game_00.005
0x00377B80	func_00377B80	gameplay/game_00.005
0x00377CC0	func_00377CC0	gameplay/game_00.005
0x00377D20	func_00377D20	gameplay/game_00.005
0x00377DF0	func_00377DF0	gameplay/game_00.005
0x00377F50	func_00377F50	gameplay/game_00.005
0x00378070	func_00378070	gameplay/game_00.005
0x00378350	func_00378350	gameplay/game_00.005
0x003784B0	func_003784B0	gameplay/game_00.005
0x00378610	func_00378610	gameplay/game_00.005
0x00378790	func_00378790	gameplay/game_00.005
0x00378870	func_00378870	gameplay/game_00.005
0x00378980	func_00378980	gameplay/game_00.005
0x00378D90	func_00378D90	gameplay/game_00.005
0x00378DE0	func_00378DE0	gameplay/game_00.005
0x00378E60	func_00378E60	gameplay/game_00.005
0x00378ED0	func_00378ED0	gameplay/game_00.005
0x00378F40	func_00378F40	gameplay/game_00.005
0x00379100	func_00379100	gameplay/game_00.005
0x00379150	func_00379150	gameplay/game_00.005
0x00379310	func_00379310	gameplay/game_00.005
0x00379510	func_00379510	gameplay/game_00.005
0x00379550	func_00379550	gameplay/game_00.005
0x003795A0	func_003795A0	gameplay/game_00.005
0x003795F0	func_003795F0	gameplay/game_00.005
0x00379640	func_00379640	gameplay/game_00.005
0x003796C0	func_003796C0	gameplay/game_00.005
0x003797B0	func_003797B0	gameplay/game_00.005
0x00379810	func_00379810	gameplay/game_00.005
0x003798B0	func_003798B0	gameplay/game_00.005
0x00379940	func_00379940	gameplay/game_00.005
0x00379950	func_00379950	gameplay/game_00.022
0x00379960	func_00379960	gameplay/game_00.022
0x00379A60	func_00379A60	gameplay/game_00.022
0x00379AC0	func_00379AC0	gameplay/game_00.022
0x00379AD0	func_00379AD0	gameplay/game_00.022
0x00379BE0	func_00379BE0	gameplay/game_00.022
0x00379C40	func_00379C40	gameplay/game_00.022
0x00379D50	func_00379D50	gameplay/game_00.022
0x00379DB0	func_00379DB0	gameplay/game_00.022
0x00379DC0	func_00379DC0	gameplay/game_00.022
0x00379EC0	func_00379EC0	gameplay/game_00.022
0x00379F20	func_00379F20	gameplay/game_00.022
0x00379F30	func_00379F30	gameplay/game_00.022
0x0037A040	func_0037A040	gameplay/game_00.022
0x0037A0A0	func_0037A0A0	gameplay/game_00.022
0x0037A0B0	func_0037A0B0	gameplay/game_00.022
0x0037A1C0	func_0037A1C0	gameplay/game_00.022
0x0037A220	func_0037A220	gameplay/game_00.022
0x0037A230	func_0037A230	gameplay/game_00.022
0x0037A340	func_0037A340	gameplay/game_00.022
0x0037A3A0	func_0037A3A0	gameplay/game_00.022
0x0037A3B0	func_0037A3B0	gameplay/game_00.022
0x0037A3F0	func_0037A3F0	gameplay/game_00.022
0x0037A450	func_0037A450	gameplay/game_00.022
0x0037A460	func_0037A460	gameplay/game_00.022
0x0037A4A0	func_0037A4A0	gameplay/game_00.022
0x0037A500	func_0037A500	gameplay/game_00.022
0x0037A760	func_0037A760	gameplay/game_00.022
0x0037A770	func_0037A770	gameplay/game_00.022
0x0037A800	func_0037A800	gameplay/game_00.022
0x0037A860	func_0037A860	gameplay/game_00.022
0x0037A940	func_0037A940	gameplay/game_00.022
0x0037A9D0	func_0037A9D0	gameplay/game_00.022
0x0037AAF0	func_0037AAF0	gameplay/game_00.022
0x0037AC20	func_0037AC20	gameplay/game_00.022
0x0037AF70	func_0037AF70	gameplay/game_00.022
0x0037B060	func_0037B060	gameplay/game_00.022
0x0037B180	func_0037B180	gameplay/game_00.022
0x0037B250	func_0037B250	gameplay/game_00.022
0x0037B2C0	func_0037B2C0	gameplay/game_00.016
0x0037B370	func_0037B370	gameplay/game_00.016
0x0037B410	func_0037B410	gameplay/game_00.016
0x0037B4A0	func_0037B4A0	gameplay/game_00.016
0x0037B500	func_0037B500	gameplay/game_00.022
0x0037B6F0	func_0037B6F0	gameplay/game_00.022
0x0037B740	func_0037B740	gameplay/game_00.022
0x0037B7A0	func_0037B7A0	gameplay/game_00.022
0x0037B800	func_0037B800	gameplay/game_00.022
0x0037B990	func_0037B990	gameplay/game_00.022
0x0037B9E0	func_0037B9E0	gameplay/game_00.022
0x0037BA30	func_0037BA30	gameplay/game_00.022
0x0037BB20	func_0037BB20	gameplay/game_00.022
0x0037BB70	func_0037BB70	gameplay/game_00.022
0x0037BC00	func_0037BC00	gameplay/game_00.022
0x0037BC60	func_0037BC60	gameplay/game_00.022
0x0037BCB0	func_0037BCB0	gameplay/game_00.022
0x0037BD40	func_0037BD40	gameplay/game_00.022
0x0037BDF0	func_0037BDF0	gameplay/game_00.022
0x0037BE80	func_0037BE80	gameplay/game_00.022
0x0037BF40	func_0037BF40	gameplay/game_00.022
0x0037BFF0	func_0037BFF0	gameplay/game_00.022
0x0037C090	func_0037C090	gameplay/game_00.022
0x0037C120	func_0037C120	gameplay/game_00.022
0x0037C170	func_0037C170	core
0x0037C1E0	func_0037C1E0	gameplay/game_00.022
0x0037C260	func_0037C260	gameplay/game_00.022
0x0037C570	func_0037C570	gameplay/game_00.022
0x0037C670	func_0037C670	gameplay/game_00.022
0x0037C980	func_0037C980	gameplay/game_00.022
0x0037C9B0	func_0037C9B0	gameplay/game_00.022
0x0037C9E0	func_0037C9E0	gameplay/game_00.022
0x0037CA00	func_0037CA00	gameplay/game_00.022
0x0037CAC0	func_0037CAC0	gameplay/game_00.022
0x0037CB60	func_0037CB60	gameplay/game_00.022
0x0037CBB0	func_0037CBB0	gameplay/game_00.022
0x0037CBC0	func_0037CBC0	gameplay/game_00.022
0x0037CC60	func_0037CC60	gameplay/game_00.022
0x0037CCC0	func_0037CCC0	gameplay/game_00.022
0x0037CCD0	func_0037CCD0	gameplay/game_00.022
0x0037CD70	func_0037CD70	gameplay/game_00.022
0x0037CDD0	func_0037CDD0	gameplay/game_00.022
0x0037CDE0	func_0037CDE0	gameplay/game_00.022
0x0037CE80	func_0037CE80	gameplay/game_00.022
0x0037CEE0	func_0037CEE0	gameplay/game_00.022
0x0037CEF0	func_0037CEF0	gameplay/game_00.022
0x0037CF90	func_0037CF90	gameplay/game_00.022
0x0037CFF0	func_0037CFF0	gameplay/game_00.022
0x0037D160	func_0037D160	gameplay/game_00.015
0x0037D170	func_0037D170	gameplay/game_00.015
0x0037D280	func_0037D280	gameplay/game_00.015
0x0037D2E0	func_0037D2E0	gameplay/game_00.015
0x0037D2F0	func_0037D2F0	gameplay/game_00.015
0x0037D3B0	func_0037D3B0	gameplay/game_00.015
0x0037D410	func_0037D410	gameplay/game_00.015
0x0037D420	func_0037D420	gameplay/game_00.015
0x0037D4E0	func_0037D4E0	gameplay/game_00.015
0x0037D540	func_0037D540	gameplay/game_00.015
0x0037D550	func_0037D550	gameplay/game_00.015
0x0037D590	func_0037D590	gameplay/game_00.015
0x0037D5F0	func_0037D5F0	gameplay/game_00.015
0x0037D600	func_0037D600	gameplay/game_00.015
0x0037D640	func_0037D640	gameplay/game_00.015
0x0037D6A0	func_0037D6A0	gameplay/game_00.015
0x0037D6B0	func_0037D6B0	gameplay/game_00.015
0x0037D6F0	func_0037D6F0	gameplay/game_00.015
0x0037D750	func_0037D750	gameplay/game_00.015
0x0037D760	func_0037D760	gameplay/game_00.015
0x0037D860	func_0037D860	gameplay/game_00.015
0x0037D8C0	func_0037D8C0	gameplay/game_00.015
0x0037D8D0	func_0037D8D0	gameplay/game_00.015
0x0037D9E0	func_0037D9E0	gameplay/game_00.015
0x0037DA40	func_0037DA40	gameplay/game_00.015
0x0037DB50	func_0037DB50	gameplay/game_00.015
0x0037DBB0	func_0037DBB0	gameplay/game_00.015
0x0037DBC0	func_0037DBC0	gameplay/game_00.015
0x0037DCC0	func_0037DCC0	gameplay/game_00.015
0x0037DD20	func_0037DD20	gameplay/game_00.015
0x0037DD30	func_0037DD30	gameplay/game_00.015
0x0037DE40	func_0037DE40	gameplay/game_00.015
0x0037DEA0	func_0037DEA0	gameplay/game_00.015
0x0037DEB0	func_0037DEB0	gameplay/game_00.015
0x0037DFC0	func_0037DFC0	gameplay/game_00.015
0x0037E020	func_0037E020	gameplay/game_00.015
0x0037E310	func_0037E310	gameplay/game_00.015
0x0037E330	func_0037E330	gameplay/game_00.015
0x0037E4A0	func_0037E4A0	gameplay/game_00.015
0x0037E4D0	func_0037E4D0	gameplay/game_00.015
0x0037E5B0	func_0037E5B0	gameplay/game_00.015
0x0037E660	func_0037E660	gameplay/game_00.015
0x0037E6A0	func_0037E6A0	gameplay/game_00.015
0x0037E6F0	func_0037E6F0	gameplay/game_00.015
0x0037E710	func_0037E710	gameplay/game_00.007
0x0037E760	func_0037E760	gameplay/game_00.003
0x0037EA30	func_0037EA30	gameplay/game_00.003
0x0037ED90	func_0037ED90	gameplay/game_00.003
0x0037F220	func_0037F220	gameplay/game_00.003
0x0037F4F0	func_0037F4F0	gameplay/game_00.003
0x0037F550	func_0037F550	gameplay/game_00.003
0x0037F670	func_0037F670	gameplay/game_00.003
0x0037F760	func_0037F760	gameplay/game_00.003
0x0037F7A0	func_0037F7A0	gameplay/game_00.003
0x0037F830	func_0037F830	gameplay/game_00.003
0x0037F880	func_0037F880	gameplay/game_00.003
0x0037F970	func_0037F970	gameplay/game_00.003
0x0037F980	func_0037F980	gameplay/game_00.003
0x0037FA80	func_0037FA80	gameplay/game_00.003
0x0037FAC0	func_0037FAC0	gameplay/game_00.003
0x0037FB40	func_0037FB40	gameplay/game_00.003
0x0037FC40	func_0037FC40	gameplay/game_00.003
0x0037FF00	func_0037FF00	gameplay/game_00.003
0x003804E0	func_003804E0	gameplay/game_00.003
0x00380720	func_00380720	gameplay/game_00.003
0x003808B0	func_003808B0	gameplay/game_00.003
0x003808C0	func_003808C0	gameplay/game_00.003
0x00380900	func_00380900	gameplay/game_00.003
0x00380930	func_00380930	gameplay/game_00.003
0x00380C60	func_00380C60	gameplay/game_00.003
0x00380CA0	func_00380CA0	gameplay/game_00.003
0x00380D30	func_00380D30	gameplay/game_00.003
0x00380D80	func_00380D80	gameplay/game_00.003
0x00380D90	func_00380D90	gameplay/game_00.003
0x00380DB0	func_00380DB0	gameplay/game_00.003
0x00380E10	func_00380E10	gameplay/game_00.003
0x00380E60	func_00380E60	gameplay/game_00.003
0x00380E90	func_00380E90	gameplay/game_00.003
0x00380F00	func_00380F00	gameplay/game_00.003
0x003812B0	func_003812B0	gameplay/game_00.003
0x003812F0	func_003812F0	gameplay/game_00.003
0x003813B0	func_003813B0	gameplay/game_00.003
0x00381940	func_00381940	gameplay/game_00.003
0x003819C0	func_003819C0	gameplay/game_00.003
0x00381BB0	func_00381BB0	gameplay/game_00.003
0x00381CD0	func_00381CD0	gameplay/game_00.003
0x00381CE0	func_00381CE0	gameplay/game_00.003
0x00381E50	func_00381E50	gameplay/game_00.003
0x00381E90	func_00381E90	gameplay/game_00.003
0x00381F00	func_00381F00	gameplay/game_00.003
0x00381F40	func_00381F40	gameplay/game_00.003
0x00381F90	func_00381F90	gameplay/game_00.003
0x00381FD0	func_00381FD0	gameplay/game_00.003
0x003820A0	func_003820A0	gameplay/game_00.003
0x00382840	func_00382840	gameplay/game_00.003
0x00382960	func_00382960	gameplay/game_00.003
0x003829F0	func_003829F0	gameplay/game_00.003
0x00382B50	func_00382B50	gameplay/game_00.003
0x00382C60	func_00382C60	gameplay/game_00.003
0x00382D90	func_00382D90	gameplay/game_00.003
0x00382EB0	func_00382EB0	gameplay/game_00.003
0x00382EC0	func_00382EC0	gameplay/game_00.003
0x00383000	func_00383000	gameplay/game_00.003
0x00383020	func_00383020	gameplay/game_00.003
0x003830D0	func_003830D0	gameplay/game_00.003
0x003830F0	func_003830F0	gameplay/game_00.003
0x00383100	func_00383100	gameplay/game_00.003
0x00383110	func_00383110	gameplay/game_00.003
0x00383220	func_00383220	gameplay/game_00.003
0x003832A0	func_003832A0	gameplay/game_00.003
0x003832C0	func_003832C0	gameplay/game_00.003
0x00383370	func_00383370	gameplay/game_00.003
0x00383390	func_00383390	gameplay/game_00.003
0x003833A0	func_003833A0	gameplay/game_00.003
0x003833C0	func_003833C0	gameplay/game_00.003
0x00383410	func_00383410	gameplay/game_00.003
0x00383470	func_00383470	gameplay/game_00.003
0x003834B0	func_003834B0	gameplay/game_00.003
0x00383500	func_00383500	gameplay/game_00.003
0x00383540	func_00383540	gameplay/game_model.004
0x00383550	func_00383550	gameplay/game_model.004
0x00383650	func_00383650	gameplay/game_model.004
0x003836B0	func_003836B0	gameplay/game_model.004
0x003836C0	func_003836C0	gameplay/game_model.004
0x003837D0	func_003837D0	gameplay/game_model.004
0x00383830	func_00383830	gameplay/game_model.004
0x00383940	func_00383940	gameplay/game_model.004
0x003839A0	func_003839A0	gameplay/game_model.004
0x003839B0	func_003839B0	gameplay/game_model.004
0x00383AB0	func_00383AB0	gameplay/game_model.004
0x00383B10	func_00383B10	gameplay/game_model.004
0x00383B20	func_00383B20	gameplay/game_model.004
0x00383C30	func_00383C30	gameplay/game_model.004
0x00383C90	func_00383C90	gameplay/game_model.004
0x00383CA0	func_00383CA0	gameplay/game_model.004
0x00383DB0	func_00383DB0	gameplay/game_model.004
0x00383E10	func_00383E10	gameplay/game_model.004
0x00383E20	func_00383E20	gameplay/game_model.004
0x00383E60	func_00383E60	gameplay/game_model.004
0x00383EC0	func_00383EC0	gameplay/game_model.004
0x00383ED0	func_00383ED0	gameplay/game_model.004
0x00383FD0	func_00383FD0	gameplay/game_model.004
0x00384030	func_00384030	gameplay/game_model.004
0x00384040	func_00384040	gameplay/game_model.004
0x00384080	func_00384080	gameplay/game_model.004
0x003840E0	func_003840E0	gameplay/game_model.004
0x003840F0	func_003840F0	gameplay/game_model.004
0x00384130	func_00384130	gameplay/game_model.004
0x00384190	func_00384190	gameplay/game_model.004
0x00384420	func_00384420	gameplay/game_00.021
0x00384430	func_00384430	gameplay/game_00.021
0x003844F0	func_003844F0	core
0x00384550	func_00384550	gameplay/game_00.021
